Cluster,OTU_ID,n,Colour,Degree
1,00713acdc5483c168999109394c7cff7,49,#FAFD7CFF,15
2,009d805acce40d8ce328cf5a91166985,129,#9632B8FF,1
2,0369ed25113dc257ea5bed8edc5bfd9d,129,#9632B8FF,28
3,068e8ccdff42b70e8c1a9888e9bb4ec8,2,#D43F3AFF,1
4,095fc9119cf3281ceeaa14bea826fc57,116,#357EBDFF,11
5,096cd2237adc50449f8ebb65ca0ffe19,167,#EEA236FF,28
6,0af462855793e68049baacdcadc4e1b1,175,#339900FF,64
5,0b06ef7f2b187bcf18d057241c1c1abe,167,#EEA236FF,19
6,0b1bfe440f3f65f8fb4fc67df90ae491,175,#339900FF,42
6,0bd2e49490c2c51a5094fef0a3ac86e7,175,#339900FF,32
2,0cc35acf7a544c913594d4cd1f3b02ec,129,#9632B8FF,1
3,0d7e7aa696e485b5e7fcef465dda8a6f,2,#D43F3AFF,1
6,0e80a784681f2dfe7b4eb664685e24bc,175,#339900FF,68
2,0e83728f7ad4609c0503c725c0ca4881,129,#9632B8FF,13
5,0e98bee086019db35e0976a5ef4f92e3,167,#EEA236FF,1
1,0ec617ef9d40af370270cb1f346942b6,49,#FAFD7CFF,1
6,0f2551eb7c43e82c8bd59d9e51a5aadf,175,#339900FF,24
5,0f68bf0d2db1ff942fd51c0843f629e4,167,#EEA236FF,22
7,0f90b77a10e5cae78cfc235d73e3baf4,48,#E762D7FF,2
8,10937812a8cd1af330124b28d002884c,16,#7e7b52,4
5,11b428edc1f71c3a20457f6708550dc8,167,#EEA236FF,11
3,11e53777cea1868be5fa000b92926f6b,3,#D43F3AFF,4
2,12342bc5a8b458024ce32abaebef3521,129,#9632B8FF,26
4,12410564eef73c3c877af2b6ea638ba2,116,#357EBDFF,14
6,1285267786486441d8e8c601f4e07b04,175,#339900FF,4
6,13464f6e80ba89bdf797b9a6508515de,175,#339900FF,17
2,13eea987393ec9079bd9805404f0d4b3,129,#9632B8FF,32
9,13fa1fc87c478ce010d6e6d9fc41681a,12,#FDAF91FF,2
2,140180901dc7e8807e3801a7f0727307,129,#9632B8FF,11
2,1401cfd6a11ecc38fc403120fd9baf85,129,#9632B8FF,35
2,155887d600fc88a24f01cd62da008cb3,129,#9632B8FF,5
4,165d53a3627c5b13dc0e4d43a9585b35,116,#357EBDFF,17
7,18715f11d0134543b6ebc1f1da700b24,48,#E762D7FF,15
6,1914aa84fc7f965e509b4302ae002c3e,175,#339900FF,20
5,1948c923ff6f3d20c3bdea3ca6c4688e,167,#EEA236FF,29
6,196e0b89de042f59673604b7f94cbf16,175,#339900FF,5
5,19941f205d2624df3b2c2ba664231414,167,#EEA236FF,3
6,19be82437bfa547714979a8520de6074,175,#339900FF,9
6,1a17ad23f1338cea01a867faf5b25e4e,175,#339900FF,38
2,1ac4b71c8262bddc28ceba53696c5819,129,#9632B8FF,9
10,1bf86fa9f8390cda767993a8b0e1caa2,77,darkgrey,13
6,1c2db6bdf83c503d1c7a4f2ff92c2e5c,175,#339900FF,15
6,1c6ab43197584732bcccd6b91506d529,175,#339900FF,2
2,1cf354e9fa6ab14d2e27b9aea534f5ba,129,#9632B8FF,2
10,1e614f8afc3f5658f8a367c418dde0f9,77,darkgrey,35
6,1ef72a7827ffc8ca8d5c73eaeffce578,175,#339900FF,15
10,1f344f9b751898ccc2e28e0593d6f2e9,77,darkgrey,51
4,1f93492c6c359b73151f08666c4e4e86,116,#357EBDFF,22
4,2068098ed7b9d97b644e14e220b74382,116,#357EBDFF,20
10,207b6f8fbf03f38c263c6f082be86b1d,77,darkgrey,4
10,20a0d2f150b3312772f5c00e54fd7baf,77,darkgrey,17
5,21139074b970fa51321ca4bdf151bed3,167,#EEA236FF,32
5,21dab4ccd2c7ae6bafd2b1ad5f9ddd36,167,#EEA236FF,23
4,21ddfc89c4ff2cf41bd991c7a8f4831f,116,#357EBDFF,25
6,221d14b7cea8f20d54c1edeb2515fb02,175,#339900FF,2
10,2319c2234a244e106f54e8ae0bcad29e,77,darkgrey,32
6,234e32785256a6771ae89b58316938a1,175,#339900FF,33
1,2554e86a2dc3877a926a3ab0f15ca669,49,#FAFD7CFF,9
6,2569fc58a228d0f281874635cc9955e1,175,#339900FF,26
2,25b1587f9d2ce6a2f046e92cd496599d,129,#9632B8FF,33
7,25d091a165ce791a2a7b9b7e29e7e78f,48,#E762D7FF,19
4,27519dfda8b463271f576f8bc5200f63,116,#357EBDFF,19
8,2799df262ef0beded17a046506cc8158,16,#7e7b52,1
8,27ca2b8f287c3a7e4d864cc870cf67b7,16,#7e7b52,9
5,27edcf20818a2e22b02dda0168e8a82b,167,#EEA236FF,4
5,2803e4740e6b4d1e050cdfb482aacb8d,167,#EEA236FF,1
5,2859d0c4e0f71bcc5074a5cf465bb43f,167,#EEA236FF,27
2,29808558f20a5459a28bf60ddf886cd5,129,#9632B8FF,29
6,2983438e2b03eb1c22c5b4d99292e6cb,175,#339900FF,43
6,29e147348364f25451b2729361ae568f,175,#339900FF,11
6,2a28739b3218cdd4c006bd5c39ceb124,175,#339900FF,23
3,2a816e7529f05239b67efd7efc95981b,2,#D43F3AFF,1
6,2a8e413806955fee51ae29e4bab2178b,175,#339900FF,16
4,2aa34cd477e9ef796f303c1cd51530be,116,#357EBDFF,10
4,2b426003f80a504011fefd302d6311d4,116,#357EBDFF,4
6,2d5a2b14baa0f792837df2826812487b,175,#339900FF,36
6,2dbeb9e3b59e5bfd1c008959d535fd97,175,#339900FF,31
10,2dda0cf7fe5fd5572f238ac760be6590,77,darkgrey,38
5,2de4c4d21f34ef30deccd7956154f589,167,#EEA236FF,16
5,2e36396f2a2cf0a66df12340031af4e9,167,#EEA236FF,20
3,2eaca7bbe24298729fdade842d8d0622,4,#D43F3AFF,4
2,2f22f16d009993c5ce29f782317bcc8c,129,#9632B8FF,3
2,2f6237ba18914a328d59ddd8f4359315,129,#9632B8FF,28
5,2ff0a172c72d96fac751f72b803c6ee7,167,#EEA236FF,43
6,315cb56724619f962cb6258b10d758b3,175,#339900FF,29
5,3168c7ef0ddf6d37854ab7b23a99917f,167,#EEA236FF,18
6,31c730d916cab2592f86c8c4500f721d,175,#339900FF,3
6,31f18280654c3b734dc52067fad44df7,175,#339900FF,26
2,31f1c6b0fc2ac518e94e7cadfe7f28a1,129,#9632B8FF,65
7,32162e789a80e101f7950eadf634dbff,48,#E762D7FF,5
1,327abcd5132ce724a122f9155faa8c8d,49,#FAFD7CFF,13
2,32a1de2e50f861d3faa0a10359894288,129,#9632B8FF,52
6,32b9b048f2290e4d36aed52441a0e026,175,#339900FF,6
5,32c08246a55526f95537f2be771e5adb,167,#EEA236FF,2
6,32e77ba5950596c9a5471f91b13f9381,175,#339900FF,9
5,32fca445b760a61f0140ac465546c643,167,#EEA236FF,6
5,3388b0bace3f8f6031beab177595694d,167,#EEA236FF,1
4,33e4ce0575c7bbfc7623cf2fe3813837,116,#357EBDFF,3
2,33fc6b48715b25ec074e9133cecb4732,129,#9632B8FF,6
4,34f5490e6240a3ae6d72cd5e58c374bc,116,#357EBDFF,1
10,35364f7f167af3e91f88630f05f4303a,77,darkgrey,4
5,35852994aa8ca96d437fd16a7bb05fc3,167,#EEA236FF,7
5,361cf0a87f45786b79081b4eb63a7c6c,167,#EEA236FF,1
7,36ba61a2d7ec768a2d535d7b43c987b1,48,#E762D7FF,7
5,392f23bedb0596d56f855f8637b5f871,167,#EEA236FF,6
7,39451f3bca34f286f3180a138499c492,48,#E762D7FF,2
5,39b5438dd50050fe6484da6719bb7468,167,#EEA236FF,8
4,39f9479aaf160ee2fd7c82e24a28f54a,116,#357EBDFF,2
5,3a15db1c9e3ab24a60e364854be4c8c8,167,#EEA236FF,5
6,3abe56ec715b04d1bb83b046affab9bc,175,#339900FF,4
10,3b9848bcf6e8ea84a7d5ba080be7fefe,77,darkgrey,30
7,3cc16fb5b5c0dcd00987d1366dcc7dcd,48,#E762D7FF,13
2,3d0d96ced1f2cb596c86e245d598baa2,129,#9632B8FF,13
10,3d1bcf41baec18a6feb2ddb21c3c8b98,77,darkgrey,17
4,3dcedf982380729bee4720f49fa1b061,116,#357EBDFF,6
6,3e72b8de860ab796bf7f5dde632be5c9,175,#339900FF,3
4,3e8b85f36906934ea148cd581e2dfca4,116,#357EBDFF,19
6,3eb760e60f9536beecf2260e8065c645,175,#339900FF,6
10,3ebca60786781ddd1b31091f84a86f7d,77,darkgrey,3
5,3f306c3e1c4fcafdebbf916a780bb91e,167,#EEA236FF,13
4,3f75af9bba716b458ed2573d8ed7f5cc,116,#357EBDFF,10
6,3f906c956bfe2947b7244484f733ac7b,175,#339900FF,24
2,3faadceacbe927800e22582fd1d5aac4,129,#9632B8FF,1
5,3fcf054ab7fd6a0c1dee2a1ee796c327,167,#EEA236FF,3
9,40857e3dde164350b9027b7613d1b896,12,#FDAF91FF,1
6,40a53e00613200364f2ba1cfbdae9dba,175,#339900FF,9
7,4165795d94788940d1358211628f9703,48,#E762D7FF,7
1,41f01f3e3cbf6beb908ae1ebb553208e,49,#FAFD7CFF,15
6,42185dbfd5d1d856290d248b0f81f1cf,175,#339900FF,18
4,424683e7ae7754d59d6398b5e301faaf,116,#357EBDFF,2
6,436e8114fce3c50753c6d15d9c57aa20,175,#339900FF,18
2,43b357636f24d8d3ab42e0b4f83a6ea6,129,#9632B8FF,11
5,43edffe8f739b68db42ab702962216db,167,#EEA236FF,2
4,440d6f6b970d2c3ba3764618b969f612,116,#357EBDFF,19
2,44396e4fdf8d35bf123d4a5340b3714e,129,#9632B8FF,45
2,445b6909c9982cd67cbd85ef45ea0065,129,#9632B8FF,17
2,44e9efaebe760c0be710f881f6e66661,129,#9632B8FF,14
5,45ec378d0ab050411282e26d38e6a3a6,167,#EEA236FF,13
2,4619fcd8310e7a45edb201c8e18e8b7c,129,#9632B8FF,5
6,46365653fddb0b6c2993c64d68e37435,175,#339900FF,19
2,46a18c97329e9afefa70b7dd6e8d3930,129,#9632B8FF,32
6,4759505670696cb45a89cd1e66fd27a6,175,#339900FF,11
4,47de4ce9d1d0c8980e9d57e3090334cb,116,#357EBDFF,2
10,4872bb7ff88edde8aaf3ca8f4bb51ae1,77,darkgrey,31
4,48c45e81402b779e627315a9d74a5d6f,116,#357EBDFF,3
6,48cc04c0a82d9879bc70a64f8e1f81d9,175,#339900FF,1
5,48ffcb295861dbb73c356cd26f041a07,167,#EEA236FF,9
5,4a06b1cfaa2fd0c388172d9c57329053,167,#EEA236FF,11
5,4a4ba4f8a476854fafbeb0632400a73f,167,#EEA236FF,5
6,4a6c2470d8e740a73a183c0038c28dae,175,#339900FF,30
1,4af5434d8c3c86c1e85d2455dd13d6e1,49,#FAFD7CFF,15
2,4b0be352a821931e642b7c4a20507fed,129,#9632B8FF,33
4,4b6e307a35228e15a1677630d67fd835,116,#357EBDFF,2
7,4bf0922f1b71f1fbfe243272e71eab0e,48,#E762D7FF,31
6,4c4e8ae3e6a400446b6bc086c49a9334,175,#339900FF,1
2,4cab0df7abb88b31989680d38a6e8df1,129,#9632B8FF,4
6,4cdbaf972408ea3dcf55c640fc4e2240,175,#339900FF,19
5,4ce24d53cfdd905b4cf81c477123b041,167,#EEA236FF,11
10,4e446a437f4b70fae13651fd0593ca2e,77,darkgrey,12
5,4eb60c0a5861109f5366788815a00f2f,167,#EEA236FF,10
2,4ed2f9733c0972cff1540d443ed02187,129,#9632B8FF,3
2,4f2f30b530ae3f2b2f7e7b78d7b86a88,129,#9632B8FF,63
2,4f8257e5a38397d186bc493c97412d42,129,#9632B8FF,52
2,4fd8d7e3b7063c989d0ca49d2c9144bc,129,#9632B8FF,19
4,51617017322e10ee8b86116e2483fb49,116,#357EBDFF,26
6,517e57821fff49cbf0fe3fde07416754,175,#339900FF,39
6,51ac3491288a39cc4e77a8802515f5d6,175,#339900FF,14
6,51b7bdf95f084982e0f034b5542986bd,175,#339900FF,16
4,51c2a7b6bf2d9cc9f88fe749dcff7543,116,#357EBDFF,9
10,527c00e00c2e0a3bd17dd426b323b95f,77,darkgrey,1
10,52941d0608e7deac737a1153fc1a5698,77,darkgrey,25
6,52d97df581b6fda1aa8bba96d437ff36,175,#339900FF,39
7,531abeb510e182dfee85e6579c0ab60b,48,#E762D7FF,13
8,53b2724c4882a50b4bdf9715c4f4af65,16,#7e7b52,2
2,53b5e72c1f75d323de76ae2bfdb00f14,129,#9632B8FF,11
4,54bbf2f2e3e59adce996cec3482d68e8,116,#357EBDFF,11
2,54ed1411648fa7f732ddab54ad6f8b39,129,#9632B8FF,12
10,55a63a1a34d11a0c44a55bf9a7e9beda,77,darkgrey,2
6,5623a932ace577bbcad9b0f70414ad2a,175,#339900FF,55
6,57b3beebda7862a64be26dc80e2863c2,175,#339900FF,12
5,57e7e4626bc54b9d79bff8787db99332,167,#EEA236FF,10
4,582278f9172d2bea9566585efc0efaac,116,#357EBDFF,17
6,588253f8c914de60cbb9577946854a39,175,#339900FF,55
2,5891c15315042c01b034fe98a5ed3f16,129,#9632B8FF,39
1,59c46f3998718cbfba2f809f1322ec93,49,#FAFD7CFF,15
1,5a038bf076f4eccf24e57b1b8579f566,49,#FAFD7CFF,16
5,5a3d526951b3ae886ae67bc6dd2fa71c,167,#EEA236FF,5
1,5a9d00cee98596c1c9abaed5b0df2600,49,#FAFD7CFF,9
4,5b2a8155d37d63b6ca747afa659bda38,116,#357EBDFF,3
10,5b368ac79a55817d531c36e645757709,77,darkgrey,13
2,5b4613f1e15307ee30e96e020adfbaf5,129,#9632B8FF,55
6,5b90f5ad96fee60584ae482aa005d594,175,#339900FF,49
2,5cb1250cec910e6819b838249878d53a,129,#9632B8FF,32
3,5cd2d17b001d141a0dab83c22f2cc7df,2,#D43F3AFF,1
2,5cf311d6cacfe9f554a0d5c199140d71,129,#9632B8FF,46
4,5d42171dacdf7ccad34d01bc99cbbf9d,116,#357EBDFF,16
9,5d470ea78b989aafe340256bae723040,12,#FDAF91FF,5
2,5e122399cb29970cea2eacd226696f87,129,#9632B8FF,1
4,5e48e431abad10c87b94f9887a00d7a8,116,#357EBDFF,7
6,5e4ba03402a627f3f60b77b68fdef427,175,#339900FF,27
5,5e81264cb670888e93cb8132d0d03950,167,#EEA236FF,25
5,5e9f9ddcfab6534cc71b2ef1b15848e7,167,#EEA236FF,14
5,5eb24d0a61730c46503ffd5f2eca440b,167,#EEA236FF,19
6,5f65d87ad5d03ee9410c2cde5f4e47f5,175,#339900FF,36
7,5ff0c8de3284360ad3c5cfa24af2baad,48,#E762D7FF,27
6,6093b0503f624020649b2b37ad340eb8,175,#339900FF,25
4,60d6fafb4509df123387a2f236fbc92c,116,#357EBDFF,1
5,60ef79c7598b4bb8bfac608371581367,167,#EEA236FF,27
1,61880d9ae6e536bd1b5b8acc604df4c8,49,#FAFD7CFF,4
10,625acc495ca69b192d6d3a22940ab977,77,darkgrey,31
10,625cabfbd66e4f32de52ec86cb441744,77,darkgrey,22
4,62a805cf84e274c58c07915cd187628a,116,#357EBDFF,13
3,62cc458b4fba194871df71f518e83ad3,4,#D43F3AFF,1
5,62cf33c3e9519defb0d3e75f62185d78,167,#EEA236FF,5
5,638b5e6d612ba5a4c7f3ddc316cda5b6,167,#EEA236FF,9
4,642d801ca17b69addad4af3bcfca7a94,116,#357EBDFF,6
2,649aa5559b76ef7cc9ff78f305d1a3f5,129,#9632B8FF,43
6,6535f44f34ab933cad7265fa384ce933,175,#339900FF,25
6,654dc88cca10f108ccd52768bb724d04,175,#339900FF,39
2,65818426c1a9431240a966684bb0f3df,129,#9632B8FF,12
6,659ed5c028a49ac18495504f2073e0bb,175,#339900FF,21
6,66c67200caef340a91624d5cb43c7ede,175,#339900FF,15
10,674a9b8432259aefbeca8114c9720f79,77,darkgrey,5
6,6807aad6a5f8c2cd467c5a5058c53520,175,#339900FF,1
6,688550e839137d4b55c6e4e7a98c82dc,175,#339900FF,25
5,688958852d47c0654c2409ee986a49e9,167,#EEA236FF,18
1,69bfc840c6207d6670e7aa72b240c3fe,49,#FAFD7CFF,8
1,69eba855e45cc168dfbaf5319c8131f2,49,#FAFD7CFF,13
10,6a4ef2696ec550b3c80eb625de83e767,77,darkgrey,3
5,6b1c5ad4e40d681d219b5a88ff439beb,167,#EEA236FF,11
6,6b3587294aee13cd62683e92adc09320,175,#339900FF,2
4,6bada9b93743446a47e94a75b699b154,116,#357EBDFF,15
10,6bb49c2f7f9d618b991d84e8882e9343,77,darkgrey,9
7,6c96a1695f90c8c98ef17b98af81c5b3,48,#E762D7FF,16
10,6ca963519d73907b4309d55554ffd58c,77,darkgrey,31
4,6d4e5d09bb5160628961a40061bb9b89,116,#357EBDFF,22
4,6d5a779e41576022cfe66bcd9dcb5adc,116,#357EBDFF,8
6,6de43f94401c774e62c915f5194478f2,175,#339900FF,1
10,6e0abb8f40bb59ddb54555f67b6aadb4,77,darkgrey,26
5,6e5deab2d25a3e7b7e8850bd63f48624,167,#EEA236FF,3
9,712b7d74f33c87926c9666c56a875913,12,#FDAF91FF,1
5,71440c075d1a9f1d2e225a7d40426cc1,167,#EEA236FF,40
2,71f3d3a20bb3b57532615d15c7ea0f50,129,#9632B8FF,45
5,72a81b7b3804f17689aa27929aa6e0a4,167,#EEA236FF,8
4,72ffea71c1a6ff93099ae92e25d7905c,116,#357EBDFF,1
6,7351aa84c90def9240e56aee9f5d6623,175,#339900FF,28
8,73748067baf6a8d8dfd693497d93c01f,16,#7e7b52,3
5,7377220f8ddccd310dee922eb769cfbd,167,#EEA236FF,8
5,74832011071f6275a275e3324595b716,167,#EEA236FF,13
2,75aa322ae960f3da266d0cec494d402a,129,#9632B8FF,27
4,75d8cb1dde14ff14e06a830abdd247e2,116,#357EBDFF,1
10,767d69d9c32031e19182ecf71362378f,77,darkgrey,11
1,76ae1cf252c043e4e446310b2287b209,49,#FAFD7CFF,16
5,76dfe03cf1770d4ae5c703515096f2e9,167,#EEA236FF,31
10,772007c8b80a45f314acbe4e806f37a2,77,darkgrey,4
5,774002d93bc8b2b101753adc59dbd6a3,167,#EEA236FF,16
6,776f04c99effa9b3ffa4455e5ac7a646,175,#339900FF,32
5,77aa620f8e728be05d7d03d853f88967,167,#EEA236FF,11
1,77ad962abeadf0133594754f4c7ce61a,49,#FAFD7CFF,17
2,77d24901cbeffd3474c4fe3bb52d7d7d,129,#9632B8FF,1
6,78108768d4b5d93061284280e2dae3eb,175,#339900FF,25
4,78a0098fcc85c427a91ef77342220436,116,#357EBDFF,3
4,78b5dc854d78b6a44a15f17fff523269,116,#357EBDFF,6
6,79034543545874704961c1c87f21c127,175,#339900FF,10
6,7990db6b9bdefc7890e834e16d5b9b42,175,#339900FF,24
6,79e3ac10a2d72159ce7374eda836582d,175,#339900FF,27
8,7a1011dfbc8b253cb0032a00e74454e9,16,#7e7b52,4
5,7a1744364c77357118f18f188410a6a0,167,#EEA236FF,6
4,7a2078194d59b9c944a83918923ecdf9,116,#357EBDFF,1
7,7a2aee24054fc5614d127025c3903048,48,#E762D7FF,27
5,7ad0875409ba5a4ab47602b358817d72,167,#EEA236FF,1
4,7b731c782416a790f6d0b1b86d46aa5f,116,#357EBDFF,16
2,7b74bf428931286ad601ed529a7c19ae,129,#9632B8FF,4
9,7bade76c2aa6bf9499b1ea8cf3df1bfd,12,#FDAF91FF,3
6,7c49cc94b800e0e63489184774ddc57c,175,#339900FF,5
5,7ce3c32a755a6b4757714accc21540a3,167,#EEA236FF,7
7,7d13dad4cb9c4076e81815e263c1e9bf,48,#E762D7FF,4
10,7d252938dc9274396c45a06fbe7121a4,77,darkgrey,6
5,7d75ea9a3330ae785d6ab7f21342e9e5,167,#EEA236FF,8
5,7e827fb5b75b230c4e2a620de3977cd7,167,#EEA236FF,20
4,7f0f996f4c72a45c542d3df0874ad705,116,#357EBDFF,2
7,7f7463b43f54eeca33612b025968e340,48,#E762D7FF,2
6,7ff30d90bb5fb992f3c68ad1f89d5434,175,#339900FF,4
2,8007c707a1b98cd80542b93ca122db22,129,#9632B8FF,5
7,807c6e482d942279c05ace550abbd050,48,#E762D7FF,2
7,812214fd48e2ebc3c188f54f83af2ee8,48,#E762D7FF,3
2,816e245ca59f836cba504377a90b8e0d,129,#9632B8FF,6
10,817a7bb93b59d96e999a5559f923f307,77,darkgrey,1
5,81f53d092132d8f2faeaf7f8fe6d2400,167,#EEA236FF,4
5,838578e62435ad0daca804b83cc5037f,167,#EEA236FF,22
6,83d210e2b37fd46ab9d0de8896b6d263,175,#339900FF,3
5,83f82bf039380fb758e187e53b216c52,167,#EEA236FF,3
2,84116e0fbfc1cc20a9945f057e7e2e0b,129,#9632B8FF,59
6,846848096fc1dc8d94f01139512f4baa,175,#339900FF,6
6,84905da6611fed3462a8ccb017ad4618,175,#339900FF,1
6,84a23c58636e70158a8023a00735e0d4,175,#339900FF,13
1,84bb14b7d5789e44db2a42378b63d6f8,49,#FAFD7CFF,9
5,84bebb8ac46504f55e1b5f252a5598e1,167,#EEA236FF,9
2,84ce402bbecd33b12a0d464ecd799c90,129,#9632B8FF,15
10,8519b76f278b77ece6ae62a370e156c4,77,darkgrey,3
3,855d4af95a93bb619d125d76b2f6bb87,2,#D43F3AFF,1
8,86cd70d2450e3f44f4a7c543f53008ee,16,#7e7b52,16
6,874571387828381eef4e3630697c1805,175,#339900FF,3
2,8852e538212c224726292171f3bd4859,129,#9632B8FF,64
5,888f2b762f1ecc860945aa56c9ef9d1a,167,#EEA236FF,3
5,88fbdc2700d41cb1a981a78cae02d378,167,#EEA236FF,28
2,891a94802c16b5af10ca85253da037c7,129,#9632B8FF,25
5,89ddf6b0eeaefdace4a24b99ce158ccb,167,#EEA236FF,13
5,8a37ba534383dc2241cce72457f1145e,167,#EEA236FF,5
5,8a4dd24f793ef5640fe3d3c527f8f08e,167,#EEA236FF,6
9,8a4e2880120f77f8278204558414a14a,12,#FDAF91FF,2
2,8a79658cc3d0b1da5dc3381db590e744,129,#9632B8FF,16
4,8c14284152260668849dd8b0f955f95a,116,#357EBDFF,42
2,8c503b9a08b45abca26fb4a1f42d06ee,129,#9632B8FF,28
6,8c7146307628fdf05429ceed76135848,175,#339900FF,17
6,8caf011ca3807d8125032732918a3785,175,#339900FF,33
6,8d1099aaadb680d2bf61e20bc3d5e9a8,175,#339900FF,8
2,8d13a21c6fa4455824b63ed8431a8141,129,#9632B8FF,50
4,8d2293cedcbd19f9e4028a1593fb88cc,116,#357EBDFF,13
5,8d50bdf0a04248310389f6654a8c7407,167,#EEA236FF,8
3,8e2c45f1a8ddec1cd0fa8e727d722ecb,3,#D43F3AFF,2
5,8e7a08af3018107572563eccdad4db45,167,#EEA236FF,18
5,8e844bfdef6d6c162c70bf887ee10022,167,#EEA236FF,3
2,8ea3ec2dc256cb1367ca65c4f93152a9,129,#9632B8FF,31
2,8f2a9ee4af880c70fa4c1639ab060eb2,129,#9632B8FF,1
2,8f9b48e8735052497a39c46c84bab598,129,#9632B8FF,1
10,90200234735fc1318334b124e714275f,77,darkgrey,4
5,9085827b66d4bbbdf872a8b1d23d1740,167,#EEA236FF,7
4,9086da5fc22ec56c760986dc2d982422,116,#357EBDFF,4
2,90de3e4fb75afdaf2ddea7a7b556c9a3,129,#9632B8FF,4
6,90fc078f6a1cc917e3529d765270b60d,175,#339900FF,3
4,90fe265b56e41f38fa28a8dbbbfa12f7,116,#357EBDFF,18
2,912dc151e3ecdf57069e8103e82ca984,129,#9632B8FF,10
5,9135aad5cc6b65a19711a6b48e3ce800,167,#EEA236FF,24
6,9148d1bf182bc0b5c9957fbe1c65e8b2,175,#339900FF,20
7,918a4f744b7ff4b40b33e4a714fe6e2b,48,#E762D7FF,6
6,91d58b4be1593f52ba77ec31806b5107,175,#339900FF,6
2,91dc4689e28a475d539081a8738997de,129,#9632B8FF,16
5,929cd56de39181104b1c59b7e4ba94e4,167,#EEA236FF,1
4,933fcaa35a98b531df3749caef2caa9d,116,#357EBDFF,2
4,93e1e250e143576d995c80e4fbf7358a,116,#357EBDFF,1
2,93f178a72eea5198a7d679b5c07cfd6a,129,#9632B8FF,3
10,93f7d49d27620750d03d49cdf152c61b,77,darkgrey,1
6,947eca43db88bfe1e67c4fb06e4d15a4,175,#339900FF,18
6,94a99e69c6f5040f1f7f0b3a69617972,175,#339900FF,8
3,94b95778661c80deff6669067b14b69f,3,#D43F3AFF,1
2,9502e725b87e0e9c2ee58b624b7f6dd1,129,#9632B8FF,45
2,956f8b6b82a2f229a3aa59d2a1401503,129,#9632B8FF,17
4,95b69504e48f4fbc3d481920851f50d6,116,#357EBDFF,11
6,95c3a36bda79b718ce8c37302080231c,175,#339900FF,2
5,96b79955a2e39659dd7cd5811c5aaa53,167,#EEA236FF,10
2,96fdeab2b972266bc2657f46c218c4eb,129,#9632B8FF,39
10,9700db7bd25a76da718c1f8eb2ccf030,77,darkgrey,9
4,973bbd0c55a6ca9bd2bdaf9f844332b9,116,#357EBDFF,1
2,98a41f8c8b7a74929b34362e498451c2,129,#9632B8FF,54
5,9982f1c35d7c8e4d0f64b966957a2a2b,167,#EEA236FF,28
5,9a6ba1f7104b04c20416cce3e69a7c38,167,#EEA236FF,1
6,9adcffca436947acdcb3c186b0dee0bb,175,#339900FF,57
1,9b6a7459b2c92cee0abfc36d503488b7,49,#FAFD7CFF,10
4,9b6bc114ff1919d7368bad73b25c695e,116,#357EBDFF,6
6,9ba0ef553b307f3ae5e25a0fafb48342,175,#339900FF,14
6,9bbdb9accefe3cf4f38fa0a237f15d43,175,#339900FF,10
4,9bf2f86e5401c2beb1f9b42014c08a42,116,#357EBDFF,14
7,9c042084a6af4050ce9a305624dcd34f,48,#E762D7FF,20
5,9c79acdf427322a7900365a04321b23d,167,#EEA236FF,9
4,9cba04c3054aeda77098f8abbe8cf426,116,#357EBDFF,21
5,9d51f057efcd6b273c11386faf8f1688,167,#EEA236FF,2
2,9d9ef244dea95c2350f483ca7a6575ab,129,#9632B8FF,2
5,9dbb89c8c5f2367b3a1b7f0fa5033786,167,#EEA236FF,1
5,9ded8c371c310dacc99f1babd6651fc3,167,#EEA236FF,11
10,9e17bf5dabf6bb71c9a1d60be770e663,77,darkgrey,32
6,9e180ba738f7d671c351ac91ac620cdd,175,#339900FF,15
4,9e786b1cbaa09a1fcc973e0ca29eebaa,116,#357EBDFF,4
2,9ebabb50cd524f1148965f3290c03686,129,#9632B8FF,31
5,9fca35df2dcb2b4dca5954388f059443,167,#EEA236FF,6
2,9fd7b7764bc46856a688a5b5840231d9,129,#9632B8FF,2
6,9fe8ee1a577549902e19064b96d7c269,175,#339900FF,8
9,a0f129020cc878d262d66f0811f1ba5c,12,#FDAF91FF,6
1,a0f65691fe0f63902306b39a88d3faa2,49,#FAFD7CFF,15
5,a1cf0439a5f46446ec63b95151c1919e,167,#EEA236FF,7
6,a1d1e77ef4ab802ce91eb1e373fc4688,175,#339900FF,11
10,a22f960f7a51b4fac0b777eeff3231a4,77,darkgrey,15
7,a2b73c414910bf63bc8b9b0694dbab7d,48,#E762D7FF,12
10,a2c45679733004eb45e94334e3d5094f,77,darkgrey,32
2,a2c9f0a0d5c8619648f227239058eaef,129,#9632B8FF,4
1,a2cbb8b0ab8b61d19c07fe8efcf32550,49,#FAFD7CFF,14
2,a31465b4de932854f00f3d97f5adb362,129,#9632B8FF,38
5,a347e1e5f5a5a867107c0710798bcdeb,167,#EEA236FF,3
5,a384331d1e534e18519f6da2c747ce84,167,#EEA236FF,1
7,a424f113579829c91a702ee30770b63a,48,#E762D7FF,9
5,a46a1728999fea7710db8781b33c6805,167,#EEA236FF,10
9,a46e9ed898f722b774f8fefd313da008,12,#FDAF91FF,4
4,a4c09d4de3a22ad1e1c34c00b539a718,116,#357EBDFF,24
4,a4d191ef4aecdc79f83881c90a1eb398,116,#357EBDFF,12
7,a594a2db0ceea408a3931a4465c05420,48,#E762D7FF,2
5,a5a93fe2ab109161b90a68af947ea3a9,167,#EEA236FF,4
1,a5fc3a36aa370971626c2ee6bfe5fef9,49,#FAFD7CFF,10
1,a6297e9fb265beb1594cd3c09aded0cc,49,#FAFD7CFF,3
6,a6590f1533a528f75f7ecead9481ee1f,175,#339900FF,2
5,a660c97a4cbbe2a2c7538822509e2b1f,167,#EEA236FF,10
1,a660e90120948f3482fa4fd775e3f998,49,#FAFD7CFF,6
9,a6b58eacad02d7825d77aead64d65324,12,#FDAF91FF,10
5,a6ddd1185614438400e97a211d168ab1,167,#EEA236FF,25
5,a6e89b52a0fbaaeb88a2023c8c34dc3b,167,#EEA236FF,8
6,a71901a538b45ed2b3a17498160963a4,175,#339900FF,38
10,a72f1edf42557de5b6b6571657c56164,77,darkgrey,16
2,a75c196c5e0767918486d5cbf35d8621,129,#9632B8FF,9
5,a79b968d84a6f591a69ab430ed3e94f9,167,#EEA236FF,6
4,a7b992a5b6ea32d86bd33a959e28521a,116,#357EBDFF,3
6,a84e0825c42f92fd20f2e7fd2630ce59,175,#339900FF,7
4,a8910605d89c2fed06d7f463b2246695,116,#357EBDFF,6
1,a8bd3dcbf75679761856da5a6c74e78f,49,#FAFD7CFF,4
6,a91d00ff54a57a7e0b4f1e19e86c72ef,175,#339900FF,1
6,a940d94d45a4fc023286a13dff7de50d,175,#339900FF,19
8,a941f89c855deef3ab38875b9972198f,16,#7e7b52,2
5,a96621e82278e88942c9ded1f1605e1a,167,#EEA236FF,2
5,a9719f38ce675bbd683fd28eba22b273,167,#EEA236FF,8
3,a989a8760b87ca2b81366aec9f113a01,4,#D43F3AFF,1
4,a99bfc6d1ed34224e40a36ddd3c59390,116,#357EBDFF,7
7,aa326dcf37d7990e9282e82907142108,48,#E762D7FF,27
5,aa4d330af8d6e2a9242c94b543a798d7,167,#EEA236FF,3
6,aa7ca5c8bb9856bf303c966dead80edc,175,#339900FF,48
2,ab3564244dacf3baabdab240216c12d4,129,#9632B8FF,3
5,ab3d54ae592ec62af7b8a05a0785075b,167,#EEA236FF,4
4,ab400409c7c923740bb8756469f3fa98,116,#357EBDFF,11
2,ab8713aab2e3548dfad39f6e82f9ed4d,129,#9632B8FF,22
7,abd2b3324230eb6b11ddf0a9e49df570,48,#E762D7FF,6
10,ac0385f8d148003f60e63cede9f77225,77,darkgrey,5
7,ac164649e33237f799c1ffee4f344d5d,48,#E762D7FF,5
6,ac46f504d0db9890317436f80e414f03,175,#339900FF,2
7,ac65a7ba709132b64c7e61fe914d0d07,48,#E762D7FF,18
6,ac863ad4e273dee1ee0b05753557f42d,175,#339900FF,24
6,ac9f56eb5dbfc3dc6b168fc73fc6c34c,175,#339900FF,39
5,ad7147f3afd130c601c3de91ff59844f,167,#EEA236FF,4
2,ad7a812323880fdbfb5bb08777efac8e,129,#9632B8FF,53
4,ad99cad2ada49d3a70e7dddb7559830d,116,#357EBDFF,4
4,ada10e8f1e4c22fc52a015723aa50c2b,116,#357EBDFF,16
8,add0f1cfa7d8d68b35dec3a4317f2685,16,#7e7b52,3
6,ade27f025087f55a051c2106fb24b811,175,#339900FF,1
4,adf1b9483106f8b06cc2d6073174d28b,116,#357EBDFF,2
6,ae73b77f8bde15b64fcd13a24d70f3bd,175,#339900FF,7
6,af221dfa5b6c65292b9eaacdbeae6b0e,175,#339900FF,28
1,af3ad5293c445ffbfc757ad1c9de296b,49,#FAFD7CFF,16
6,af4ec853b8f3af897984b19fd4b71d91,175,#339900FF,9
6,afb7d45c7ac635614787ce82d123cffe,175,#339900FF,8
10,b04e593b1de829250215bfd016de4d48,77,darkgrey,13
6,b058e3bd5a591636bf48d102424f2055,175,#339900FF,21
10,b0a780fb63823ffa9fedfeb9b429e58d,77,darkgrey,13
4,b1918240ff0a498e4063e5d739183dfe,116,#357EBDFF,25
5,b231b0e4912cda5d5cc81a8c39168778,167,#EEA236FF,10
6,b32230f64a8ab7615b0f2f0bb5a532fe,175,#339900FF,80
10,b3380379ad3d80841e69c26a0661b1f4,77,darkgrey,28
6,b3c9d8ff3e6ef50371ccfe427c5be68c,175,#339900FF,20
2,b3f4e3e3cfa7e6606972cb72553b3db8,129,#9632B8FF,11
6,b403bfff02167e881fa702eb167be0ee,175,#339900FF,43
6,b43028c70c0f374f5c18bb2e6d3c7287,175,#339900FF,36
10,b43735d304f50db92016678b0227f52f,77,darkgrey,24
2,b4b92d74af1964e7d5de05c7040b0b5a,129,#9632B8FF,24
1,b4f2b6eaa30d6bd075aabf3018752ea6,49,#FAFD7CFF,12
7,b50ca2360275a79aa6f452092280b6bf,48,#E762D7FF,13
10,b53594c17093cd4c62109028ee7e078a,77,darkgrey,5
4,b59b05df20f1c7e1eea316b50ff4bb6b,116,#357EBDFF,20
1,b64cf0e9dea8cef6b9500b364c179b98,49,#FAFD7CFF,3
5,b65a5a2999e87a8cdcd000c4e8d1b2c7,167,#EEA236FF,4
4,b6712b0f2c53fd26c0db7ca322ba33bf,116,#357EBDFF,23
6,b687f78006c3bc2fcba9e35760141edd,175,#339900FF,17
5,b73ca1373ab06d614822688d515f8812,167,#EEA236FF,13
2,b7b69e96e16ef4714d506a92130f1e8e,129,#9632B8FF,38
4,b80e478cc9b57a4c2bdeb8696521d8d6,116,#357EBDFF,11
1,b844e4d76b6b5af76b9d709ff4620151,49,#FAFD7CFF,2
4,b85a5022ebff16a18b5a13edb232eb80,116,#357EBDFF,4
5,b8695fb99811d3071d283481c7517b49,167,#EEA236FF,1
3,b89713746d818c6d3804ec666b84530a,4,#D43F3AFF,2
4,b8ac8be8cfdb8c0a436202842880d631,116,#357EBDFF,3
4,b8c9df412488ad9320c2169e5b23a0e2,116,#357EBDFF,2
6,b8f3b83dcde2248285c759fffa652e95,175,#339900FF,25
10,b906df2025de1fb5dbf3cb804458fe1b,77,darkgrey,8
5,b96e92b3c12825a919bad2a9a7bf8d36,167,#EEA236FF,2
7,ba10bcab6998359330ae6f0776115ccb,48,#E762D7FF,12
4,ba8712d82e77652a0af89d5dee22ad96,116,#357EBDFF,9
10,bb032ac26ae0eb88aaca774064aea9aa,77,darkgrey,9
5,bb747f1c68faf1d195ff8dc6d9d66698,167,#EEA236FF,24
6,bbb42dea9e3dd117eeb07d7eb1770031,175,#339900FF,59
6,bc3feec3617fc35b268e91a29142f8c9,175,#339900FF,56
5,bc7206327e68c99105cf64c558e9bd99,167,#EEA236FF,1
6,bcdb61c897d859cb4a79a74f2bb09683,175,#339900FF,43
6,bd1bf8fe1e8a38f009e2fd61c55776d6,175,#339900FF,7
6,bd5a3672765ba5db404dcc362bdde218,175,#339900FF,34
5,bd7508359251c493e9fc33e00a30aee0,167,#EEA236FF,6
4,bdeb83591c11aef772f735b1a1f04494,116,#357EBDFF,2
6,bdf18e8980906003f3978e5ee578c9ea,175,#339900FF,78
6,be1086ef3d83aea682ee3606b6692263,175,#339900FF,22
1,be68cca493bb35ba5660a147adadc369,49,#FAFD7CFF,6
4,beb80782511f563d282863675357d306,116,#357EBDFF,5
10,beb8cb17f8152e488b6bc95bfcdb484f,77,darkgrey,40
2,bf0e44c5ba84a5e9c1666fb5a09766ea,129,#9632B8FF,25
2,bfbe7005884f10fdbe826aebf38c184e,129,#9632B8FF,17
6,c03234e6e2d8ab7515ca26b31ef7e475,175,#339900FF,21
4,c04b599ac5b3cb36c846d64b82512196,116,#357EBDFF,4
6,c06f0bf3c1e8ae5fcbfc0882bb5a41c4,175,#339900FF,36
6,c083d70bfb8ed45cc4a1cc02120ac27c,175,#339900FF,17
4,c1015933ca82a043af984b1543c614f6,116,#357EBDFF,2
5,c10874639ea8a315cac12a3e01b31b5a,167,#EEA236FF,16
4,c16832d95923874b7ea6f23264e1a22f,116,#357EBDFF,14
4,c1fd45f4f578cef143e5e338e490bb73,116,#357EBDFF,13
10,c225b58f8c2a7b8aa8a9963c93f4b8ab,77,darkgrey,7
5,c26eabaa37aa928f256d3154f7605566,167,#EEA236FF,2
10,c37f122c658a2a896dfd6784cda7b7bf,77,darkgrey,2
6,c3e3af816b90df02a0cc14d91a7fee61,175,#339900FF,1
1,c41af7c569ee07f93b7e4d51a5965dc8,49,#FAFD7CFF,7
2,c47c474b771cc6cf606c1caf0facbba3,129,#9632B8FF,58
6,c497da3b39f30aceede6bec3b03cd100,175,#339900FF,83
3,c4f51bf0c51a9f585117a3257da17aa2,2,#D43F3AFF,1
6,c501af851bdc4bc1d06787c106f961d4,175,#339900FF,5
6,c52b67e4905220053b1ebf7c86d33971,175,#339900FF,2
10,c561f9cf405b13973cafe17ef4f41438,77,darkgrey,3
4,c5e37ef41dfab8fe98ae5ff5bf7b0165,116,#357EBDFF,1
5,c5f57a20c4858f35f19eb54bee578c0d,167,#EEA236FF,34
2,c63451c82539feaba83284b63c632626,129,#9632B8FF,40
4,c6abffdf888c42cc888bac5471527071,116,#357EBDFF,15
2,c73ba05290db62af6cd8e45c8656cd43,129,#9632B8FF,45
1,c7ed77d8a2e6ca4a6dcedd3a40eeda68,49,#FAFD7CFF,3
5,c81a584374c758ddb8f981f384249fbb,167,#EEA236FF,13
1,c880edbfb6c7b8098aabe0d333442472,49,#FAFD7CFF,7
10,c8ae30694628d88926c743be0dfb0943,77,darkgrey,4
4,c8df8125198585b1cc1cbaa7ccea58a4,116,#357EBDFF,5
4,c92f87f05d3601ccf0c7cc17245f9cbc,116,#357EBDFF,1
2,ca3b031071350eca44100709543693de,129,#9632B8FF,29
4,cac25ad0a8527e51168e76379563c5a4,116,#357EBDFF,3
7,cadbf568b42b37536e036cde3ff0b748,48,#E762D7FF,9
6,cb1f7f367e2f9227fdac0a609a84056d,175,#339900FF,8
4,cb5d062518b7e8b59803deaf4397bd94,116,#357EBDFF,8
2,cb7e8326d407dc39d17f839bf38d69e4,129,#9632B8FF,20
5,ce0cbc9a27428cd6c5bc53fd4550f256,167,#EEA236FF,7
6,cf2360beb67a6abc58f468d2106d2aa0,175,#339900FF,57
5,cf66b602e7a6bb15572bc373bf1e813c,167,#EEA236FF,9
5,cfaf68d352c230e98ddf5726c54903f0,167,#EEA236FF,31
2,cfcfdd1f71459bf5622aaffc79b29df9,129,#9632B8FF,1
2,d089e76cb77366eba904ed413876e849,129,#9632B8FF,73
6,d0b5c17f487e0343cd177bd491e25c41,175,#339900FF,64
10,d0ec7f2a454ed03efee8ed04dd78614b,77,darkgrey,22
2,d127dfa83b0fea8ef26ffb3c253a03be,129,#9632B8FF,70
1,d16302bbd739ffc628c49803b25c8f6e,49,#FAFD7CFF,5
1,d22fcbf1a8dbe9b24e212045b23bc8ea,49,#FAFD7CFF,4
6,d24b2d62ecbe6c6d7c00e200b515fc8c,175,#339900FF,6
5,d2b7230ea4536b4670c7a2e2b7f7ce3b,167,#EEA236FF,21
6,d3f904c89fe4ebb73b13e028a5574924,175,#339900FF,41
2,d4308a283a943b3626f43784eb441fa2,129,#9632B8FF,2
6,d4462eafbb5cc00e021332fe35dec0ff,175,#339900FF,3
1,d477e3a20702f4bfb80861f98ae2a60b,49,#FAFD7CFF,15
5,d559725dfd08c28ad6bce246755da590,167,#EEA236FF,23
2,d559ccce80c42db302448c2e2bc681bc,129,#9632B8FF,24
5,d58ecfce2328aa3f2faa2fe6ce9f8177,167,#EEA236FF,6
6,d5c7ef3f21279707b9836dfe508d0c50,175,#339900FF,57
7,d5f0c67bd501f5168464ff3342bd3f2f,48,#E762D7FF,13
2,d612992f1570e4a7ab959faeb4feeac4,129,#9632B8FF,26
3,d64d76fee6fdf2437f3b6a8e4cbda626,2,#D43F3AFF,1
7,d6c3f02068606a2f4e6c96ae681fde77,48,#E762D7FF,13
10,d782c14064048e32bac292d4bfa9516d,77,darkgrey,40
10,d8140154da6190e7a9567736e9d79e9c,77,darkgrey,9
10,d892225d416152f1ca9c4c5a9aaa3be8,77,darkgrey,16
5,d8c1f363e02a41142c59ddfdef7232c8,167,#EEA236FF,6
10,d8cd306348b2b0395fbeb54d6440ccef,77,darkgrey,26
8,d92a0884bfe4269af1f67b778b5f1c9d,16,#7e7b52,11
9,d9420bd5bfdd58d4a63a85711c5c13e9,12,#FDAF91FF,4
6,d99ea2afa59b049f463d9626672f889a,175,#339900FF,14
4,da17db2491e58cb05784aaba051934f2,116,#357EBDFF,6
3,da500ac57012d95dd06c435f2c67e6a7,4,#D43F3AFF,2
2,db041f412bf371637722e94767101d1b,129,#9632B8FF,35
6,db0e38d061ca6141c8e75420de8e97e3,175,#339900FF,17
8,db633a18ae6457b0d7cb5b601fcb7496,16,#7e7b52,8
5,dc3a7f8ee2feb744e3bfe04394d88821,167,#EEA236FF,10
6,dc7bb9a1b24eb37d57daac63d8a485ce,175,#339900FF,2
5,dc85301c513581c42b18b7145fbf0616,167,#EEA236FF,11
5,dd12175fcf66f1e73855d41426d2038b,167,#EEA236FF,4
8,ddeb7a85942593ec57e0cd5f3e06701e,16,#7e7b52,2
1,de0ac4af74cc06c6106d40edb5e85b4f,49,#FAFD7CFF,8
2,de2f2887bfcea7e32e566841a3b21929,129,#9632B8FF,34
4,df64bbee28db59e9ba317f90f0b4d8e4,116,#357EBDFF,12
2,df79a30fc5540cc75bcafac7025bb5f9,129,#9632B8FF,1
1,df91d002fb51f8457f7378080c20d46b,49,#FAFD7CFF,12
2,dfd5c4ffaa986112332b793fbf9a2a34,129,#9632B8FF,27
6,e00966b6215446fd5be9d74c7e1e5c8c,175,#339900FF,19
1,e0836d7bf9846895e73af568f6c7ed08,49,#FAFD7CFF,7
2,e152c17bdbb4e1af93c0180b1fccc627,129,#9632B8FF,69
5,e1e4815db6aab633aeb5bd2ea533978d,167,#EEA236FF,6
4,e1e6bd40565a671387d9fbd6e70f9992,116,#357EBDFF,13
4,e25947b11c824eb7e43649369425a1a1,116,#357EBDFF,19
1,e262597dc2bc272499094c1c2fec3f55,49,#FAFD7CFF,13
4,e27cb9797985c373f5940757ecae6191,116,#357EBDFF,9
2,e2af6ac1fc374a41f5dd49707e172715,129,#9632B8FF,5
5,e2f7c93ef6f898a87ce05ddb6c756686,167,#EEA236FF,2
4,e320ad0389e6bb7502b6f783bbb2dc1a,116,#357EBDFF,22
5,e374648112d14e09ca460ec475e6719d,167,#EEA236FF,9
7,e3ec37a7a45e49e33898f42832ea982b,48,#E762D7FF,20
2,e441d37e59f731408a60ca2a33ae8502,129,#9632B8FF,2
2,e4bef98ed855af8ee4db7c1ec2d4336c,129,#9632B8FF,7
6,e58080c0c6e8bd75fb3e7209da37d460,175,#339900FF,33
5,e5b4e4c665fec2ad330c665a93975a5e,167,#EEA236FF,2
5,e5bef6d7a65c9a889f20b3b9f3ba62fb,167,#EEA236FF,20
1,e65380cdc5e3fb57a3be936961071c39,49,#FAFD7CFF,6
10,e666549c0a0ebb85b6c3640ed17d8715,77,darkgrey,4
6,e688de2f5edc9aa066b03be13ae673b3,175,#339900FF,20
6,e6ddd1f6ce622c5526a14bc5cdc0a5fd,175,#339900FF,40
6,e7131e7d39007c372bd5d6b4ec59f39d,175,#339900FF,11
3,e714371e66bda769c60d6a872cc36e9b,4,#D43F3AFF,2
10,e766821d6fd96dd0a3cffa3e992292fa,77,darkgrey,3
6,e77a1e9caed761e50935a74dea3a1b66,175,#339900FF,64
5,e78553581757581aeedfbccf3fcf7538,167,#EEA236FF,1
4,e803ef96ee4ec17350d6c2d54e52d716,116,#357EBDFF,7
5,e80730a7ffd3138915d77269428d3554,167,#EEA236FF,31
6,e83666c98a00c69e3cb027043c19ce40,175,#339900FF,13
7,e85b1933ef64f12c11ff98e3399a6a1a,48,#E762D7FF,31
10,e8dc93c95eb0f0541060e736418701f1,77,darkgrey,3
6,e94c43a6a4852fa204461351fbaaa24a,175,#339900FF,43
4,e989936cc684ad988139a2b4f3be3264,116,#357EBDFF,16
6,e9e40945b6ea0ad3b0b78f3e2b5a8368,175,#339900FF,45
2,e9f376c867c2a1506d5b0996f9839a20,129,#9632B8FF,71
4,ea1681774a9a9d71bcecb46e4e711164,116,#357EBDFF,44
2,ea3be9bf452686ab37f88742517287f5,129,#9632B8FF,16
10,ea6b4b81377834689e7fbf8cc9619d1d,77,darkgrey,16
2,ebe485d9b4072059c7bd003dc6500814,129,#9632B8FF,15
1,ec3c898f3086b2598aff19f11d99b2c6,49,#FAFD7CFF,6
4,ec5abb37adde7ee86824a73040f96900,116,#357EBDFF,19
4,ecbdd2dee41433b82a3e7999361d8011,116,#357EBDFF,21
6,ed569e95733f71dba66347c5baaffa37,175,#339900FF,59
5,ed8321e5a34ce5d06dac4c8a70eda047,167,#EEA236FF,9
2,eea46715b6680b336bae25cc979f5838,129,#9632B8FF,12
2,eeeae8fd761ba6a403d99befb5e67daa,129,#9632B8FF,8
2,ef0e3f724c4355da1de73f9ddaf8347f,129,#9632B8FF,8
1,efb6ca57b3186248dafe3c3c6ce6524b,49,#FAFD7CFF,13
6,efc318fcdf3eec167c07aca741f91d78,175,#339900FF,1
5,f07800bfec609d7b1326eb59dc704d90,167,#EEA236FF,5
4,f126ddd8e898a259c47e5c79b2ea5c05,116,#357EBDFF,3
8,f1841abce53de53fe0b79f2bb8d3d547,16,#7e7b52,4
7,f1e00e96ae504cdb27fb0345a8ea9602,48,#E762D7FF,14
5,f220b3c61bfcc53fcb68b731a05fd9ad,167,#EEA236FF,5
6,f2227b68f59daa96a71c98e3f859f19b,175,#339900FF,1
5,f2a4771eb711b1264c92e7c752ff2bdc,167,#EEA236FF,5
6,f35e22bbc30a072caa6b6f67fb160027,175,#339900FF,83
7,f3824e8252ec821a8987a6204904ec5f,48,#E762D7FF,10
6,f3867ccb9f5b0fc240dc553918bc18fd,175,#339900FF,19
5,f4a34080535fbc5b6f7c12a08cbc8648,167,#EEA236FF,1
10,f4ad315ec51d8bee23cb39f39bc8b019,77,darkgrey,9
7,f56c016cac2693bd83294c10e6708c48,48,#E762D7FF,2
2,f5b418c5df849380c4ac8ab67db32dff,129,#9632B8FF,2
4,f5c2b00f4b07fe6c4f0b8813e75435ce,116,#357EBDFF,10
4,f633bec7d1bd6db9084f91542cd1bed1,116,#357EBDFF,3
6,f69b8df7b121686deff6335e7f1e0c4f,175,#339900FF,15
10,f6f5b996c4aa1781adbc8883a21d0a5f,77,darkgrey,27
4,f77a20c5b541a985647ce675cfc1c158,116,#357EBDFF,1
2,f79603c1f264f71d45379d0c1e0b13bc,129,#9632B8FF,1
3,f7b6a808234394e3ac9ebc0f3232bba1,4,#D43F3AFF,2
7,f827eafb9a3a541a3e4af28a814cd8c9,48,#E762D7FF,22
5,f88193efb2c02ea7e438f10e60b86368,167,#EEA236FF,4
7,f898c7a8c566d0beb46d5448dde2387c,48,#E762D7FF,8
4,f8a7e9e44327fbfed8b98899f6e17d1a,116,#357EBDFF,10
5,f8ace929dc8b111c1814ab319f1c39fb,167,#EEA236FF,8
5,f8b27e0250882c619976b7b292e7f334,167,#EEA236FF,11
2,f8b308c12dd0885832440747714244e2,129,#9632B8FF,65
6,f8cf2d50d7bb39ce5dc1c680f45073d8,175,#339900FF,17
2,f9398939e748a5a614b19d7b00943556,129,#9632B8FF,11
5,f9ec92fdf2742fd08534797ffa686070,167,#EEA236FF,1
4,fa2a0bdeb148fb83dd2b7d6c8d7cb96b,116,#357EBDFF,5
10,fa982d7318a5a769af379a6cb96f5074,77,darkgrey,5
10,fac46e60510075770ade01914d2a06e8,77,darkgrey,10
10,fb0e2901bef461a239983ab2045e643b,77,darkgrey,4
5,fb5cd222e1ba16644eb5d04657db7cee,167,#EEA236FF,10
6,fbb5805b135e00a109456612f9a9313d,175,#339900FF,48
5,fbc646bcac041b3c6290b9d7f479d272,167,#EEA236FF,6
2,fc32c33214518b15a5fd59ff7c002a2b,129,#9632B8FF,24
2,fc414e43721e26b76f1b2b6ad4feacac,129,#9632B8FF,8
10,fc71f2d05a6710f7fe7643788d42611b,77,darkgrey,1
4,fc73b271da016e916aceaa40fcfc6c3a,116,#357EBDFF,1
2,fc8483af1ad4e2e98dd76669be21a350,129,#9632B8FF,29
1,fcf11ec8b80994412cebcb3c12ac3d58,49,#FAFD7CFF,2
6,fcfbd86ecc7ef700ff138cfa8f2f3d40,175,#339900FF,13
2,fd3fea7c47fc64073cab7999d71a5c99,129,#9632B8FF,73
2,fd493c19f84a0f6fcb7ff9a227c9ebd0,129,#9632B8FF,21
10,fd70a312c626eebbbbfa9ce6b13e0340,77,darkgrey,24
5,fd86790c852514ebcceca9ef66a7bf9a,167,#EEA236FF,14
2,fd90760971da54ffe9350790ba88ab0a,129,#9632B8FF,45
6,fdda920342718664954a19008c834d88,175,#339900FF,1
10,fe28ba6b6f5f71bd775a57ae5f41bd54,77,darkgrey,13
7,fe28f7897cf71e51d88380f348693075,48,#E762D7FF,7
5,fe2f4dc3f8727cfcca5c375ab3eb5c75,167,#EEA236FF,7
10,ff3b4d0459c8fb12eb4b391fe1f26bca,77,darkgrey,14
1,ff6664ed565feffd5c5b2e948edc4b96,49,#FAFD7CFF,13
6,ffec0d080d61f2b82dde351ab6f0a910,175,#339900FF,45
1,882e0de9056d8d06c0973aa7b116e09e,49,#FAFD7CFF,21
2,023508b3d98703578691529c14d1aab2,129,#9632B8FF,10
3,4f63e0b7dbce5cd4de7b8f90844e5ac6,2,#D43F3AFF,1
4,00232f374cfc930f3fffbaef0d0c6d80,116,#357EBDFF,20
5,7c3e4d4846ccdae43b8c0550f42f30d3,167,#EEA236FF,5
6,0321245cb7775078d1985c442cf9e76e,175,#339900FF,5
5,27657d9a19a7544663aa3dcf45cbf143,167,#EEA236FF,4
3,0aa6a21e58b3382697a5b22a2ec69352,2,#D43F3AFF,1
5,0f2616e5a082f7af926add3840cc1a7e,167,#EEA236FF,5
7,0d754b3546373fe64021cd1d8957fa91,48,#E762D7FF,12
6,0b95feee5c93b0e3ad04838407a82f2f,175,#339900FF,10
3,5cbedd642a51c1fba49346baae148ece,3,#D43F3AFF,1
3,69111f24e487792a280f9bebc77124be,3,#D43F3AFF,1
2,0780c22c545ff02f8993b1837b08b3c5,129,#9632B8FF,27
4,00c4c1c65d8669ed9f07abe149f9a01d,116,#357EBDFF,12
2,0b1c2b9ed02095f223b442c9bdd35006,129,#9632B8FF,34
7,098148fd37c4e150eeb8daae24b7faa5,48,#E762D7FF,11
6,2cc74e3fa94ca62c938cf8de09c52427,175,#339900FF,1
5,0d439c1291c583e4400c799cf65514d9,167,#EEA236FF,9
5,16b4a656f3136213c002651f86de2c08,167,#EEA236FF,15
5,832d75ac4dd6079059cde4e51b335429,167,#EEA236FF,1
6,06a02c8a852b27651ddef23c4174e201,175,#339900FF,9
5,99740e4791f201ec3b211036347242e4,167,#EEA236FF,1
10,05a90cb47fab4c34a515494e80d6a51e,77,darkgrey,3
8,04a47212749ae920d5426a2650d9f8e4,16,#7e7b52,3
4,1200c8790170c35af29a0810ec48d411,116,#357EBDFF,17
1,0b24da8e753303d556f9e2dfb50a3828,49,#FAFD7CFF,1
2,18d394dd9f91f2b1e4359f8d81049e88,129,#9632B8FF,2
2,ef066b3fcade6a615810d1d8a6ba0c4a,129,#9632B8FF,3
7,1ec66bdc2de4cf97bf39cf37d2cd8bb5,48,#E762D7FF,20
2,149406eca345af3438fc056cf5da206f,129,#9632B8FF,4
6,14fecd5000cea1102ac7374fc576fdff,175,#339900FF,10
6,283d6941e1fab0c034ca6746adc86d38,175,#339900FF,8
3,75806b3b6f7236b36a35cd1d98b83f8c,2,#D43F3AFF,1
10,41eae897c02d3da1de8c917f0ee42cca,77,darkgrey,7
4,43c811eee73713e92df41d5df808efb2,116,#357EBDFF,3
10,8045438d8d4ae977f4617e5b24678ded,77,darkgrey,2
10,8c4a1304841e05053fc25a333d267491,77,darkgrey,2
5,2c40e9498897c85eda8fde851826e7e7,167,#EEA236FF,3
3,2a42393f6da41b7bbff9b036fd34a7bc,4,#D43F3AFF,1
2,888e8dc658ee46fcd1dfc446369ce033,129,#9632B8FF,1
5,436ce170b57cdbc8da4f9450313644a4,167,#EEA236FF,6
2,1df60b9f54cf25fefe73d5e70fa3c2a8,129,#9632B8FF,22
1,1169e4a9b8791b0ba26c062c610fed24,49,#FAFD7CFF,10
5,2244c0fc35fa4220098c5e9bb750029b,167,#EEA236FF,5
5,1b4b9127e41cd63ac3aedd961dccb149,167,#EEA236FF,9
7,06b38c9c1b4191b8a7cb9d3b4e5aa40a,48,#E762D7FF,4
4,195d16225396d4466eaf0d521cb48728,116,#357EBDFF,8
10,0e26d35a67af25a2b4ce071c774db4a2,77,darkgrey,4
6,1140e05ba561d7308c7868a120db8af8,175,#339900FF,5
2,02a24115232b57750fdad54e4e4333eb,129,#9632B8FF,1
2,3754b474d7e5d262794cf0d3e078f006,129,#9632B8FF,1
5,ec38afc0cd2325d6f0cbd9d61bffd0f9,167,#EEA236FF,1
5,0fd5c80a173b4e451e03a3e1daf4e6f1,167,#EEA236FF,1
1,39bf64c33eb7e375663d0672c1f6e68c,49,#FAFD7CFF,1
4,3689527ff078e0cd09f7622e914f7657,116,#357EBDFF,9
7,04e2b2ab4c4d4fd0f5b46f83a7499478,48,#E762D7FF,1
6,0ffbeeacaaa4517bafd50b705ab44316,175,#339900FF,2
1,602f5abc8bc44e305b4ef53e6b690959,49,#FAFD7CFF,1
10,02125f9ec5134e17794f204f4f7c0698,77,darkgrey,7
2,54195a169173145bfaf95b69edd15230,129,#9632B8FF,4
3,22311ee01de2db771645a8aff44fbfa8,2,#D43F3AFF,1
9,44dbd857fd32236aef61c62fb0709183,12,#FDAF91FF,4
5,5df110291d8825d0f5da45a6e5cb71f1,167,#EEA236FF,8
5,8e1920bd9ee71dec52c466aac7c4781e,167,#EEA236FF,3
2,17e438c80b10674cc2729bc6369d5741,129,#9632B8FF,1
6,657fb330f18734897fb9c62470533636,175,#339900FF,1
10,1737888d1d43bef08ba02e666f978339,77,darkgrey,5
5,3e55906ed8ff656a2279c79afb9fcfdf,167,#EEA236FF,3
5,7423f45961b915601c3561b2cbd1451d,167,#EEA236FF,3
5,f9da3478562c0c8ef9b589a5a52bbe8d,167,#EEA236FF,1
5,eab47dff0f87c6ed0e2527840bda1491,167,#EEA236FF,1
5,67a4997f3abbc84fb1c309673341abff,167,#EEA236FF,1
6,487da22a15f99a52855773e36f5d4c7e,175,#339900FF,1
5,01677752b1ecceb552fd3cb185a26bdb,167,#EEA236FF,2
7,2997f1920aefbb91632b549f2538b73b,48,#E762D7FF,2
5,07cbb4b08197efe6360e984894445b12,167,#EEA236FF,3
9,5dba34762abe6718be390216de9ff4db,12,#FDAF91FF,2
4,5cb830b8bbd682cc158105f12de258f0,116,#357EBDFF,3
7,7d6821d409bbdd646a1b2a5f116ac895,48,#E762D7FF,1
1,35c173396d87159839bbc094c86da7f0,49,#FAFD7CFF,1
2,3b8a6a1e831ff317190dab9392eae0db,129,#9632B8FF,3
4,4b06aadc8b63cc27033e6b8651da2d22,116,#357EBDFF,5
3,a9e723639cb7f41ebb5adfcdf3a12317,2,#D43F3AFF,1
8,40468b5c5be21815dad91b11261d8687,16,#7e7b52,2
4,335320754dc1b90d6dbb6c195dc3ddab,116,#357EBDFF,3
3,3d8f5cd441e79a001a0e7e6046b96396,3,#D43F3AFF,1
5,49864a4528c297533d9be4bda6a24301,167,#EEA236FF,1
5,7aed32c1561412d192105252b62961b4,167,#EEA236FF,2
4,06396b39180532dfc3365dec702d6660,116,#357EBDFF,1
4,986a3dbc2f3e44c22467b760c26f5bde,116,#357EBDFF,2
10,1c406f8a2c6eaea280fda9488a72ad44,77,darkgrey,3
4,664e6109005c69b5e74ab10f65c60dde,116,#357EBDFF,3
5,874f68e0f8ca56c99e556c882f7c8831,167,#EEA236FF,1
2,7182ae14e40b3851ef2fc36882053550,129,#9632B8FF,3
4,26defcad0a413ccbc4134c59b5c0905f,116,#357EBDFF,1
6,744321cb23193b693d85f7e8e0fd6b90,175,#339900FF,1
5,83956aaab933af6066720891a5a0d261,167,#EEA236FF,1
6,7af839dabe3a4c4717f7a1f0d64663a9,175,#339900FF,1
6,b8bb9acc65aeb1dc365e4dbb6ce4dca1,175,#339900FF,3
6,f04a8843b50a1c93fd808b6e2c41c462,175,#339900FF,1
1,67c219dd54817c53f58880534a725dee,49,#FAFD7CFF,4
5,47bba424b829322ef84b233d7ccdf79f,167,#EEA236FF,1
6,500088ad502db12cf190a0d908640cf1,175,#339900FF,9
6,c835ae364a952e5d9377ea9b1b250bda,175,#339900FF,1
7,5c732fa1fcd37fb805cd85824000d208,48,#E762D7FF,4
6,10c55e340880ffbdba9cbd7d2a1e1572,175,#339900FF,1
6,663f890d4e46ece264277e2d425560ea,175,#339900FF,2
6,7990e730f974271ebfd7e3a8a0cfc948,175,#339900FF,2
4,2fc57e79de44ed1f662497532b95668f,116,#357EBDFF,2
5,226f10a2571fc9ca9866b41fc4a260c1,167,#EEA236FF,1
3,f943ed8fd508c97b68a69283bf1babb5,4,#D43F3AFF,1
6,6cb216a2d70512c0120ad996c102d797,175,#339900FF,1
4,5aaee2a39c8071c6eb72b4133ab61312,116,#357EBDFF,1
5,d1a6e36fa27e15661323ab0d43fab8b4,167,#EEA236FF,2
3,e5ffb61c3432c43cd5f8d5a5117afedb,2,#D43F3AFF,1
6,81bacac464eb34e4e3a83af2b6042f80,175,#339900FF,1
2,2f5d81646f6fc8afd1a95c7d8ee35600,129,#9632B8FF,1
5,8f7dc178035d6b93265260e42169b651,167,#EEA236FF,1
3,aa6537dbd462149a8d7383c03d45d1d9,2,#D43F3AFF,1
3,b5d6843765969c231890371baecb938e,4,#D43F3AFF,1
8,d021ccf12a33784f4c086a451e9668a5,16,#7e7b52,1
5,bd6a10cdceecb27d50b9272e13e1d2b9,167,#EEA236FF,1
3,2c793152458beb868df841eb479d6339,4,#D43F3AFF,1
10,76d4068419169944cb4a5c4834f41a6a,77,darkgrey,1
4,7719788844357e409d86c14254be6f09,116,#357EBDFF,1
7,741e212024134a9bbb217937ab683f5a,48,#E762D7FF,1
4,dca0f027155cfbbf11ab17b6350d949b,116,#357EBDFF,1
3,8f74ddd054ba18d912412be8ea1e12e8,4,#D43F3AFF,1
5,e093ab744c842bf935aad84e560586ad,167,#EEA236FF,1
6,9022be68b7db869b9f5b533e9b2d0025,175,#339900FF,1
10,851f622820f2a318cb103f947607c74d,77,darkgrey,1