"","296-100-0.22","296-20-0.22","296-40-0.22","296-60-0.22","297-100-0.22","297-20-0.22","297-40-0.22","297-60-0.22","298-100-0.22","298-200-0.22","298-40-0.22","298-60-0.22","300-100-0.22","300-20-0.22","300-200-0.22","300-40-0.22","300-60-0.22","302-100-0.22","302-200-0.22","302-40-0.22","302-60-0.22","304-100-0.22","304-200-0.22","304-40-0.22","304-70-0.22","306-100-0.22","306-20-0.22","306-200-0.22","306-40-0.22","306-60-0.22","307-100-0.22","307-20-0.22","307-200-0.22","307-40-0.22","307-60-0.22","310-100-0.22","310-20-0.22","310-200-0.22","310-40-0.22","310-60-0.22","311-100-0.22","311-20-0.22","311-200-0.22","311-40-0.22","311-60-0.22","312-20-0.22","312-200-0.22","312-60-0.22","313-20-0.22","313-200-0.22","313-60-0.22","313-90-0.22","314-20-0.22","314-200-0.22","314-60-0.22","314-95-0.22","315-100-0.22","315-20-0.22","315-200-0.22","315-40-0.22","315-65-0.22","317-100-0.22","317-20-0.22","317-200-0.22","317-40-0.22","317-60-0.22","318-100-0.22","318-20-0.22","318-200-0.22","318-40-0.22","318-50-0.22","319-100-0.22","319-200-0.22","319-40-0.22","319-60-0.22","320-20-0.22","320-60-0.22","321-200-0.22","321-40-0.22","322-100-0.22","322-200-0.22","322-40-0.22","322-60-0.22","323-70-0.22","324-200-0.22","324-40-0.22","329-20-0.22","329-200-0.22","329-60-0.22","330-20-0.22","330-60-0.22","298-20-0.22","323-20-0.22","323-200-0.22","326-100-0.22","326-20-0.22","326-200-0.22","326-40-0.22","326-55-0.22","330-100-0.22","330-200-0.22","302-20-0.22","321-100-0.22","321-20-0.22","321-60-0.22","322-20-0.22","323-100-0.22","324-60-0.22","329-100-0.22","329-40-0.22","330-40-0.22","178-100-0.22","178-20-0.22","178-200-0.22","178-40-0.22","178-60-0.22","179-100-0.22","179-20-0.22","179-60-0.22","193-100-0.22","193-20-0.22","193-200-0.22","193-40-0.22","241-100-0.22","241-20-0.22","241-200-0.22","241-40-0.22","241-60-0.22","262-100-0.22","262-20-0.22","262-200-0.22","262-40-0.22","262-60-0.22","267-100-0.22","267-20-0.22","267-200-0.22","267-60-0.22","287-100-0.22","287-20-0.22","287-200-0.22","287-40-0.22","287-60-0.22"
"296-100-0.22",0,-1,-1,-1,-0.98,-1,-0.96,-1,-0.64,0.03,-1,-0.65,0.83,0.99,1,1,1,1,1,1,1,1,1,1,1,1,1,1,1,1,1,1,1,1,1,1,1,1,1,1,1,1,1,1,1,1,1,1,1,1,1,1,1,1,1,1,1,1,1,1,1,1,1,1,1,1,1,1,1,1,1,1,1,1,1,1,0.95,0.96,0.81,1,1,0.96,0.81,0.89,1,0.96,-0.48,0.92,-0.1,-0.49,-0.2,-0.8,1,1,1,1,1,1,1,-0.53,0.68,1,1,1,1,0.99,1,1,0.78,0.15,-0.46,-0.75,-0.63,-0.76,-0.65,-0.83,0.12,-0.38,-0.04,0.22,0.02,0.19,0.19,0.21,-0.13,1,0.22,0.45,0,0.55,1,0.19,0.08,-0.16,-0.12,0.16,0.03,0.33,0.44,0.99,0.32,0.37
"296-20-0.22",-1,0,-1,-1,-1,-0.99,-0.89,-1,-0.9,-0.53,-1,-0.87,0.73,0.81,1,1,1,1,1,1,1,1,1,1,1,1,1,1,1,1,1,1,1,1,1,1,1,1,1,1,1,1,1,1,1,1,1,1,1,1,1,1,1,1,1,1,1,1,1,1,1,1,1,1,1,1,1,1,1,1,1,1,1,1,1,1,0.93,0.9,0.2,1,1,0.76,0.71,0.81,1,0.94,-0.53,0.85,-0.42,-0.53,-0.47,-0.89,1,1,1,1,1,1,1,-0.67,0.46,1,1,1,1,0.98,1,0.99,0.55,0.18,-0.48,-0.73,-0.53,-0.86,-0.76,-0.85,0.21,-0.28,-0.02,0.11,0.08,0.42,0.18,-0.21,-0.14,1,0.4,0.61,0.08,0.64,1,0.09,-0.07,-0.25,-0.08,-0.07,0.02,-0.02,0.56,1,0.34,0.47
"296-40-0.22",-1,-1,0,-1,-1,-1,-0.93,-1,-0.92,-0.43,-1,-0.89,0.76,0.86,1,1,1,1,1,1,1,1,1,1,1,1,1,1,1,1,1,1,1,1,1,1,1,1,1,1,1,1,1,1,1,1,1,1,1,1,1,1,1,1,1,1,1,1,1,1,1,1,1,1,0.99,1,1,1,1,1,1,1,1,1,1,1,0.93,0.92,0.32,1,1,0.82,0.77,0.86,1,0.94,-0.54,0.91,-0.33,-0.45,-0.4,-0.92,1,1,1,1,1,1,1,-0.58,0.57,1,1,1,1,0.99,1,0.99,0.67,0.25,-0.43,-0.66,-0.56,-0.72,-0.81,-0.85,0.27,-0.2,-0.05,0.22,0.08,0.48,0.15,-0.04,-0.12,1,0.36,0.6,0.08,0.69,1,0.1,-0.08,-0.26,-0.1,0.03,0.03,-0.05,0.49,1,0.31,0.42
"296-60-0.22",-1,-1,-1,0,-1,-0.98,-0.8,-1,-0.96,-0.63,-1,-0.79,0.8,0.95,0.98,1,1,1,1,1,1,1,1,1,1,1,1,1,1,1,1,1,1,1,1,1,1,1,1,1,1,1,1,1,1,1,1,1,1,1,1,1,1,0.99,1,1,1,1,1,1,1,1,1,1,1,1,1,1,1,1,1,1,1,1,1,0.97,0.96,0.96,0.52,1,1,0.91,0.87,0.93,0.94,0.97,-0.41,0.67,-0.16,-0.32,-0.29,-0.82,1,0.9,1,1,1,1,1,-0.57,0.21,1,1,1,1,1,1,1,0.74,0.48,-0.2,-0.67,-0.44,-0.84,-0.73,-0.8,0.46,-0.07,0.16,0.29,0.26,0.65,0.3,-0.08,0.04,1,0.58,0.73,0.23,0.78,0.99,0.25,0.03,-0.14,0.1,0.01,0.21,-0.11,0.65,0.99,0.44,0.61
"297-100-0.22",-0.98,-1,-1,-1,0,-0.9,-0.53,-1,-0.99,-0.97,-0.81,-0.12,0.91,1,0.97,1,1,1,1,1,1,1,0.99,1,1,1,1,1,1,1,1,1,1,1,1,1,1,1,1,1,1,1,1,1,1,1,1,1,1,1,1,1,1,0.93,1,1,1,1,0.99,1,1,1,1,1,1,0.97,1,1,0.95,1,1,1,0.99,1,1,0.96,0.99,0.98,0.99,0.99,1,1,0.99,0.96,0.9,0.99,-0.16,0.62,0.67,0.25,0.54,-0.27,1,0.91,1,1,1,1,1,-0.38,0.29,1,1,1,1,1,1,1,0.97,0.85,0.76,-1,-0.78,-0.99,-0.79,-0.99,-0.34,-0.47,-0.33,-0.06,-0.12,-0.25,-0.04,-0.27,-0.26,0.84,-0.21,0.02,-0.43,0.15,0.37,-0.1,-0.29,-0.26,-0.23,-0.42,-0.12,-0.43,0.01,0.25,-0.08,-0.02
"297-20-0.22",-1,-0.99,-1,-0.98,-0.9,0,-1,-1,-0.9,0.14,-1,-0.99,0.73,0.79,1,1,1,1,1,1,1,1,1,1,1,1,1,1,1,1,1,1,1,1,1,1,1,1,1,1,1,1,1,1,1,1,1,1,1,1,1,1,1,1,1,1,1,1,1,1,1,1,1,1,0.99,1,1,1,1,0.99,1,1,1,1,1,0.99,0.88,0.96,0.3,1,1,0.73,0.77,0.87,1,0.91,-0.64,0.97,-0.19,-0.57,-0.57,-1,1,1,1,1,1,1,1,-0.58,0.76,1,1,1,1,0.98,1,0.97,0.64,0.11,-0.25,-0.82,-0.96,-0.36,-1,-0.99,0.54,-0.55,-0.37,-0.01,-0.33,0.67,-0.27,0.08,-0.45,1,0.11,0.81,0.57,0.5,1,-0.36,-0.45,-0.59,-0.44,-0.09,-0.34,-0.05,0.1,1,-0.13,0.01
"297-40-0.22",-0.96,-0.89,-0.93,-0.8,-0.53,-1,0,-0.97,-0.73,0.39,-1,-1,0.73,0.63,1,1,1,1,1,1,1,1,1,1,1,1,1,1,1,1,1,1,1,1,1,1,1,1,1,1,1,1,1,1,1,1,1,1,1,1,1,1,1,1,1,1,1,1,1,1,1,1,1,1,0.99,1,1,1,1,0.97,1,1,1,1,1,0.97,0.71,0.87,-0.31,1,1,0.53,0.52,0.47,1,0.58,-0.99,0.87,-0.85,-0.91,-0.89,-1,0.95,1,1,0.86,1,0.98,1,-0.78,0.52,1,1,0.99,1,0.66,1,0.8,0.04,-0.75,-0.58,-0.53,-0.89,-0.05,-0.98,-0.9,0.7,-0.16,0.08,0.57,0.13,0.94,0.25,0.6,-0.08,1,0.69,0.98,0.78,0.87,1,0.04,0.07,-0.25,-0.01,0.38,0.09,0.31,0.61,1,0.38,0.52
"297-60-0.22",-1,-1,-1,-1,-1,-1,-0.97,0,-0.95,-0.55,-1,-0.7,0.95,1,1,1,1,1,1,1,1,1,1,1,1,1,1,1,1,1,1,1,1,1,1,1,1,1,1,1,1,1,1,1,1,1,1,1,1,1,1,1,1,1,1,1,1,1,1,1,1,1,1,1,1,1,1,1,1,1,1,1,1,1,1,1,0.99,0.98,0.97,1,1,1,1,0.96,1,0.99,-0.21,0.97,0.28,-0.17,0.12,-0.78,1,1,1,1,1,1,1,-0.4,0.69,1,1,1,1,1,1,1,0.89,0.4,0.32,-1,-0.96,-0.99,-0.94,-1,-0.24,-0.63,-0.49,-0.12,-0.26,-0.13,-0.18,-0.07,-0.37,0.99,-0.16,0.15,-0.2,0.13,0.97,-0.23,-0.24,-0.37,-0.34,-0.22,-0.25,0.04,0.06,0.95,-0.06,-0.03
"298-100-0.22",-0.64,-0.9,-0.92,-0.96,-0.99,-0.9,-0.73,-0.95,0,-1,-0.53,-0.22,0.98,1,1,1,1,1,1,1,1,1,1,1,1,1,1,1,1,1,1,1,1,1,1,1,1,0.99,1,1,1,1,1,1,1,1,1,1,1,1,1,1,1,0.95,1,1,1,1,1,1,1,1,1,1,1,1,1,1,0.99,1,1,1,1,1,1,1,1,1,1,1,1,1,1,1,0.81,1,0.68,0.92,0.99,0.9,0.97,0.24,1,0.92,1,1,1,1,1,0.38,0.32,1,1,1,1,1,1,1,1,1,0.99,-1,-0.95,-0.88,-0.96,-1,-0.42,-0.78,-0.97,-0.89,-0.87,-0.52,-0.86,-0.82,-0.92,0.9,-0.95,-0.2,-0.63,-0.46,0.83,-0.91,-0.96,-0.92,-0.93,-0.98,-0.89,-0.93,-0.89,0.8,-0.89,-0.89
"298-200-0.22",0.03,-0.53,-0.43,-0.63,-0.97,0.14,0.39,-0.55,-1,0,0.37,0.74,1,1,0.96,1,1,1,1,1,1,1,0.97,1,1,1,1,0.97,1,1,1,1,1,1,1,1,1,0.99,1,1,1,1,1,1,1,1,1,1,1,1,1,1,1,0.58,1,1,1,1,0.95,1,1,1,1,1,1,1,1,1,0.87,1,1,1,0.99,1,1,1,1,1,1,0.99,1,1,1,1,0.82,1,0.91,0.93,1,0.99,1,0.87,1,0.67,1,1,0.99,1,1,0.76,0.48,1,1,1,1,1,1,1,1,1,1,-0.87,-0.04,-0.94,-0.19,-0.56,-0.34,-0.42,-0.57,-0.28,-0.24,-0.28,-0.16,-0.85,-0.42,0.63,-0.42,0.27,-0.96,0.12,-0.15,-0.3,-0.5,-0.38,-0.32,-0.83,-0.22,-0.97,-0.18,-0.22,-0.15,-0.14
"298-40-0.22",-1,-1,-1,-1,-0.81,-1,-1,-1,-0.53,0.37,0,-0.96,0.85,0.99,1,1,1,1,1,1,1,1,1,1,1,1,1,1,1,1,1,1,1,1,1,1,1,1,1,1,1,1,1,1,1,1,1,1,1,1,1,1,1,1,1,1,1,1,1,1,1,1,1,1,1,1,1,1,1,1,1,1,1,1,1,1,0.94,0.98,0.9,1,1,0.99,0.89,0.91,1,0.95,-0.49,0.96,-0.06,-0.52,-0.25,-0.94,1,1,1,1,1,1,1,-0.51,0.77,1,1,1,1,0.99,1,1,0.63,-0.15,-0.34,-0.93,-0.99,-0.53,-0.98,-0.97,0.11,-0.76,-0.61,-0.02,-0.42,0.2,-0.28,0.17,-0.51,1,0,0.64,0.35,0.13,1,-0.35,-0.27,-0.51,-0.48,0,-0.4,0.3,-0.07,1,-0.2,-0.13
"298-60-0.22",-0.65,-0.87,-0.89,-0.79,-0.12,-0.99,-1,-0.7,-0.22,0.74,-0.96,0,0.85,0.85,1,1,1,1,1,0.99,0.97,1,1,0.99,1,1,1,1,1,1,1,0.99,1,0.99,1,1,1,1,1,0.99,0.98,0.93,1,0.99,0.99,0.91,1,1,0.97,1,1,1,0.85,1,1,1,1,1,1,1,1,1,0.83,1,0.94,1,1,0.8,1,0.92,1,1,1,1,1,0.91,0.2,0.84,0.31,1,1,0.66,0.22,0.5,0.98,0.81,-0.95,0.96,-0.01,-0.44,-0.19,-1,0.95,1,1,0.98,1,1,1,-0.53,0.56,1,1,0.97,1,0.5,1,0.9,0.6,-0.61,-0.36,-0.56,-0.82,0.13,-0.78,-0.78,0.77,-0.41,0.06,0.7,0.22,0.81,0.38,0.78,0.01,1,0.71,0.99,0.9,0.59,1,0.19,0.4,0.01,0.09,0.6,0.23,0.8,0.6,1,0.42,0.57
"300-100-0.22",0.83,0.73,0.76,0.8,0.91,0.73,0.73,0.95,0.98,1,0.85,0.85,0,0.39,0.69,0.64,0.31,-0.75,0.5,0.69,-0.04,-0.01,0.61,0.86,-0.13,-0.26,0.94,0.86,0.92,0.81,0.17,0.97,0.9,0.95,0.93,0.16,0.99,0.45,0.97,0.98,0.96,0.89,0.55,0.93,0.97,0.91,0.96,0.98,0.8,0.95,0.99,0.97,0.86,0.99,0.96,0.18,0.65,0.97,0.97,0.81,0.06,0.65,0.39,0.96,-0.58,-0.14,0.96,0.47,1,0.09,0.17,0.76,0.98,0.3,0.73,0.66,-0.26,-0.69,0.11,0.62,0.45,0.51,-0.17,-0.29,-0.18,0.21,-0.29,0.39,0.09,0.03,-0.01,0.4,0.97,0.93,0.98,0.86,1,0.98,0.93,-0.71,-0.23,0.75,0.26,0.6,-0.33,0.42,-0.49,0.19,0.22,0.07,0.03,0.99,0.96,0.97,0.97,0.98,1,1,1,1,1,1,1,1,1,1,1,1,1,1,1,1,1,1,1,1,1,1,1,1,1,1
"300-20-0.22",0.99,0.81,0.86,0.95,1,0.79,0.63,1,1,1,0.99,0.85,0.39,0,1,-1,-1,0.98,1,-0.78,-0.74,1,1,-0.73,-0.19,1,-0.23,1,-0.32,-0.14,1,-0.13,1,-0.21,0.2,1,-0.12,1,-0.25,-0.2,-0.22,-0.42,1,-0.17,-0.17,-0.39,1,-0.06,-0.41,1,-0.05,0.11,-0.47,1,-0.02,0.9,1,0.04,1,0.12,0.97,1,-0.68,1,0.78,1,1,-0.8,1,-0.15,1,1,1,1,1,0.43,-0.85,0.59,-0.85,1,1,-1,-0.94,-0.89,0.98,-0.56,-0.37,0.99,0.16,-0.06,0.3,0.44,0.1,1,1,0.13,1,0.56,0.93,-0.24,0.92,-0.96,0.99,-0.94,-0.11,-0.84,0.76,-0.61,0.83,0.08,0.1,1,1,1,1,1,1,1,1,1,1,1,1,1,1,1,1,1,1,1,1,1,1,1,1,1,1,1,1,1,1,1
"300-200-0.22",1,1,1,0.98,0.97,1,1,1,1,0.96,1,1,0.69,1,0,1,1,0.63,-0.96,1,1,0.12,-1,1,1,0.93,1,-0.59,1,1,0.99,1,0.21,1,1,0.94,1,-0.97,1,1,1,1,-0.73,1,1,1,-0.44,1,1,0.32,1,1,1,0.28,1,1,0.67,1,0.41,1,0.99,0.05,1,0.56,0.75,0.23,0.55,1,0.85,1,0.96,0.28,0.41,0.73,0.61,0.88,0.98,-0.11,1,-1,-0.67,1,0.97,0.98,-0.98,1,0.85,-0.55,0.99,0.99,0.97,1,1,0.72,1,1,0.75,1,1,0.34,-0.77,1,0.93,1,1,1,0.99,1,0.99,1,1,1,1,1,1,1,1,1,1,1,1,1,1,1,1,1,1,1,1,1,0.56,1,1,1,1,1,1,1,1,0.18,1,1
"300-40-0.22",1,1,1,1,1,1,1,1,1,1,1,1,0.64,-1,1,0,-1,0.94,1,-1,-1,1,1,-1,-0.43,0.99,-0.89,1,-0.91,-0.98,0.98,-1,1,-1,-0.93,1,-0.78,1,-0.85,-1,-1,-1,1,-1,-1,-1,1,-0.95,-0.96,1,-0.77,-0.73,-1,1,-1,0.67,1,-0.98,1,-0.98,0.93,1,-0.95,1,0.82,1,1,-0.98,1,-0.11,1,1,1,1,1,0.84,-0.77,0.86,0.22,1,1,-0.89,-0.52,-0.85,1,-0.71,0.59,1,1,1,0.99,1,0.35,1,1,0.13,1,0.52,0.96,0.71,0.98,-1,1,0.24,0.94,0.64,0.97,0.37,1,1,1,1,1,1,1,1,1,1,1,1,1,1,1,1,1,1,1,1,1,1,1,1,1,1,1,1,1,1,1,1,1,1
"300-60-0.22",1,1,1,1,1,1,1,1,1,1,1,1,0.31,-1,1,-1,0,0.95,1,-0.96,-0.99,1,1,-0.94,-0.45,1,-0.46,1,-0.61,-0.57,1,-0.46,1,-0.58,-0.24,1,-0.37,1,-0.52,-0.96,-0.94,-0.89,1,-0.57,-0.51,-0.81,1,-0.35,-0.73,1,-0.38,-0.23,-0.78,1,-0.41,0.84,1,-0.38,1,-0.32,0.97,1,-0.42,1,0.84,1,1,-0.76,1,0.27,1,1,1,1,1,0.9,-0.62,0.78,0.37,1,1,-0.55,-0.41,-0.65,0.94,-0.5,0.55,1,0.99,0.97,0.98,1,0.53,1,1,0.42,1,0.76,0.97,0.43,0.92,-1,1,-0.38,0.79,0.38,0.95,0,1,0.96,0.97,1,1,1,1,1,1,1,1,1,1,1,1,1,1,1,1,1,1,1,1,1,1,1,1,1,1,1,1,1,1,1
"302-100-0.22",1,1,1,1,1,1,1,1,1,1,1,1,-0.75,0.98,0.63,0.94,0.95,0,0.15,0.95,0.01,-1,0.53,0.99,-0.38,-0.84,1,0.91,1,0.97,-0.53,1,0.7,0.99,0.97,-0.69,1,0.36,0.99,0.99,0.97,0.97,0.35,0.98,0.99,0.97,0.93,0.99,0.97,0.93,1,0.99,0.97,1,1,-0.22,0.24,1,0.99,0.86,-0.43,0.59,0.88,0.95,-0.66,-0.5,0.84,0.95,1,0.3,-0.58,0.57,0.99,-0.53,0.28,0.96,0.31,-0.81,0.73,0.72,0.45,0.93,0.31,-0.14,-0.17,0.38,0.38,0.61,0.77,0.71,0.65,1,1,1,0.99,0.97,1,0.99,0.97,0.3,0.35,0.99,-0.25,0.95,-0.4,0.86,-0.82,0.53,0.56,0.63,0.61,1,1,1,1,1,1,1,1,1,1,1,1,1,1,1,1,1,1,1,1,1,1,1,1,1,1,1,1,1,1,1
"302-200-0.22",1,1,1,1,1,1,1,1,1,1,1,1,0.5,1,-0.96,1,1,0.15,0,1,1,-0.52,-0.89,1,1,0.5,1,-0.72,1,1,0.86,1,-0.42,1,1,0.69,1,-0.66,1,1,1,1,-0.49,1,1,1,-0.39,1,1,0.13,1,1,1,0.51,1,0.97,0.3,1,0.32,1,0.92,-0.22,1,-0.14,0.39,0.08,-0.06,1,0.99,1,0.77,-0.35,0.16,0.51,0.19,0.93,0.97,-0.16,1,-0.55,-0.68,1,0.96,0.94,-0.95,1,0.94,0.01,0.99,0.99,0.98,1,1,0.97,0.99,1,0.7,1,1,0.65,-0.27,1,0.51,1,0.99,1,0.86,1,0.96,1,0.99,1,1,1,1,1,1,1,1,1,1,1,1,1,1,1,1,1,1,1,0.92,1,1,1,1,1,1,1,1,0.93,1,1
"302-40-0.22",1,1,1,1,1,1,1,1,1,1,1,0.99,0.69,-0.78,1,-1,-0.96,0.95,1,0,-0.91,1,1,-1,-0.34,0.99,-0.98,1,-0.99,-0.98,0.95,-1,1,-1,-0.98,1,-0.97,1,-0.98,-1,-1,-1,1,-1,-1,-1,1,-0.99,-1,0.98,-0.96,-0.91,-1,1,-1,0.72,1,-0.92,1,-0.77,0.87,1,-0.83,1,0.48,1,1,-0.95,1,0.35,0.98,1,1,1,1,0.66,-0.39,0.78,0.35,1,1,-0.44,-0.28,-0.43,0.97,-0.78,0.55,1,1,1,0.99,1,-0.5,1,0.98,-0.71,1,-0.37,0.5,0.81,0.92,-1,1,0.18,0.99,0.77,0.95,0.19,1,1,1,1,1,1,1,1,1,1,1,1,1,1,1,1,1,1,1,1,1,1,1,1,1,1,1,1,1,1,1,1,1,1
"302-60-0.22",1,1,1,1,1,1,1,1,1,1,1,0.97,-0.04,-0.74,1,-1,-0.99,0.01,1,-0.91,0,0.86,1,-0.83,-1,0.42,0.35,1,0.21,-0.2,0.57,0.37,1,0.22,0.15,0.76,0.47,1,0.2,0.14,-0.15,0.04,1,0.21,0.23,-0.02,1,0.26,0.05,0.99,0.37,-0.03,-0.04,1,0.32,0.04,1,0.42,1,0.16,0.43,0.94,-0.12,1,0.13,0.95,1,-0.23,1,-0.28,0.64,1,1,0.98,1,0.74,-0.7,0.16,0.09,1,0.91,-0.12,-0.23,-0.72,0.61,-0.7,0.4,0.97,0.9,0.79,0.85,0.98,0.13,1,0.96,-0.25,1,-0.03,0.36,0.48,0.72,-0.93,0.99,0.28,0.07,0.03,0.31,-0.62,0.98,0.71,0.78,1,1,1,1,1,1,1,1,1,1,1,1,1,1,1,1,1,1,1,1,1,1,1,1,1,1,1,1,1,1,1
"304-100-0.22",1,1,1,1,1,1,1,1,1,1,1,1,-0.01,1,0.12,1,1,-1,-0.52,1,0.86,0,0.1,1,0.85,-0.42,1,0.25,1,1,-0.1,1,0.01,1,1,-0.72,1,-0.52,1,1,1,1,-0.22,1,1,1,0.67,1,1,0.82,1,1,1,0.99,1,0.49,0.41,1,0.87,0.99,0.22,0.59,0.99,0.76,-0.06,-0.31,0.68,1,1,0.95,-0.19,0.4,0.88,0.16,0.59,0.99,0.84,-0.4,1,0.37,0.13,1,0.9,0.77,-0.54,0.95,0.9,0.7,1,0.99,0.99,1,1,1,1,1,1,1,1,0.81,0.39,1,-0.22,1,0.5,1,0.44,0.99,0.97,0.99,0.99,1,1,1,1,1,1,1,1,1,1,1,1,1,1,1,1,1,1,1,1,1,1,1,1,1,1,1,1,1,1,1
"304-200-0.22",1,1,1,1,0.99,1,1,1,1,0.97,1,1,0.61,1,-1,1,1,0.53,-0.89,1,1,0.1,0,1,1,0.74,1,-0.85,1,1,0.94,1,-0.38,1,1,0.82,1,-0.82,1,1,1,1,-0.79,1,1,1,-0.97,1,1,-0.29,1,1,1,-0.33,1,0.99,0.29,1,-0.68,1,0.97,-0.41,1,-0.52,0.31,-0.21,-0.31,1,0.42,1,0.86,-0.64,-0.55,0.58,0.2,0.57,0.99,0.17,1,-0.96,-0.84,1,0.91,1,-0.91,1,0.99,-0.31,1,1,1,1,1,0.44,0.97,1,-0.02,1,1,0.79,-0.55,1,0.7,1,0.99,1,0.96,1,0.97,1,1,1,1,1,1,1,1,1,1,1,1,1,1,1,1,1,1,1,0.99,1,0.55,1,1,1,1,1,1,0.99,1,0.25,1,1
"304-40-0.22",1,1,1,1,1,1,1,1,1,1,1,0.99,0.86,-0.73,1,-1,-0.94,0.99,1,-1,-0.83,1,1,0,-0.55,1,-0.98,1,-0.99,-0.98,0.99,-0.99,1,-1,-0.97,1,-0.98,1,-1,-1,-1,-0.99,1,-1,-0.99,-1,1,-0.98,-0.99,0.99,-0.98,-0.97,-0.99,1,-0.97,0.92,1,-0.88,1,-0.71,0.98,1,-0.54,1,0.89,1,1,-0.81,1,0.43,1,1,1,1,1,0.8,-0.15,0.74,0.37,1,1,-0.31,-0.23,-0.5,0.97,-0.85,0.62,1,1,1,0.99,1,-0.29,1,1,-0.59,1,-0.26,0.64,0.83,0.98,-1,1,0.16,0.98,0.64,0.96,-0.01,1,1,1,1,1,1,1,1,1,1,1,1,1,1,1,1,1,1,1,1,1,1,1,1,1,1,1,1,1,1,1,1,1,1
"304-70-0.22",1,1,1,1,1,1,1,1,1,1,1,1,-0.13,-0.19,1,-0.43,-0.45,-0.38,1,-0.34,-1,0.85,1,-0.55,0,0.6,0.76,1,0.67,0.55,0.77,0.67,1,0.53,0.59,0.85,0.77,1,0.61,0.02,0.04,0.42,1,0.5,0.57,0.33,1,0.67,0.4,1,0.78,0.65,0.28,1,0.72,-0.21,1,0.73,1,0.29,0.56,0.98,0.26,1,0.25,0.98,1,0.13,1,-0.31,0.77,1,1,0.99,1,0.75,-0.73,0.27,0.31,1,0.97,-0.04,-0.43,-0.96,0.78,-1,0.38,0.95,0.97,0.97,0.91,0.99,0.62,1,0.98,-0.51,1,-0.49,0.26,0.56,0.83,-0.47,1,0.74,0.66,0.57,0.57,-0.57,1,0.9,0.95,1,1,1,1,1,1,1,1,1,1,1,1,1,1,1,1,1,1,1,1,1,1,1,1,1,1,1,1,1,1,1
"306-100-0.22",1,1,1,1,1,1,1,1,1,1,1,1,-0.26,1,0.93,0.99,1,-0.84,0.5,0.99,0.42,-0.42,0.74,1,0.6,0,0.99,0.77,0.99,0.89,-1,0.99,0.55,0.98,0.87,-1,0.99,0.02,0.99,0.96,0.92,0.94,-0.08,0.97,0.99,0.94,0.94,0.99,0.93,0.95,0.99,0.94,0.96,1,0.97,-0.82,0.6,0.98,0.99,0.49,-0.66,0.63,0.77,0.99,-0.49,-0.06,0.94,0.8,1,0.61,-0.35,0.91,1,0.25,0.77,1,0.63,-0.14,1,0.8,0.4,1,0.75,0.79,0.21,0.93,0.98,0.97,1,1,1,1,1,1,0.99,1,1,1,0.99,0.99,0.89,1,0.84,1,0.75,1,0.45,0.98,1,1,1,1,1,1,1,1,1,1,1,1,1,1,1,1,1,1,1,1,1,1,1,1,1,1,1,1,1,1,1,1,1,1
"306-20-0.22",1,1,1,1,1,1,1,1,1,1,1,1,0.94,-0.23,1,-0.89,-0.46,1,1,-0.98,0.35,1,1,-0.98,0.76,0.99,0,1,-1,-1,0.93,-1,1,-1,-1,1,-1,1,-1,-1,-1,-1,1,-1,-1,-1,1,-1,-1,1,-1,-1,-1,1,-1,0.61,1,-1,1,-1,0.79,1,-0.96,1,0.81,1,1,-1,1,0.38,1,1,1,1,1,0.91,0.1,0.97,0.87,1,1,-0.26,-0.05,0.41,1,0.78,0.93,1,1,1,1,1,0.84,1,1,0.97,1,1,1,0.99,1,-1,1,0.59,1,0.99,1,0.99,1,1,1,1,1,1,1,1,1,1,1,1,1,1,1,1,1,1,1,1,1,1,1,1,1,1,1,1,1,1,1,1,1,1
"306-200-0.22",1,1,1,1,1,1,1,1,1,0.97,1,1,0.86,1,-0.59,1,1,0.91,-0.72,1,1,0.25,-0.85,1,1,0.77,1,0,1,1,0.91,1,-1,1,1,0.88,1,-0.96,1,1,1,1,-0.89,1,1,1,-0.96,1,1,-0.24,1,1,1,0.08,1,1,0.5,1,-0.3,1,0.99,-0.24,1,-0.35,0.86,0.2,-0.09,1,0.81,1,0.96,-0.15,-0.26,0.96,0.61,0.87,1,0.71,1,-0.67,-0.75,1,1,1,-0.58,1,1,0.27,1,1,1,1,1,0.74,1,1,0.29,1,1,0.99,0.3,1,0.94,1,1,1,0.99,1,0.99,1,1,1,1,1,1,1,1,1,1,1,1,1,1,1,1,0.74,1,1,0.99,1,0.64,1,1,1,1,1,1,0.94,1,0.66,1,1
"306-40-0.22",1,1,1,1,1,1,1,1,1,1,1,1,0.92,-0.32,1,-0.91,-0.61,1,1,-0.99,0.21,1,1,-0.99,0.67,0.99,-1,1,0,-1,0.89,-1,1,-1,-1,0.99,-1,1,-1,-1,-1,-1,1,-1,-1,-1,1,-1,-1,0.99,-1,-1,-1,1,-1,0.53,1,-1,1,-1,0.75,1,-0.97,1,0.79,1,1,-1,1,0.28,1,1,1,1,1,0.87,-0.05,0.94,0.81,1,1,-0.3,-0.13,0.26,0.99,0.72,0.91,1,1,1,1,1,0.81,1,1,0.98,1,1,1,0.99,1,-1,1,0.53,1,0.98,1,0.98,1,1,1,1,1,1,1,1,1,1,1,1,1,1,1,1,1,1,1,1,1,1,1,1,1,1,1,1,1,1,1,1,1,1
"306-60-0.22",1,1,1,1,1,1,1,1,1,1,1,1,0.81,-0.14,1,-0.98,-0.57,0.97,1,-0.98,-0.2,1,1,-0.98,0.55,0.89,-1,1,-1,0,0.79,-1,1,-1,-1,0.96,-1,1,-1,-1,-1,-1,1,-1,-1,-1,1,-1,-1,1,-1,-1,-1,1,-1,0.28,1,-1,1,-1,0.65,1,-0.94,1,0.71,1,1,-0.97,1,0.35,0.97,1,1,1,1,0.97,-0.03,0.9,0.91,1,1,0.07,0.13,0.18,0.98,0.65,0.94,1,1,1,1,1,0.91,1,1,0.97,1,0.99,1,0.98,1,-1,1,0.81,1,0.97,0.99,0.97,1,1,1,1,1,1,1,1,1,1,1,1,1,1,1,1,1,1,1,1,1,1,1,1,1,1,1,1,1,1,1,1,1,1
"307-100-0.22",1,1,1,1,1,1,1,1,1,1,1,1,0.17,1,0.99,0.98,1,-0.53,0.86,0.95,0.57,-0.1,0.94,0.99,0.77,-1,0.93,0.91,0.89,0.79,0,0.91,0.77,0.85,0.66,-1,0.94,0.22,0.91,0.67,0.7,0.65,0.38,0.81,0.87,0.59,1,0.89,0.65,0.98,0.9,0.81,0.68,1,0.85,-0.99,0.92,0.83,1,0.28,-0.82,0.92,0.61,1,-0.42,0.41,1,0.67,1,0.62,-0.18,0.99,1,0.79,0.99,0.99,0.54,0.17,1,0.98,0.84,0.99,0.65,0.77,0.56,0.98,1,1,1,1,1,1,1,1,1,1,1,1,0.99,1,0.96,0.96,0.99,1,0.9,1,0.84,0.99,1,1,1,1,1,1,1,1,1,1,1,1,1,1,1,1,1,1,1,1,1,1,1,1,1,1,1,1,1,1,1,1,1,1
"307-20-0.22",1,1,1,1,1,1,1,1,1,1,1,0.99,0.97,-0.13,1,-1,-0.46,1,1,-1,0.37,1,1,-0.99,0.67,0.99,-1,1,-1,-1,0.91,0,1,-1,-1,1,-1,1,-1,-1,-1,-1,1,-1,-1,-1,1,-1,-1,0.96,-1,-1,-1,1,-1,0.61,1,-1,1,-0.99,0.77,1,-0.93,1,0.8,1,1,-1,1,0.37,1,1,1,1,1,0.9,0,0.94,0.84,1,1,-0.2,-0.06,0.26,0.99,0.71,0.9,1,1,1,1,1,0.73,1,1,0.97,1,1,1,0.96,0.99,-1,1,0.1,0.99,0.87,1,0.95,1,1,1,1,1,1,1,1,1,1,1,1,1,1,1,1,1,1,1,1,1,1,1,1,1,1,1,1,1,1,1,1,1,1
"307-200-0.22",1,1,1,1,1,1,1,1,1,1,1,1,0.9,1,0.21,1,1,0.7,-0.42,1,1,0.01,-0.38,1,1,0.55,1,-1,1,1,0.77,1,0,1,1,0.67,1,-1,1,1,1,1,-1,1,1,1,-0.12,1,1,0.55,1,1,1,0.84,1,0.95,0.6,1,0.72,1,0.95,0.18,1,0.7,0.84,0.44,0.44,1,1,1,0.77,0.55,0.84,0.91,0.87,0.99,1,0.55,1,-0.25,-0.63,1,1,1,-0.12,1,1,0.89,1,1,1,1,1,0.99,1,1,0.97,1,1,1,0.65,1,0.98,1,1,1,1,1,1,1,1,1,1,1,1,1,1,1,1,1,1,1,1,1,1,0.86,1,1,1,1,0.99,1,1,1,1,1,1,1,1,1,1,1
"307-40-0.22",1,1,1,1,1,1,1,1,1,1,1,0.99,0.95,-0.21,1,-1,-0.58,0.99,1,-1,0.22,1,1,-1,0.53,0.98,-1,1,-1,-1,0.85,-1,1,0,-1,0.99,-1,1,-1,-1,-1,-1,1,-1,-1,-1,1,-1,-1,0.93,-1,-1,-1,1,-1,0.45,1,-1,1,-1,0.67,1,-0.97,1,0.72,1,1,-1,1,0.24,0.99,1,1,1,1,0.84,-0.11,0.93,0.73,1,1,-0.35,-0.2,0.06,0.98,0.54,0.9,1,1,1,1,1,0.58,1,1,0.94,1,0.99,1,0.97,0.99,-1,1,0.05,0.99,0.84,0.99,0.93,1,1,1,1,1,1,1,1,1,1,1,1,1,1,1,1,1,1,1,1,1,1,1,1,1,1,1,1,1,1,1,1,1,1
"307-60-0.22",1,1,1,1,1,1,1,1,1,1,1,1,0.93,0.2,1,-0.93,-0.24,0.97,1,-0.98,0.15,1,1,-0.97,0.59,0.87,-1,1,-1,-1,0.66,-1,1,-1,0,0.92,-1,1,-1,-1,-1,-1,1,-1,-1,-1,1,-1,-1,0.99,-1,-1,-1,1,-1,0.08,1,-1,1,-1,0.49,1,-0.9,1,0.72,1,1,-0.95,1,0.31,0.95,1,1,1,1,0.97,0.1,0.89,0.94,1,1,0.07,0.22,0.34,0.98,0.69,0.97,1,1,1,1,1,0.9,1,1,0.98,1,1,1,0.99,0.99,-1,1,0.68,1,0.98,0.99,0.98,1,1,1,1,1,1,1,1,1,1,1,1,1,1,1,1,1,1,1,1,1,1,1,1,1,1,1,1,1,1,1,1,1,1
"310-100-0.22",1,1,1,1,1,1,1,1,1,1,1,1,0.16,1,0.94,1,1,-0.69,0.69,1,0.76,-0.72,0.82,1,0.85,-1,1,0.88,0.99,0.96,-1,1,0.67,0.99,0.92,0,1,-0.31,1,0.94,0.96,0.95,-0.14,0.98,0.99,0.94,0.97,0.99,0.96,0.97,1,0.96,0.96,1,0.99,-0.69,0.81,0.99,1,0.68,-0.44,0.86,0.9,0.99,-0.23,0.25,0.98,0.94,1,0.9,-0.13,0.97,1,0.62,0.94,1,0.83,0.05,1,0.95,0.68,1,0.91,0.93,0.38,0.99,1,1,1,1,1,1,1,1,1,1,1,1,1,1,0.95,1,0.74,1,0.81,1,0.8,1,1,1,1,1,1,1,1,1,1,1,1,1,1,1,1,1,1,1,1,1,1,1,1,1,1,1,1,1,1,1,1,1,1,1
"310-20-0.22",1,1,1,1,1,1,1,1,1,1,1,1,0.99,-0.12,1,-0.78,-0.37,1,1,-0.97,0.47,1,1,-0.98,0.77,0.99,-1,1,-1,-1,0.94,-1,1,-1,-1,1,0,1,-1,-1,-1,-1,1,-1,-1,-1,1,-1,-1,0.98,-1,-1,-1,1,-1,0.62,1,-1,1,-1,0.83,1,-0.98,1,0.8,1,1,-0.99,1,0.41,0.99,1,1,1,1,0.9,0.12,0.97,0.83,1,1,-0.26,0.05,0.33,1,0.58,0.91,1,1,1,1,1,0.81,1,1,0.98,1,1,1,0.99,1,-1,1,0.6,1,0.99,1,0.99,1,1,1,1,1,1,1,1,1,1,1,1,1,1,1,1,1,1,1,1,1,1,1,1,1,1,1,1,1,1,1,1,1,1
"310-200-0.22",1,1,1,1,1,1,1,1,0.99,0.99,1,1,0.45,1,-0.97,1,1,0.36,-0.66,1,1,-0.52,-0.82,1,1,0.02,1,-0.96,1,1,0.22,1,-1,1,1,-0.31,1,0,1,1,1,1,-1,1,1,1,-0.99,1,1,-0.13,1,1,1,0.39,1,0.9,0.21,1,0.14,1,0.84,0.19,1,0.21,0.44,-0.3,-0.08,1,0.7,1,0.68,0.11,0.17,0.48,0.32,0.91,0.99,0.18,1,-0.6,-0.46,1,0.94,1,-0.44,1,1,0.53,1,1,1,1,1,0.82,0.99,1,0.48,1,1,1,0.41,1,0.1,1,0.97,1,0.87,1,1,1,1,1,1,1,1,1,1,1,1,1,1,1,1,1,1,0.99,1,1,0.99,1,0.82,1,1,1,1,1,1,0.97,1,0.78,1,1
"310-40-0.22",1,1,1,1,1,1,1,1,1,1,1,1,0.97,-0.25,1,-0.85,-0.52,0.99,1,-0.98,0.2,1,1,-1,0.61,0.99,-1,1,-1,-1,0.91,-1,1,-1,-1,1,-1,1,0,-1,-1,-1,1,-1,-1,-1,1,-1,-1,0.99,-1,-1,-1,1,-1,0.49,1,-1,1,-1,0.79,1,-0.98,1,0.79,1,1,-0.99,1,0.38,0.99,1,1,1,1,0.94,0.17,0.95,0.84,1,1,-0.23,0.05,0.25,1,0.43,0.93,1,1,1,1,1,0.75,1,1,0.95,1,0.98,1,0.99,1,-1,1,0.71,1,0.99,1,0.96,1,1,1,1,1,1,1,1,1,1,1,1,1,1,1,1,1,1,1,1,1,1,1,1,1,1,1,1,1,1,1,1,1,1
"310-60-0.22",1,1,1,1,1,1,1,1,1,1,1,0.99,0.98,-0.2,1,-1,-0.96,0.99,1,-1,0.14,1,1,-1,0.02,0.96,-1,1,-1,-1,0.67,-1,1,-1,-1,0.94,-1,1,-1,0,-1,-1,1,-1,-1,-1,1,-1,-1,0.97,-1,-1,-1,1,-1,0.42,1,-1,1,-1,0.73,1,-0.81,1,0.78,1,1,-0.97,1,0.53,0.98,1,1,1,1,0.99,0.47,0.92,0.86,1,1,0.11,0.35,0.48,0.96,0.56,0.98,1,1,1,1,1,0.8,1,1,0.98,1,0.99,1,0.98,0.99,-1,1,-0.28,0.96,0.67,0.99,0.82,1,1,1,1,1,1,1,1,1,1,1,1,1,1,1,1,1,1,1,1,1,1,1,1,1,1,1,1,1,1,1,1,1,1
"311-100-0.22",1,1,1,1,1,1,1,1,1,1,1,0.98,0.96,-0.22,1,-1,-0.94,0.97,1,-1,-0.15,1,1,-1,0.04,0.92,-1,1,-1,-1,0.7,-1,1,-1,-1,0.96,-1,1,-1,-1,0,-1,1,-1,-1,-1,1,-1,-1,0.98,-1,-1,-1,1,-1,0.28,1,-1,1,-1,0.63,1,-0.84,1,0.54,1,1,-0.98,1,0.42,0.94,1,1,1,1,0.98,0.27,0.92,0.83,1,1,0.07,0.38,0.4,0.97,0.44,0.96,1,1,1,1,1,0.69,1,1,0.89,1,0.94,0.98,0.99,0.99,-1,1,-0.16,0.95,0.76,0.98,0.74,1,1,1,1,1,1,1,1,1,1,1,1,1,1,1,1,1,1,1,1,1,1,1,1,1,1,1,1,1,1,1,1,1,1
"311-20-0.22",1,1,1,1,1,1,1,1,1,1,1,0.93,0.89,-0.42,1,-1,-0.89,0.97,1,-1,0.04,1,1,-0.99,0.42,0.94,-1,1,-1,-1,0.65,-1,1,-1,-1,0.95,-1,1,-1,-1,-1,0,1,-1,-1,-1,1,-1,-1,0.58,-1,-1,-1,1,-1,0.32,1,-1,1,-1,0.59,0.99,-0.92,1,0.57,1,1,-0.99,1,0.33,0.98,1,1,1,1,0.91,0.3,0.89,0.67,1,0.98,-0.31,-0.11,0.13,0.93,0.38,0.89,1,1,1,1,1,0.46,1,1,0.9,1,0.98,1,0.95,0.98,-1,1,-0.5,0.95,0.6,0.97,0.74,1,1,1,1,1,1,1,1,1,1,1,1,1,1,1,1,1,1,1,1,1,1,1,1,1,1,1,1,1,1,1,1,1,1
"311-200-0.22",1,1,1,1,1,1,1,1,1,1,1,1,0.55,1,-0.73,1,1,0.35,-0.49,1,1,-0.22,-0.79,1,1,-0.08,1,-0.89,1,1,0.38,1,-1,1,1,-0.14,1,-1,1,1,1,1,0,1,1,1,-1,1,1,-0.18,1,1,1,0.24,1,0.92,0.03,1,0.05,1,0.7,0.25,1,0.28,0.34,-0.43,-0.22,1,0.8,1,0.55,0.13,0.13,0.36,0.32,0.93,1,0.38,1,-0.55,-0.27,1,0.97,1,-0.24,1,1,0.38,1,1,1,1,1,0.88,1,1,0.62,1,1,0.99,0.34,1,0.44,1,0.99,1,0.9,1,0.99,1,1,1,1,1,1,1,1,1,1,1,1,1,1,1,1,0.96,1,1,1,1,0.77,1,1,1,1,1,1,0.99,1,0.68,1,1
"311-40-0.22",1,1,1,1,1,1,1,1,1,1,1,0.99,0.93,-0.17,1,-1,-0.57,0.98,1,-1,0.21,1,1,-1,0.5,0.97,-1,1,-1,-1,0.81,-1,1,-1,-1,0.98,-1,1,-1,-1,-1,-1,1,0,-1,-1,1,-1,-1,0.78,-1,-1,-1,1,-1,0.47,1,-1,1,-0.98,0.7,0.99,-0.87,1,0.64,1,1,-0.97,1,0.43,0.99,1,1,1,1,0.97,0.34,0.95,0.82,1,0.99,-0.16,0.04,0.23,0.96,0.55,0.94,1,1,1,1,1,0.66,1,1,0.95,1,0.99,1,0.98,0.99,-1,1,-0.01,0.99,0.84,0.99,0.87,1,1,1,1,1,1,1,1,1,1,1,1,1,1,1,1,1,1,1,1,1,1,1,1,1,1,1,1,1,1,1,1,1,1
"311-60-0.22",1,1,1,1,1,1,1,1,1,1,1,0.99,0.97,-0.17,1,-1,-0.51,0.99,1,-1,0.23,1,1,-0.99,0.57,0.99,-1,1,-1,-1,0.87,-1,1,-1,-1,0.99,-1,1,-1,-1,-1,-1,1,-1,0,-1,1,-1,-1,0.85,-1,-1,-1,1,-1,0.47,1,-1,1,-0.99,0.74,1,-0.88,1,0.71,1,1,-0.95,1,0.46,0.99,1,1,1,1,0.95,0.38,0.94,0.88,1,0.99,-0.16,0.02,0.28,0.98,0.54,0.96,1,1,1,1,1,0.66,1,1,0.94,1,0.99,1,0.98,0.99,-1,1,0.29,1,0.94,1,0.91,1,1,1,1,1,1,1,1,1,1,1,1,1,1,1,1,1,1,1,1,1,1,1,1,1,1,1,1,1,1,1,1,1,1
"312-20-0.22",1,1,1,1,1,1,1,1,1,1,1,0.91,0.91,-0.39,1,-1,-0.81,0.97,1,-1,-0.02,1,1,-1,0.33,0.94,-1,1,-1,-1,0.59,-1,1,-1,-1,0.94,-1,1,-1,-1,-1,-1,1,-1,-1,0,1,-1,-1,0.55,-1,-1,-1,1,-1,0.23,1,-1,1,-0.99,0.46,0.99,-0.9,1,0.53,1,1,-0.97,1,0.19,0.96,1,1,1,1,0.82,0.06,0.84,0.65,1,0.99,-0.41,-0.25,0.04,0.94,0.44,0.93,1,1,1,1,1,0.43,1,1,0.9,1,0.99,1,0.96,1,-1,1,-0.49,0.97,0.65,0.98,0.9,1,1,1,1,1,1,1,1,1,1,1,1,1,1,1,1,1,1,1,1,1,1,1,1,1,1,1,1,1,1,1,1,1,1
"312-200-0.22",1,1,1,1,1,1,1,1,1,1,1,1,0.96,1,-0.44,1,1,0.93,-0.39,1,1,0.67,-0.97,1,1,0.94,1,-0.96,1,1,1,1,-0.12,1,1,0.97,1,-0.99,1,1,1,1,-1,1,1,1,0,1,1,-0.74,1,1,1,-0.52,1,1,0.39,1,-0.01,1,0.99,-0.72,1,0.16,0.87,0.45,-0.34,1,0.46,1,0.99,-0.06,-0.02,0.94,0.58,0.86,1,0.94,1,-0.98,-0.95,1,1,1,-0.75,1,1,0.36,1,1,1,1,1,0.6,1,1,0.34,1,1,1,0.24,1,1,1,1,1,1,1,1,1,1,1,1,1,1,1,1,1,1,1,1,1,1,1,1,1,1,1,1,1,0.84,1,1,1,1,1,1,1,1,0.39,1,1
"312-60-0.22",1,1,1,1,1,1,1,1,1,1,1,1,0.98,-0.06,1,-0.95,-0.35,0.99,1,-0.99,0.26,1,1,-0.98,0.67,0.99,-1,1,-1,-1,0.89,-1,1,-1,-1,0.99,-1,1,-1,-1,-1,-1,1,-1,-1,-1,1,0,-1,0.92,-1,-1,-1,1,-1,0.54,1,-1,1,-0.98,0.79,1,-0.88,1,0.74,1,1,-0.94,1,0.55,0.98,1,1,1,1,0.96,0.47,0.95,0.9,1,1,-0.06,0.15,0.36,0.99,0.68,0.98,1,1,1,1,1,0.72,1,1,0.94,1,0.99,1,0.99,0.98,-1,1,0.52,1,0.98,1,0.98,1,1,1,1,1,1,1,1,1,1,1,1,1,1,1,1,1,1,1,1,1,1,1,1,1,1,1,1,1,1,1,1,1,1
"313-20-0.22",1,1,1,1,1,1,1,1,1,1,1,0.97,0.8,-0.41,1,-0.96,-0.73,0.97,1,-1,0.05,1,1,-0.99,0.4,0.93,-1,1,-1,-1,0.65,-1,1,-1,-1,0.96,-1,1,-1,-1,-1,-1,1,-1,-1,-1,1,-1,0,0.76,-1,-1,-1,1,-1,0.11,1,-1,1,-1,0.32,1,-1,1,0.24,1,1,-1,1,-0.02,0.92,1,1,1,1,0.8,-0.06,0.93,0.75,1,1,-0.46,-0.28,0.03,0.98,0.59,0.9,1,1,1,1,1,0.24,1,1,0.74,1,0.94,0.98,0.98,0.99,-0.99,1,0.05,0.99,0.94,0.95,0.83,1,1,1,1,1,1,1,1,1,1,1,1,1,1,1,1,1,1,1,1,1,1,1,1,1,1,1,1,1,1,1,1,1,1
"313-200-0.22",1,1,1,1,1,1,1,1,1,1,1,1,0.95,1,0.32,1,1,0.93,0.13,0.98,0.99,0.82,-0.29,0.99,1,0.95,1,-0.24,0.99,1,0.98,0.96,0.55,0.93,0.99,0.97,0.98,-0.13,0.99,0.97,0.98,0.58,-0.18,0.78,0.85,0.55,-0.74,0.92,0.76,0,0.99,1,0.8,-0.34,0.99,0.94,-0.4,0.98,-0.13,0.98,0.94,-0.98,0.8,-0.46,0.58,-0.11,-0.88,0.89,0.73,0.98,0.87,-0.83,-0.44,0.6,-0.16,0.55,0.93,0.98,1,-0.38,-0.98,1,0.99,1,-0.14,1,1,0.53,1,1,1,1,1,0.98,1,1,0.78,1,1,1,0.3,1,0.99,1,1,1,1,1,1,1,1,1,1,1,1,1,1,1,1,1,1,1,1,1,1,1,1,1,1,1,0.92,1,1,1,1,1,1,1,1,0.71,1,1
"313-60-0.22",1,1,1,1,1,1,1,1,1,1,1,1,0.99,-0.05,1,-0.77,-0.38,1,1,-0.96,0.37,1,1,-0.98,0.78,0.99,-1,1,-1,-1,0.9,-1,1,-1,-1,1,-1,1,-1,-1,-1,-1,1,-1,-1,-1,1,-1,-1,0.99,0,-1,-1,1,-1,0.61,1,-1,1,-1,0.78,1,-0.94,1,0.77,1,1,-0.99,1,0.53,0.99,1,1,1,1,0.97,0.31,0.98,0.94,1,1,0.01,0.27,0.49,1,0.8,0.98,1,1,1,1,1,0.84,1,1,0.98,1,1,1,0.99,1,-1,1,0.79,1,1,1,0.99,1,1,1,1,1,1,1,1,1,1,1,1,1,1,1,1,1,1,1,1,1,1,1,1,1,1,1,1,1,1,1,1,1,1
"313-90-0.22",1,1,1,1,1,1,1,1,1,1,1,1,0.97,0.11,1,-0.73,-0.23,0.99,1,-0.91,-0.03,1,1,-0.97,0.65,0.94,-1,1,-1,-1,0.81,-1,1,-1,-1,0.96,-1,1,-1,-1,-1,-1,1,-1,-1,-1,1,-1,-1,1,-1,0,-1,1,-1,-0.02,1,-1,1,-1,0.49,1,-0.93,1,0.62,1,1,-0.92,1,0.41,0.92,1,1,1,1,0.98,0.06,0.94,0.95,1,1,0.28,0.5,0.59,1,0.61,0.99,1,1,1,1,1,0.93,1,1,0.95,1,0.98,0.99,1,1,-1,1,0.89,1,0.99,0.99,0.98,1,1,1,1,1,1,1,1,1,1,1,1,1,1,1,1,1,1,1,1,1,1,1,1,1,1,1,1,1,1,1,1,1,1
"314-20-0.22",1,1,1,1,1,1,1,1,1,1,1,0.85,0.86,-0.47,1,-1,-0.78,0.97,1,-1,-0.04,1,1,-0.99,0.28,0.96,-1,1,-1,-1,0.68,-1,1,-1,-1,0.96,-1,1,-1,-1,-1,-1,1,-1,-1,-1,1,-1,-1,0.8,-1,-1,0,1,-1,0.01,1,-1,1,-1,0.24,1,-0.99,1,0.34,1,1,-1,1,-0.15,0.95,1,1,1,1,0.44,-0.51,0.76,0.49,1,0.99,-0.59,-0.52,-0.08,0.94,0.43,0.77,1,1,1,1,1,0.28,1,1,0.78,1,0.94,0.99,0.92,0.96,-1,1,-0.5,0.91,0.61,0.93,0.9,1,1,1,1,1,1,1,1,1,1,1,1,1,1,1,1,1,1,1,1,1,1,1,1,1,1,1,1,1,1,1,1,1,1
"314-200-0.22",1,1,1,0.99,0.93,1,1,1,0.95,0.58,1,1,0.99,1,0.28,1,1,1,0.51,1,1,0.99,-0.33,1,1,1,1,0.08,1,1,1,1,0.84,1,1,1,1,0.39,1,1,1,1,0.24,1,1,1,-0.52,1,1,-0.34,1,1,1,0,1,1,0.51,1,-1,1,1,-0.71,1,-1,0.99,0.34,-0.41,1,-0.77,1,1,-0.87,-1,0.98,0.63,-0.54,0.99,1,1,-0.34,-0.51,1,1,1,-0.45,1,1,-0.06,1,1,1,1,1,0.44,0.98,1,-0.17,1,1,0.99,-0.06,1,1,1,1,1,1,1,0.99,1,1,0.99,1,1,1,1,0.99,1,1,1,1,0.98,1,0.99,1,0.76,1,1,0.75,0.98,-0.66,1,1,1,1,0.97,1,0.65,0.98,-0.9,1,0.99
"314-60-0.22",1,1,1,1,1,1,1,1,1,1,1,1,0.96,-0.02,1,-1,-0.41,1,1,-1,0.32,1,1,-0.97,0.72,0.97,-1,1,-1,-1,0.85,-1,1,-1,-1,0.99,-1,1,-1,-1,-1,-1,1,-1,-1,-1,1,-1,-1,0.99,-1,-1,-1,1,0,0.34,1,-1,1,-1,0.62,1,-0.97,1,0.64,1,1,-0.99,1,0.24,0.99,1,1,1,1,0.88,-0.16,0.93,0.87,1,1,-0.18,-0.1,0.44,1,0.79,0.95,1,1,1,1,1,0.84,1,1,0.97,1,0.99,1,0.99,1,-1,1,0.2,0.99,0.9,1,0.98,1,1,1,1,1,1,1,1,1,1,1,1,1,1,1,1,1,1,1,1,1,1,1,1,1,1,1,1,1,1,1,1,1,1
"314-95-0.22",1,1,1,1,1,1,1,1,1,1,1,1,0.18,0.9,1,0.67,0.84,-0.22,0.97,0.72,0.04,0.49,0.99,0.92,-0.21,-0.82,0.61,1,0.53,0.28,-0.99,0.61,0.95,0.45,0.08,-0.69,0.62,0.9,0.49,0.42,0.28,0.32,0.92,0.47,0.47,0.23,1,0.54,0.11,0.94,0.61,-0.02,0.01,1,0.34,0,0.61,0.31,1,-0.57,-1,0.78,-0.14,0.99,-0.92,-0.36,0.98,-0.14,1,-0.68,-0.85,0.85,1,0.13,0.73,0.89,-0.29,0.39,0.84,0.99,0.83,0.82,0.7,0.55,0.63,0.8,0.93,0.98,0.99,0.97,0.97,1,1,1,1,0.99,1,1,0.97,0.95,0.82,0.78,0.75,0.86,0.29,0.88,0.24,0.77,0.98,0.96,0.95,1,1,1,1,1,1,1,1,1,1,1,1,1,1,1,1,1,1,1,1,1,1,1,1,1,1,1,1,1,1,1
"315-100-0.22",1,1,1,1,1,1,1,1,1,1,1,1,0.65,1,0.67,1,1,0.24,0.3,1,1,0.41,0.29,1,1,0.6,1,0.5,1,1,0.92,1,0.6,1,1,0.81,1,0.21,1,1,1,1,0.03,1,1,1,0.39,1,1,-0.4,1,1,1,0.51,1,0.61,0,1,0.28,1,0.03,-0.98,1,0.11,-0.12,-0.98,-0.79,1,1,0.98,-0.42,-0.81,0.22,-1,-1,0.87,0.96,0.57,1,-0.05,-0.96,1,1,1,-0.13,1,1,0.39,1,1,1,1,1,1,1,1,0.99,1,1,0.97,-0.08,1,0.95,1,1,1,1,1,0.99,1,1,1,1,1,1,1,1,1,1,1,1,1,1,1,1,1,1,1,1,1,0.97,1,1,1,1,1,1,1,1,0.98,1,1
"315-20-0.22",1,1,1,1,1,1,1,1,1,1,1,1,0.97,0.04,1,-0.98,-0.38,1,1,-0.92,0.42,1,1,-0.88,0.73,0.98,-1,1,-1,-1,0.83,-1,1,-1,-1,0.99,-1,1,-1,-1,-1,-1,1,-1,-1,-1,1,-1,-1,0.98,-1,-1,-1,1,-1,0.31,1,0,1,-1,0.53,1,-0.97,1,0.62,1,1,-1,1,0.25,0.98,1,1,1,1,0.9,-0.14,0.95,0.91,1,1,-0.1,0.03,0.55,0.99,0.84,0.95,1,1,1,1,1,0.88,1,1,0.99,1,1,1,0.99,1,-0.99,1,0.14,0.99,0.9,1,0.98,1,1,1,1,1,1,1,1,1,1,1,1,1,1,1,1,1,1,1,1,1,1,1,1,1,1,1,1,1,1,1,1,1,1
"315-200-0.22",1,1,1,1,0.99,1,1,1,1,0.95,1,1,0.97,1,0.41,1,1,0.99,0.32,1,1,0.87,-0.68,1,1,0.99,1,-0.3,1,1,1,1,0.72,1,1,1,1,0.14,1,1,1,1,0.05,1,1,1,-0.01,1,1,-0.13,1,1,1,-1,1,1,0.28,1,0,1,1,-0.93,1,-1,0.92,0.24,-0.2,1,-0.11,1,0.98,-0.72,-1,0.97,0.57,-0.27,0.99,0.99,1,-0.49,-0.74,1,1,1,-0.62,1,1,0.05,1,1,1,1,1,0.43,0.98,1,0.17,1,1,0.98,-0.25,1,1,1,1,1,1,1,1,1,1,1,1,1,1,1,1,1,1,1,1,1,1,1,1,0.95,1,1,0.96,1,-0.3,1,1,1,1,1,1,0.97,1,-0.45,1,1
"315-40-0.22",1,1,1,1,1,1,1,1,1,1,1,1,0.81,0.12,1,-0.98,-0.32,0.86,1,-0.77,0.16,0.99,1,-0.71,0.29,0.49,-1,1,-1,-1,0.28,-0.99,1,-1,-1,0.68,-1,1,-1,-1,-1,-1,1,-0.98,-0.99,-0.99,1,-0.98,-1,0.98,-1,-1,-1,1,-1,-0.57,1,-1,1,0,-0.31,0.96,-0.96,1,0.04,0.98,1,-0.99,1,-0.05,0.58,1,1,1,1,0.96,-0.1,0.6,0.9,1,0.98,0.1,0.18,0.43,0.91,0.85,0.93,1,1,1,1,1,0.98,1,1,1,1,1,1,0.97,0.98,-0.86,1,-0.19,0.92,0.84,0.98,0.93,1,1,1,1,1,1,1,1,1,1,1,1,1,1,1,1,1,1,1,1,1,1,1,1,1,1,1,1,1,1,1,1,1,1
"315-65-0.22",1,1,1,1,1,1,1,1,1,1,1,1,0.06,0.97,0.99,0.93,0.97,-0.43,0.92,0.87,0.43,0.22,0.97,0.98,0.56,-0.66,0.79,0.99,0.75,0.65,-0.82,0.77,0.95,0.67,0.49,-0.44,0.83,0.84,0.79,0.73,0.63,0.59,0.7,0.7,0.74,0.46,0.99,0.79,0.32,0.94,0.78,0.49,0.24,1,0.62,-1,0.03,0.53,1,-0.31,0,0.72,-0.02,0.99,-0.99,-0.71,0.93,0.14,1,-0.33,-0.96,0.81,1,-0.19,0.53,0.97,-0.18,0.24,0.95,0.97,0.69,0.92,0.68,0.76,0.46,0.92,0.97,0.96,1,1,0.99,1,1,1,1,1,1,1,1,0.97,0.84,0.95,0.81,0.96,0.59,0.97,0.63,0.97,0.99,0.99,0.99,1,1,1,1,1,1,1,1,1,1,1,1,1,1,1,1,1,1,1,1,1,1,1,1,1,1,1,1,1,1,1
"317-100-0.22",1,1,1,1,1,1,1,1,1,1,1,1,0.65,1,0.05,1,1,0.59,-0.22,1,0.94,0.59,-0.41,1,0.98,0.63,1,-0.24,1,1,0.92,1,0.18,1,1,0.86,1,0.19,1,1,1,0.99,0.25,0.99,1,0.99,-0.72,1,1,-0.98,1,1,1,-0.71,1,0.78,-0.98,1,-0.93,0.96,0.72,0,0.89,-1,0.03,-0.57,-1,0.98,0.3,0.82,0.25,-1,-1,-0.53,-1,-0.53,0.66,0.53,1,-0.84,-1,1,0.99,0.98,-0.43,0.96,0.96,-0.09,0.95,0.93,0.89,1,1,0.98,0.99,1,0.29,1,0.99,0.81,-0.34,1,0.74,1,0.99,1,0.86,0.99,0.89,0.96,0.95,1,1,1,1,1,0.98,1,1,1,1,1,1,1,1,0.99,1,1,0.91,1,0.34,1,1,1,1,1,1,0.99,1,0.45,1,1
"317-20-0.22",1,1,1,1,1,1,1,1,1,1,1,0.83,0.39,-0.68,1,-0.95,-0.42,0.88,1,-0.83,-0.12,0.99,1,-0.54,0.26,0.77,-0.96,1,-0.97,-0.94,0.61,-0.93,1,-0.97,-0.9,0.9,-0.98,1,-0.98,-0.81,-0.84,-0.92,1,-0.87,-0.88,-0.9,1,-0.88,-1,0.8,-0.94,-0.93,-0.99,1,-0.97,-0.14,1,-0.97,1,-0.96,-0.02,0.89,0,1,-0.45,0.94,1,-1,1,-0.65,0.59,1,1,0.99,1,0.28,-0.72,0.51,-0.1,0.99,0.86,-0.79,-0.6,-0.15,0.73,0.22,0.64,0.99,0.96,0.91,0.97,0.98,0.32,1,1,0.65,1,0.91,0.93,0.76,0.76,-0.88,0.98,-0.81,0.25,-0.19,0.76,0.49,1,0.91,0.94,1,1,1,1,1,1,1,1,1,1,1,1,1,1,1,1,1,1,1,1,1,1,1,1,1,1,1,1,1,1,1
"317-200-0.22",1,1,1,1,1,1,1,1,1,1,1,1,0.96,1,0.56,1,1,0.95,-0.14,1,1,0.76,-0.52,1,1,0.99,1,-0.35,1,1,1,1,0.7,1,1,0.99,1,0.21,1,1,1,1,0.28,1,1,1,0.16,1,1,-0.46,1,1,1,-1,1,0.99,0.11,1,-1,1,0.99,-1,1,0,0.76,0.45,-0.86,1,0.3,1,0.92,-0.98,-1,0.89,0.09,-0.01,0.98,0.99,1,-0.46,-0.97,1,1,1,-0.39,1,1,0.07,1,1,1,1,1,0.89,0.98,1,0.29,1,1,0.99,-0.17,1,1,1,1,1,1,1,1,1,1,1,1,1,1,1,1,1,1,1,1,1,1,1,1,1,1,1,0.97,1,0.07,1,1,1,1,1,1,1,1,0.11,1,1
"317-40-0.22",1,1,0.99,1,1,0.99,0.99,1,1,1,1,0.94,-0.58,0.78,0.75,0.82,0.84,-0.66,0.39,0.48,0.13,-0.06,0.31,0.89,0.25,-0.49,0.81,0.86,0.79,0.71,-0.42,0.8,0.84,0.72,0.72,-0.23,0.8,0.44,0.79,0.78,0.54,0.57,0.34,0.64,0.71,0.53,0.87,0.74,0.24,0.58,0.77,0.62,0.34,0.99,0.64,-0.92,-0.12,0.62,0.92,0.04,-0.99,0.03,-0.45,0.76,0,-0.92,0.51,-0.25,1,-0.77,-0.98,0.07,0.85,-0.75,-0.18,0.36,-0.66,-0.59,0.26,0.41,0.08,0.39,-0.31,-0.12,-0.07,0.28,0.21,0.52,0.68,0.58,0.49,0.97,0.96,0.91,0.86,0.78,0.99,0.93,0.63,0.21,-0.12,0.74,0.23,0.69,-0.17,0.57,-0.34,0.43,0.66,0.57,0.57,1,1,1,1,1,1,1,1,1,1,1,1,1,1,1,1,1,1,1,1,1,1,1,1,1,1,1,1,1,1,1
"317-60-0.22",1,1,1,1,0.97,1,1,1,1,1,1,1,-0.14,1,0.23,1,1,-0.5,0.08,1,0.95,-0.31,-0.21,1,0.98,-0.06,1,0.2,1,1,0.41,1,0.44,1,1,0.25,1,-0.3,1,1,1,1,-0.43,1,1,1,0.45,1,1,-0.11,1,1,1,0.34,1,-0.36,-0.98,1,0.24,0.98,-0.71,-0.57,0.94,0.45,-0.92,0,-0.02,0.99,0.87,0.56,-0.97,-0.42,0.31,-0.98,-0.78,0.51,0.43,-0.27,1,-0.23,-0.6,1,0.8,0.76,-0.71,0.97,0.8,-0.14,0.98,0.99,0.86,1,1,0.19,0.8,0.99,0.88,1,0.9,0.09,-0.74,1,0.81,0.99,0.98,1,0.84,1,0.78,0.97,0.96,1,1,1,1,1,1,1,1,1,1,1,1,1,1,1,1,1,1,1,0.9,1,1,1,1,1,1,1,1,0.88,1,1
"318-100-0.22",1,1,1,1,1,1,1,1,1,1,1,1,0.96,1,0.55,1,1,0.84,-0.06,1,1,0.68,-0.31,1,1,0.94,1,-0.09,1,1,1,1,0.44,1,1,0.98,1,-0.08,1,1,1,1,-0.22,1,1,1,-0.34,1,1,-0.88,1,1,1,-0.41,1,0.98,-0.79,1,-0.2,1,0.93,-1,1,-0.86,0.51,-0.02,0,1,0.96,1,0.64,-1,-0.6,0.42,-0.89,0.74,1,0.92,1,-0.87,-1,1,1,1,-0.13,1,1,0.51,1,1,1,1,1,1,1,1,0.91,1,1,1,0.22,1,1,1,1,1,1,1,1,1,1,1,1,1,1,1,1,1,1,1,1,1,1,1,1,1,1,1,1,1,0.87,1,1,1,1,1,1,1,1,0.9,1,1
"318-20-0.22",1,1,1,1,1,1,1,1,1,1,1,0.8,0.47,-0.8,1,-0.98,-0.76,0.95,1,-0.95,-0.23,1,1,-0.81,0.13,0.8,-1,1,-1,-0.97,0.67,-1,1,-1,-0.95,0.94,-0.99,1,-0.99,-0.97,-0.98,-0.99,1,-0.97,-0.95,-0.97,1,-0.94,-1,0.89,-0.99,-0.92,-1,1,-0.99,-0.14,1,-1,1,-0.99,0.14,0.98,-1,1,-0.25,0.99,1,0,1,-0.69,0.83,1,1,1,1,0.01,-0.9,0.6,-0.06,1,0.98,-0.84,-0.72,-0.27,0.83,0.1,0.45,1,0.99,0.97,0.96,0.98,0.15,0.99,0.99,0.48,1,0.7,0.81,0.54,0.72,-0.96,1,-0.62,0.7,0.18,0.8,0.54,1,0.98,0.99,1,1,1,1,1,1,1,1,1,1,1,1,1,1,1,1,1,1,1,1,1,1,1,1,1,1,1,1,1,1,1
"318-200-0.22",1,1,1,1,0.95,1,1,1,0.99,0.87,1,1,1,1,0.85,1,1,1,0.99,1,1,1,0.42,1,1,1,1,0.81,1,1,1,1,1,1,1,1,1,0.7,1,1,1,1,0.8,1,1,1,0.46,1,1,0.73,1,1,1,-0.77,1,1,1,1,-0.11,1,1,0.3,1,0.3,1,0.87,0.96,1,0,1,1,0.62,-0.22,1,1,0.31,0.99,0.99,1,0.4,0.61,1,1,1,-0.28,1,1,0.42,1,1,1,1,1,-0.75,0.81,1,-0.93,1,0.99,0.99,0.21,1,1,1,1,1,1,1,1,1,1,1,1,1,1,1,1,1,1,1,1,1,1,1,1,0.9,1,1,0.99,0.97,-0.12,1,1,1,1,1,1,0.97,1,-0.36,1,1
"318-40-0.22",1,1,1,1,1,0.99,0.97,1,1,1,1,0.92,0.09,-0.15,1,-0.11,0.27,0.3,1,0.35,-0.28,0.95,1,0.43,-0.31,0.61,0.38,1,0.28,0.35,0.62,0.37,1,0.24,0.31,0.9,0.41,1,0.38,0.53,0.42,0.33,1,0.43,0.46,0.19,1,0.55,-0.02,0.98,0.53,0.41,-0.15,1,0.24,-0.68,0.98,0.25,1,-0.05,-0.33,0.82,-0.65,1,-0.77,0.56,1,-0.69,1,0,-0.37,1,1,0.75,0.98,0.04,-1,0.02,-0.36,1,0.9,-0.6,-0.78,-0.68,0.81,0,0.24,0.96,0.69,0.35,0.7,0.92,0.68,1,0.98,0.64,1,0.69,0.79,0.35,0.79,0.17,0.86,-0.38,-0.67,-0.68,0.32,-0.02,0.82,0.34,0.26,1,1,1,1,1,1,1,1,1,1,1,1,1,1,1,1,1,1,1,1,1,1,1,1,1,1,1,1,1,1,1
"318-50-0.22",1,1,1,1,1,1,1,1,1,1,1,1,0.17,1,0.96,1,1,-0.58,0.77,0.98,0.64,-0.19,0.86,1,0.77,-0.35,1,0.96,1,0.97,-0.18,1,0.77,0.99,0.95,-0.13,0.99,0.68,0.99,0.98,0.94,0.98,0.55,0.99,0.99,0.96,0.99,0.98,0.92,0.87,0.99,0.92,0.95,1,0.99,-0.85,-0.42,0.98,0.98,0.58,-0.96,0.25,0.59,0.92,-0.98,-0.97,0.64,0.83,1,-0.37,0,0.21,0.97,-0.79,0,0.91,0.01,-0.16,0.92,0.82,0.32,0.97,0.74,0.52,0.25,0.82,0.84,0.84,0.96,0.93,0.91,1,1,1,0.99,0.99,1,1,0.98,0.81,0.46,1,0.57,0.99,0.67,0.96,0.49,0.85,0.85,0.86,0.88,1,1,1,1,1,1,1,1,1,1,1,1,1,1,1,1,1,1,1,1,1,1,1,1,1,1,1,1,1,1,1
"319-100-0.22",1,1,1,1,1,1,1,1,1,1,1,1,0.76,1,0.28,1,1,0.57,-0.35,1,1,0.4,-0.64,1,1,0.91,1,-0.15,1,1,0.99,1,0.55,1,1,0.97,1,0.11,1,1,1,1,0.13,1,1,1,-0.06,1,1,-0.83,1,1,1,-0.87,1,0.85,-0.81,1,-0.72,1,0.81,-1,1,-0.98,0.07,-0.42,-1,1,0.62,1,0.21,0,-0.96,-0.12,-0.96,-0.27,0.88,0.56,1,-0.86,-1,1,1,0.99,-0.75,1,1,-0.21,1,1,1,1,1,0.87,0.97,1,0.52,1,0.99,0.92,-0.6,1,0.98,1,1,1,1,1,0.99,1,1,1,1,1,1,1,1,1,1,1,1,1,1,1,1,1,1,1,0.99,1,0.55,1,1,1,1,1,1,1,1,0.63,1,1
"319-200-0.22",1,1,1,1,0.99,1,1,1,1,0.99,1,1,0.98,1,0.41,1,1,0.99,0.16,1,1,0.88,-0.55,1,1,1,1,-0.26,1,1,1,1,0.84,1,1,1,1,0.17,1,1,1,1,0.13,1,1,1,-0.02,1,1,-0.44,1,1,1,-1,1,1,0.22,1,-1,1,1,-1,1,-1,0.85,0.31,-0.6,1,-0.22,1,0.97,-0.96,0,0.92,0.21,-0.46,0.98,0.98,1,-0.77,-0.98,1,1,1,-0.66,1,1,-0.05,1,1,1,1,1,0.18,0.97,1,0.03,1,1,0.99,-0.25,1,1,1,1,1,1,1,1,1,1,1,1,1,1,1,1,1,1,1,1,1,1,1,1,1,1,1,0.98,1,-0.16,1,1,1,1,1,1,0.99,1,-0.24,1,1
"319-40-0.22",1,1,1,1,1,1,1,1,1,1,1,1,0.3,1,0.73,1,1,-0.53,0.51,1,0.98,0.16,0.58,1,0.99,0.25,1,0.96,1,1,0.79,1,0.91,1,1,0.62,1,0.48,1,1,1,1,0.36,1,1,1,0.94,1,1,0.6,1,1,1,0.98,1,0.13,-1,1,0.97,1,-0.19,-0.53,0.99,0.89,-0.75,-0.98,0.42,1,1,0.75,-0.79,-0.12,0.92,0,-0.99,0.82,0.29,-0.82,0.99,0.17,-0.51,1,0.51,0.62,0.09,0.92,0.61,0.24,0.93,0.96,0.79,1,1,0.99,1,1,1,1,1,0.06,-0.34,1,0.68,1,0.92,1,0.72,1,0.86,0.98,0.95,1,1,1,1,1,1,1,1,1,1,1,1,1,1,1,1,1,1,1,1,1,1,1,1,1,1,1,1,1,1,1
"319-60-0.22",1,1,1,1,1,1,1,1,1,1,1,1,0.73,1,0.61,1,1,0.28,0.19,1,1,0.59,0.2,1,1,0.77,1,0.61,1,1,0.99,1,0.87,1,1,0.94,1,0.32,1,1,1,1,0.32,1,1,1,0.58,1,1,-0.16,1,1,1,0.63,1,0.73,-1,1,0.57,1,0.53,-1,1,0.09,-0.18,-0.78,-0.89,1,1,0.98,0,-0.96,0.21,-0.99,0,0.58,0.63,-0.15,1,-0.61,-1,1,0.9,0.93,-0.2,1,0.98,0.26,1,1,0.99,1,1,1,1,1,1,1,1,0.65,-0.36,1,0.92,1,1,1,0.98,1,0.99,1,1,1,1,1,1,1,1,1,1,1,1,1,1,1,1,1,1,1,1,1,0.99,1,1,1,1,1,1,1,1,0.99,1,1
"320-20-0.22",1,1,1,0.97,0.96,0.99,0.97,1,1,1,1,0.91,0.66,0.43,0.88,0.84,0.9,0.96,0.93,0.66,0.74,0.99,0.57,0.8,0.75,1,0.91,0.87,0.87,0.97,0.99,0.9,0.99,0.84,0.97,1,0.9,0.91,0.94,0.99,0.98,0.91,0.93,0.97,0.95,0.82,0.86,0.96,0.8,0.55,0.97,0.98,0.44,-0.54,0.88,0.89,0.87,0.9,-0.27,0.96,0.97,-0.53,0.28,-0.01,0.36,0.51,0.74,0.01,0.31,0.04,0.91,-0.27,-0.46,0.82,0.58,0,-1,0.15,-0.54,0.1,-0.37,-0.51,-0.67,-0.32,-0.29,0.24,0.06,-0.04,0.79,0.44,0.58,0.87,0.61,0.84,1,0.84,0.83,0.98,0.99,0.29,-0.21,0.71,0.7,-0.72,0.15,-0.46,0.33,0.41,0.74,0.54,0.37,1,1,1,1,1,1,1,1,1,1,1,1,1,1,1,1,1,1,1,0.47,1,1,1,1,1,1,0.99,1,0.42,1,1
"320-60-0.22",0.95,0.93,0.93,0.96,0.99,0.88,0.71,0.99,1,1,0.94,0.2,-0.26,-0.85,0.98,-0.77,-0.62,0.31,0.97,-0.39,-0.7,0.84,0.99,-0.15,-0.73,0.63,0.1,1,-0.05,-0.03,0.54,0,1,-0.11,0.1,0.83,0.12,0.99,0.17,0.47,0.27,0.3,1,0.34,0.38,0.06,1,0.47,-0.06,0.93,0.31,0.06,-0.51,0.99,-0.16,-0.29,0.96,-0.14,0.99,-0.1,-0.18,0.66,-0.72,0.98,-0.66,0.43,1,-0.9,0.99,-1,0.01,0.88,0.98,0.29,0.63,-1,0,-0.49,-0.96,0.86,0.68,-0.99,-0.97,-0.84,0.48,-0.61,-0.51,0.61,0.09,-0.24,-0.25,0.41,0.05,0.93,0.95,-0.03,1,0.35,0.54,-0.33,0.08,-0.38,-0.64,-0.99,-1,-1,-0.93,-0.53,0.49,-0.12,-0.13,1,0.99,1,0.99,0.99,1,1,1,1,1,1,1,1,1,1,1,1,1,1,1,1,1,1,1,1,1,1,1,1,1,1
"321-200-0.22",0.96,0.9,0.92,0.96,0.98,0.96,0.87,0.98,1,1,0.98,0.84,-0.69,0.59,-0.11,0.86,0.78,-0.81,-0.16,0.78,0.16,-0.4,0.17,0.74,0.27,-0.14,0.97,0.71,0.94,0.9,0.17,0.94,0.55,0.93,0.89,0.05,0.97,0.18,0.95,0.92,0.92,0.89,0.38,0.95,0.94,0.84,0.94,0.95,0.93,0.98,0.98,0.94,0.76,1,0.93,0.39,0.57,0.95,0.99,0.6,0.24,0.53,0.51,0.99,-0.59,-0.27,0.92,0.6,0.99,0.02,-0.16,0.56,0.98,-0.82,-0.15,0.15,-0.49,0,-0.43,-0.5,0.39,-0.14,-0.91,-0.81,-0.45,-0.34,-0.49,-0.43,-0.35,-0.3,-0.51,0.66,0.82,0.72,0.94,0.72,0.99,0.92,0.73,-0.63,-0.46,0.88,-1,0.23,-1,-0.2,-1,-0.19,-0.68,-0.12,-0.26,1,1,1,0.99,0.99,1,1,1,1,1,1,1,1,1,1,1,1,1,1,1,1,1,1,1,1,1,1,1,1,1,1
"321-40-0.22",0.81,0.2,0.32,0.52,0.99,0.3,-0.31,0.97,1,1,0.9,0.31,0.11,-0.85,1,0.22,0.37,0.73,1,0.35,0.09,1,1,0.37,0.31,1,0.87,1,0.81,0.91,1,0.84,1,0.73,0.94,1,0.83,1,0.84,0.86,0.83,0.67,1,0.82,0.88,0.65,1,0.9,0.75,1,0.94,0.95,0.49,1,0.87,0.84,1,0.91,1,0.9,0.95,1,-0.1,1,0.26,1,1,-0.06,1,-0.36,0.92,1,1,0.99,1,-0.54,-0.96,-0.43,0,1,0.99,-0.99,-0.99,-1,0.86,-0.67,-0.9,0.7,-0.67,-0.71,-0.42,-0.34,-0.47,0.98,0.98,-0.29,1,0.15,0.74,-0.6,0.42,0.45,0.71,-1,-1,-1,-0.4,-0.9,0.05,-0.77,-0.68,1,0.93,1,0.97,0.99,1,0.99,1,1,1,1,1,1,1,1,1,1,1,1,1,1,1,1,1,1,1,1,1,1,1,1
"322-100-0.22",1,1,1,1,0.99,1,1,1,1,0.99,1,1,0.62,1,-1,1,1,0.72,-0.55,1,1,0.37,-0.96,1,1,0.8,1,-0.67,1,1,0.98,1,-0.25,1,1,0.95,1,-0.6,1,1,1,1,-0.55,1,1,1,-0.98,1,1,-0.38,1,1,1,-0.34,1,0.99,-0.05,1,-0.49,1,0.97,-0.84,0.99,-0.46,0.41,-0.23,-0.87,1,0.4,1,0.82,-0.86,-0.77,0.17,-0.61,0.1,0.86,-0.5,1,0,-1,1,0.85,0.93,-0.94,0.99,0.9,-0.61,0.93,0.97,0.81,1,1,0.74,1,1,0.25,1,1,0.46,-0.63,1,0.45,1,0.97,1,0.78,1,0.81,1,0.97,1,1,1,1,1,1,1,1,1,1,1,1,1,1,1,1,1,1,1,0.55,1,1,1,1,1,1,1,1,0.39,1,1
"322-200-0.22",1,1,1,1,1,1,1,1,1,1,1,1,0.45,1,-0.67,1,1,0.45,-0.68,1,0.91,0.13,-0.84,1,0.97,0.4,1,-0.75,1,1,0.84,1,-0.63,1,1,0.68,1,-0.46,1,1,1,0.98,-0.27,0.99,0.99,0.99,-0.95,1,1,-0.98,1,1,0.99,-0.51,1,0.83,-0.96,1,-0.74,0.98,0.69,-1,0.86,-0.97,0.08,-0.6,-1,0.98,0.61,0.9,0.32,-1,-0.98,-0.51,-1,-0.37,0.68,0.39,0.99,-1,0,0.99,0.93,0.96,-0.72,0.96,0.92,-0.17,0.93,0.91,0.83,1,1,0.95,0.98,1,0.12,1,0.98,0.78,-0.32,1,0.16,1,0.96,1,0.73,0.99,0.81,0.95,0.9,1,1,1,1,1,1,1,1,1,1,1,1,1,1,1,1,1,0.95,1,0.68,1,1,1,1,1,1,1,1,0.73,1,1
"322-40-0.22",0.96,0.76,0.82,0.91,1,0.73,0.53,1,1,1,0.99,0.66,0.51,-1,1,-0.89,-0.55,0.93,1,-0.44,-0.12,1,1,-0.31,-0.04,1,-0.26,1,-0.3,0.07,0.99,-0.2,1,-0.35,0.07,1,-0.26,1,-0.23,0.11,0.07,-0.31,1,-0.16,-0.16,-0.41,1,-0.06,-0.46,1,0.01,0.28,-0.59,1,-0.18,0.82,1,-0.1,1,0.1,0.92,1,-0.79,1,0.39,1,1,-0.84,1,-0.6,0.97,1,1,1,1,-0.51,-0.99,-0.14,-0.99,1,0.99,0,-1,-0.94,0.93,-0.34,-0.42,0.94,0.06,-0.26,0.02,0.29,-0.18,1,1,0.26,1,0.69,0.96,-0.15,0.78,-0.59,0.53,-1,-0.97,-1,0.01,-0.4,0.69,-0.1,-0.09,1,1,1,1,1,1,1,1,1,1,1,1,1,1,1,1,1,1,1,1,1,1,1,1,1,1,1,1,1,1,1
"322-60-0.22",0.81,0.71,0.77,0.87,0.99,0.77,0.52,1,1,1,0.89,0.22,-0.17,-0.94,0.97,-0.52,-0.41,0.31,0.96,-0.28,-0.23,0.9,0.91,-0.23,-0.43,0.75,-0.05,1,-0.13,0.13,0.65,-0.06,1,-0.2,0.22,0.91,0.05,0.94,0.05,0.35,0.38,-0.11,0.97,0.04,0.02,-0.25,1,0.15,-0.28,0.99,0.27,0.5,-0.52,1,-0.1,0.7,1,0.03,1,0.18,0.68,0.99,-0.6,1,-0.31,0.8,1,-0.72,1,-0.78,0.74,1,1,0.51,0.9,-0.67,-0.97,-0.91,-0.99,0.85,0.93,-1,0,-0.91,0.48,-0.48,-0.56,0.67,-0.14,-0.4,-0.1,0.11,-0.13,0.97,1,0.33,1,0.74,0.87,-0.49,0.45,-0.3,-0.78,-1,-1,-1,-0.94,-0.55,0.4,-0.18,-0.21,1,0.96,1,0.97,0.99,1,1,1,1,1,1,1,1,1,1,1,1,1,1,1,1,1,1,1,1,1,1,1,1,1,1
"323-70-0.22",0.89,0.81,0.86,0.93,0.96,0.87,0.47,0.96,1,1,0.91,0.5,-0.29,-0.89,0.98,-0.85,-0.65,-0.14,0.94,-0.43,-0.72,0.77,1,-0.5,-0.96,0.79,0.41,1,0.26,0.18,0.77,0.26,1,0.06,0.34,0.93,0.33,1,0.25,0.48,0.4,0.13,1,0.23,0.28,0.04,1,0.36,0.03,1,0.49,0.59,-0.08,1,0.44,0.55,1,0.55,1,0.43,0.76,0.98,-0.15,1,-0.12,0.76,1,-0.27,1,-0.68,0.52,0.99,1,0.62,0.93,-0.32,-0.84,-0.81,-1,0.93,0.96,-0.94,-0.91,0,0.26,-0.96,-0.67,0.26,-0.46,-0.5,-0.47,0.07,-0.37,0.88,0.9,-0.37,1,-0.04,0.21,-0.68,-0.05,-0.49,-0.71,-0.99,-1,-1,-1,-1,-0.21,-0.7,-0.64,0.99,0.97,0.99,0.96,0.96,1,1,1,1,1,1,1,1,1,1,1,1,1,1,1,1,1,1,1,1,1,1,1,1,1,1
"324-200-0.22",1,1,1,0.94,0.9,1,1,1,0.81,0.82,1,0.98,-0.18,0.98,-0.98,1,0.94,-0.17,-0.95,0.97,0.61,-0.54,-0.91,0.97,0.78,0.21,1,-0.58,0.99,0.98,0.56,0.99,-0.12,0.98,0.98,0.38,1,-0.44,1,0.96,0.97,0.93,-0.24,0.96,0.98,0.94,-0.75,0.99,0.98,-0.14,1,1,0.94,-0.45,1,0.63,-0.13,0.99,-0.62,0.91,0.46,-0.43,0.73,-0.39,-0.07,-0.71,-0.13,0.83,-0.28,0.81,0.25,-0.75,-0.66,0.09,-0.2,-0.29,0.48,-0.45,0.86,-0.94,-0.72,0.93,0.48,0.26,0,0.49,0.43,-0.85,0.49,0.54,0.36,1,0.94,-0.2,0.57,0.95,-0.62,0.98,0.5,0.19,-0.62,0.99,0.12,0.51,0.52,0.96,-0.17,0.7,-0.05,0.65,0.49,1,1,1,1,1,1,1,1,1,1,1,1,1,1,0.88,1,0.99,0.94,0.91,0.08,1,1,1,1,0.99,1,0.93,0.94,0.07,0.99,1
"324-40-0.22",0.96,0.94,0.94,0.97,0.99,0.91,0.58,0.99,1,1,0.95,0.81,0.21,-0.56,1,-0.71,-0.5,0.38,1,-0.78,-0.7,0.95,1,-0.85,-1,0.93,0.78,1,0.72,0.65,0.98,0.71,1,0.54,0.69,0.99,0.58,1,0.43,0.56,0.44,0.38,1,0.55,0.54,0.44,1,0.68,0.59,1,0.8,0.61,0.43,1,0.79,0.8,1,0.84,1,0.85,0.92,0.96,0.22,1,0.28,0.97,1,0.1,1,0,0.82,1,1,0.92,1,0.24,-0.61,-0.34,-0.67,0.99,0.96,-0.34,-0.48,-0.96,0.49,0,-0.79,0.5,-0.19,-0.22,-0.18,0.18,-0.51,0.98,0.74,-0.99,1,-0.97,-0.29,-0.63,0.16,-0.82,0.93,0.14,0.13,-0.64,-0.05,-1,0.41,-0.38,-0.17,1,0.98,1,0.99,0.99,1,1,1,1,1,1,1,1,1,1,1,1,1,1,1,1,1,1,1,1,1,1,1,1,1,1
"329-20-0.22",-0.48,-0.53,-0.54,-0.41,-0.16,-0.64,-0.99,-0.21,0.68,0.91,-0.49,-0.95,-0.29,-0.37,0.85,0.59,0.55,0.38,0.94,0.55,0.4,0.9,0.99,0.62,0.38,0.98,0.93,1,0.91,0.94,1,0.9,1,0.9,0.97,1,0.91,1,0.93,0.98,0.96,0.89,1,0.94,0.96,0.93,1,0.98,0.9,1,0.98,0.99,0.77,1,0.95,0.93,1,0.95,1,0.93,0.97,0.96,0.64,1,0.21,0.8,1,0.45,1,0.24,0.84,1,1,0.61,0.98,0.06,-0.51,-0.49,-0.9,0.9,0.92,-0.42,-0.56,-0.67,0.43,-0.79,0,-0.57,-1,-1,-1,-1,0.04,0.94,0.98,-0.46,1,-0.1,0.74,-0.98,-0.68,0.76,0.64,-0.11,-0.24,-0.9,-0.23,-0.9,-1,-1,-1,-0.03,-0.46,0.02,-0.39,-0.31,0.87,0.51,0.78,0.99,0.95,0.99,0.97,1,0.87,1,0.99,1,0.98,0.99,0.99,0.92,0.94,0.86,0.88,0.99,0.92,1,0.97,0.99,0.95,0.97
"329-200-0.22",0.92,0.85,0.91,0.67,0.62,0.97,0.87,0.97,0.92,0.93,0.96,0.96,0.39,0.99,-0.55,1,1,0.61,0.01,1,0.97,0.7,-0.31,1,0.95,0.97,1,0.27,1,1,1,1,0.89,1,1,1,1,0.53,1,1,1,1,0.38,1,1,1,0.36,1,1,0.53,1,1,1,-0.06,1,0.98,0.39,1,0.05,1,0.96,-0.09,0.99,0.07,0.52,-0.14,0.51,1,0.42,0.96,0.84,-0.21,-0.05,0.24,0.26,-0.04,0.61,-0.43,0.7,-0.61,-0.17,0.94,0.67,0.26,-0.85,0.5,-0.57,0,-0.4,-0.24,-0.56,0.63,1,0.53,0.99,0.99,0.23,1,0.99,-0.9,-1,1,0.53,0.87,0.75,0.93,0.37,0.81,-0.93,0.02,-0.19,0.9,0.98,0.78,0.97,0.97,1,1,1,1,1,1,1,1,1,0.99,1,1,0.94,1,0.35,1,1,1,1,1,1,0.93,1,0.33,1,1
"329-60-0.22",-0.1,-0.42,-0.33,-0.16,0.67,-0.19,-0.85,0.28,0.99,1,-0.06,-0.01,0.09,0.16,0.99,1,0.99,0.77,0.99,1,0.9,1,1,1,0.97,1,1,1,1,1,1,1,1,1,1,1,1,1,1,1,1,1,1,1,1,1,1,1,1,1,1,1,1,1,1,0.99,1,1,1,1,1,0.95,0.96,1,0.68,0.98,1,0.99,1,0.69,0.96,1,1,0.93,1,0.79,0.09,-0.35,-0.67,0.93,0.93,0.06,-0.14,-0.46,0.49,-0.19,-1,-0.4,0,-1,-1,-0.86,0.84,0.96,0.99,0.58,1,0.76,0.97,-1,-0.79,1,0.98,0.43,-0.12,-0.52,0.36,-0.03,-1,-1,-1,0.92,0.65,0.87,0.68,0.8,0.99,0.77,0.99,1,1,1,1,1,0.99,1,1,1,1,1,1,1,1,0.99,0.99,1,1,1,1,1,1,1
"330-20-0.22",-0.49,-0.53,-0.45,-0.32,0.25,-0.57,-0.91,-0.17,0.9,0.99,-0.52,-0.44,0.03,-0.06,0.99,1,0.97,0.71,0.99,1,0.79,0.99,1,1,0.97,1,1,1,1,1,1,1,1,1,1,1,1,1,1,1,1,1,1,1,1,1,1,1,1,1,1,1,1,1,1,0.97,1,1,1,1,1,0.93,0.91,1,0.58,0.99,1,0.97,1,0.35,0.93,1,1,0.96,1,0.44,-0.24,-0.3,-0.71,0.97,0.91,-0.26,-0.4,-0.5,0.54,-0.22,-1,-0.24,-1,0,-1,-0.95,0.95,0.99,0.99,0.73,1,0.92,0.98,-1,-0.51,1,0.99,-0.01,0.26,-0.63,0.38,0.05,-0.99,-1,-1,0.75,0.16,0.55,0.12,0.39,0.92,0.19,0.81,1,0.96,1,0.99,0.99,0.91,1,1,1,0.97,1,1,0.95,0.97,0.92,0.95,0.99,0.97,1,0.99,1,0.98,0.99
"330-60-0.22",-0.2,-0.47,-0.4,-0.29,0.54,-0.57,-0.89,0.12,0.97,1,-0.25,-0.19,-0.01,0.3,0.97,0.99,0.98,0.65,0.98,0.99,0.85,0.99,1,0.99,0.91,1,1,1,1,1,1,1,1,1,1,1,1,1,1,1,1,1,1,1,1,1,1,1,1,1,1,1,1,1,1,0.97,1,1,1,1,0.99,0.89,0.97,1,0.49,0.86,1,0.96,1,0.7,0.91,1,1,0.79,0.99,0.58,-0.25,-0.51,-0.42,0.81,0.83,0.02,-0.1,-0.47,0.36,-0.18,-1,-0.56,-1,-1,0,-0.86,0.94,0.91,0.99,0.72,1,0.92,0.95,-1,-0.81,0.99,0.86,0.65,0.05,-0.11,0.09,-0.17,-1,-1,-1,0.64,0.21,0.63,0.33,0.48,0.98,0.69,0.94,1,1,1,1,1,0.99,1,1,1,1,1,1,0.99,1,0.99,1,1,1,1,1,1,1,1
"298-20-0.22",-0.8,-0.89,-0.92,-0.82,-0.27,-1,-1,-0.78,0.24,0.87,-0.94,-1,0.4,0.44,1,1,1,1,1,1,0.98,1,1,1,0.99,1,1,1,1,1,1,1,1,1,1,1,1,1,1,1,1,1,1,1,1,1,1,1,1,1,1,1,1,1,1,1,1,1,1,1,1,1,0.98,1,0.97,1,1,0.98,1,0.92,1,1,1,1,1,0.87,0.41,0.66,-0.34,1,1,0.29,0.11,0.07,1,0.18,-1,0.63,-0.86,-0.95,-0.86,0,0.85,1,1,0.69,1,0.94,1,-0.89,0.24,1,1,0.88,0.91,-0.02,0.96,0.28,-0.37,-0.98,-0.9,-0.15,-0.65,-0.05,-0.57,-0.4,0.64,-0.22,0.38,0.91,0.63,0.92,0.77,0.94,0.45,1,0.88,0.97,0.77,0.87,1,0.62,0.7,0.4,0.5,0.91,0.62,0.94,0.85,1,0.74,0.83
"323-20-0.22",1,1,1,1,1,1,0.95,1,1,1,1,0.95,0.97,0.1,1,0.35,0.53,1,1,-0.5,0.13,1,1,-0.29,0.62,1,0.84,1,0.81,0.91,1,0.73,1,0.58,0.9,1,0.81,1,0.75,0.8,0.69,0.46,1,0.66,0.66,0.43,1,0.72,0.24,1,0.84,0.93,0.28,1,0.84,1,1,0.88,1,0.98,1,1,0.32,1,0.96,1,1,0.15,1,0.68,1,1,1,1,1,0.61,0.05,0.82,-0.47,1,1,-0.18,-0.13,-0.37,0.94,-0.51,0.04,1,0.84,0.95,0.94,0.85,0,0.47,0.65,-0.91,1,-0.81,-0.11,0.2,0.54,-0.27,1,0,0.72,-0.69,0.89,-0.11,0.99,0.59,0.91,1,1,1,1,1,1,0.99,1,1,1,1,1,1,1,1,1,1,1,1,1,1,1,1,1,1,1,1,1,1,1,1
"323-200-0.22",1,1,1,0.9,0.91,1,1,1,0.92,0.67,1,1,0.93,1,0.72,1,1,1,0.97,1,1,1,0.44,1,1,1,1,0.74,1,1,1,1,0.99,1,1,1,1,0.82,1,1,1,1,0.88,1,1,1,0.6,1,1,0.98,1,1,1,0.44,1,1,1,1,0.43,1,1,0.98,1,0.89,0.91,0.19,1,0.99,-0.75,1,1,0.87,0.18,0.99,1,0.84,0.93,0.72,0.98,0.74,0.95,1,0.97,0.88,-0.2,0.98,0.94,0.53,0.96,0.99,0.91,1,0.47,0,-0.56,0.7,-0.81,0.72,-0.13,0.81,0.05,1,0.91,0.69,0.93,1,0.73,1,0.78,0.97,0.97,1,1,1,1,1,1,1,1,1,1,1,1,1,1,0.84,1,1,0.99,0.73,0.01,1,1,1,1,1,1,0.98,0.95,0.15,0.98,1
"326-100-0.22",1,1,1,1,1,1,1,1,1,1,1,1,0.98,1,1,1,1,0.99,0.99,0.98,0.96,1,0.97,1,0.98,0.99,1,1,1,1,1,1,1,1,1,1,1,0.99,1,1,1,1,1,1,1,1,1,1,1,1,1,1,1,0.98,1,1,1,1,0.98,1,1,0.99,1,0.98,0.86,0.8,1,0.99,0.81,0.98,0.99,0.97,0.97,1,1,1,0.95,0.94,0.98,1,0.98,1,1,0.9,0.57,0.74,0.98,0.99,0.99,0.99,0.99,1,0.65,-0.56,0,0.2,0.48,0.21,-0.8,0.95,0.68,1,0.97,1,0.93,0.99,0.79,0.83,0.96,0.98,0.99,1,1,1,1,1,1,1,1,1,1,1,1,1,1,1,1,1,1,1,1,1,1,1,1,1,1,1,1,1,1,1
"326-20-0.22",1,1,1,1,1,1,0.86,1,1,1,1,0.98,0.86,0.13,1,0.13,0.42,0.97,1,-0.71,-0.25,1,1,-0.59,-0.51,1,0.97,1,0.98,0.97,1,0.97,1,0.94,0.98,1,0.98,1,0.95,0.98,0.89,0.9,1,0.95,0.94,0.9,1,0.94,0.74,1,0.98,0.95,0.78,1,0.97,0.99,1,0.99,1,1,1,1,0.65,1,0.78,0.99,1,0.48,1,0.64,0.99,1,1,1,1,0.84,-0.03,0.72,-0.29,1,1,0.26,0.33,-0.37,0.95,-0.99,-0.46,0.99,0.58,0.73,0.72,0.69,-0.91,0.7,0.2,0,1,-1,-0.63,-0.16,0.29,-0.42,1,0.63,0.72,-0.26,0.72,-1,0.89,0.22,0.63,1,1,1,1,1,1,1,1,1,1,1,1,1,1,1,1,1,1,1,1,1,1,1,1,1,1,1,1,1,1,1
"326-200-0.22",1,1,1,1,1,1,1,1,1,0.99,1,1,1,1,0.75,1,1,1,0.7,1,1,1,-0.02,1,1,1,1,0.29,1,1,1,1,0.97,1,1,1,1,0.48,1,1,1,1,0.62,1,1,1,0.34,1,1,0.78,1,1,1,-0.17,1,1,0.99,1,0.17,1,1,0.29,1,0.29,0.99,0.88,0.91,1,-0.93,1,1,0.52,0.03,1,1,0.83,1,0.99,1,0.25,0.12,1,1,1,-0.62,1,1,0.23,1,1,1,1,1,-0.81,0.48,1,0,1,0.99,1,-0.06,1,1,1,1,1,1,1,1,1,1,1,1,1,1,1,1,1,1,1,1,1,1,1,1,0.98,1,1,1,1,0.24,1,1,1,1,1,1,1,1,0.42,1,1
"326-40-0.22",1,1,1,1,1,1,0.98,1,1,1,1,1,0.98,0.56,1,0.52,0.76,0.99,1,-0.37,-0.03,1,1,-0.26,-0.49,1,1,1,1,0.99,1,1,1,0.99,1,1,1,1,0.98,0.99,0.94,0.98,1,0.99,0.99,0.99,1,0.99,0.94,1,1,0.98,0.94,1,0.99,1,1,1,1,1,1,1,0.91,1,0.93,1,1,0.7,1,0.69,1,1,1,1,1,0.98,0.35,0.92,0.15,1,1,0.69,0.74,-0.04,0.98,-0.97,-0.1,1,0.76,0.92,0.92,0.94,-0.81,0.72,0.21,-1,1,0,-0.87,0.39,0.7,0.02,1,0.87,0.76,0.14,0.81,-0.98,0.97,0.49,0.81,1,1,1,1,1,1,1,1,1,1,1,1,1,1,1,1,1,1,1,1,1,1,1,1,1,1,1,1,1,1,1
"326-55-0.22",1,1,1,1,1,1,1,1,1,1,1,1,0.93,0.93,1,0.96,0.97,0.97,1,0.5,0.36,1,1,0.64,0.26,0.99,1,1,1,1,0.99,1,1,1,1,1,1,1,1,1,0.98,1,1,1,1,1,1,1,0.98,1,1,0.99,0.99,1,1,0.97,1,1,1,1,1,0.99,0.93,1,0.63,0.9,1,0.81,0.99,0.79,0.98,0.99,1,1,1,0.99,0.54,0.73,0.74,1,0.98,0.96,0.87,0.21,0.5,-0.29,0.74,0.99,0.97,0.98,0.95,1,-0.11,-0.13,-0.8,-0.63,0.99,-0.87,0,0.77,0.51,0.85,0.99,0.97,0.83,0.79,0.75,-0.01,0.96,0.94,0.97,1,1,1,1,1,1,1,1,1,1,1,1,1,1,1,1,1,1,1,1,1,1,1,1,1,1,1,1,1,1,1
"330-100-0.22",-0.53,-0.67,-0.58,-0.57,-0.38,-0.58,-0.78,-0.4,0.38,0.76,-0.51,-0.53,-0.71,-0.24,0.34,0.71,0.43,0.3,0.65,0.81,0.48,0.81,0.79,0.83,0.56,0.99,0.99,0.99,0.99,0.98,1,0.96,1,0.97,0.99,1,0.99,1,0.99,0.98,0.99,0.95,0.99,0.98,0.98,0.96,1,0.99,0.98,1,0.99,1,0.92,0.99,0.99,0.95,0.97,0.99,0.98,0.97,0.97,0.81,0.76,0.99,0.21,0.09,1,0.54,0.99,0.35,0.81,0.92,0.99,0.06,0.65,0.29,-0.33,-0.63,-0.6,0.46,0.78,-0.15,-0.49,-0.68,0.19,-0.63,-0.98,-0.9,-1,-1,-1,-0.89,0.2,0.81,0.95,-0.16,1,0.39,0.77,0,-0.87,0.89,0.33,0.34,-0.12,-0.26,-0.25,-0.45,-0.99,-0.99,-1,-0.2,-0.45,-0.18,-0.47,-0.42,0.26,0.58,0.65,0.97,0.9,0.97,0.88,0.96,0.8,0.98,0.97,0.97,0.94,0.78,0.96,0.79,0.87,0.74,0.78,0.89,0.85,0.98,0.73,0.97,0.84,0.94
"330-200-0.22",0.68,0.46,0.57,0.21,0.29,0.76,0.52,0.69,0.32,0.48,0.77,0.56,-0.23,0.92,-0.77,0.98,0.92,0.35,-0.27,0.92,0.72,0.39,-0.55,0.98,0.83,0.89,1,0.3,1,1,0.96,0.99,0.65,0.99,0.99,0.95,1,0.41,1,0.99,0.99,0.98,0.34,0.99,0.99,1,0.24,0.98,0.99,0.3,1,1,0.96,-0.06,1,0.82,-0.08,1,-0.25,0.98,0.84,-0.34,0.76,-0.17,-0.12,-0.74,0.22,0.72,0.21,0.79,0.46,-0.6,-0.25,-0.34,-0.36,-0.21,0.08,-0.46,0.42,-0.63,-0.32,0.78,0.45,-0.05,-0.62,0.16,-0.68,-1,-0.79,-0.51,-0.81,0.24,0.54,0.05,0.68,0.29,-0.06,0.7,0.51,-0.87,0,0.96,0.25,0.61,0.38,0.62,-0.11,0.41,-0.99,-0.32,-0.55,0.51,0.8,0.31,0.74,0.68,0.7,0.94,0.97,0.98,0.99,0.91,0.99,0.88,0.98,0.78,0.98,0.99,0.64,0.92,0.13,0.92,0.8,0.97,0.97,0.83,0.99,0.74,0.86,0.13,0.79,0.87
"302-20-0.22",1,1,1,1,1,1,1,1,1,1,1,1,0.75,-0.96,1,-1,-1,0.99,1,-1,-0.93,1,1,-1,-0.47,1,-1,1,-1,-1,0.96,-1,1,-1,-1,1,-1,1,-1,-1,-1,-1,1,-1,-1,-1,1,-1,-0.99,1,-1,-1,-1,1,-1,0.78,1,-0.99,1,-0.86,0.95,1,-0.88,1,0.74,1,1,-0.96,1,0.17,1,1,1,1,1,0.71,-0.38,0.88,0.45,1,1,-0.59,-0.3,-0.49,0.99,-0.82,0.76,1,1,1,0.99,1,-0.27,1,1,-0.42,1,0.02,0.85,0.89,0.96,0,1,0.36,1,0.93,0.95,0.25,1,1,1,1,1,1,1,1,1,1,1,1,1,1,1,1,1,1,1,1,1,1,1,1,1,1,1,1,1,1,1,1,1,1
"321-100-0.22",1,1,1,1,1,1,1,1,1,1,1,1,0.26,0.99,0.93,1,1,-0.25,0.51,1,0.99,-0.22,0.7,1,1,0.84,1,0.94,1,1,0.99,1,0.98,1,1,0.74,1,0.1,1,1,1,1,0.44,1,1,1,1,1,1,0.99,1,1,1,1,1,0.75,0.95,1,1,1,0.81,0.74,0.98,1,0.23,0.81,1,1,1,0.86,0.57,0.98,1,0.68,0.92,0.7,-0.64,-1,0.71,0.45,0.16,0.53,-0.78,-0.71,0.12,0.93,0.64,0.53,0.98,0.99,0.86,1,1,0.91,0.97,1,1,1,0.99,0.33,0.25,1,0,0.99,-0.49,0.9,-0.37,0.99,0.99,0.99,0.99,1,1,1,1,1,1,1,1,1,1,1,1,1,1,1,1,1,1,1,1,1,1,1,1,1,1,1,1,1,1,1
"321-20-0.22",1,1,1,1,1,1,0.99,1,1,1,1,0.97,0.6,-0.94,1,0.24,-0.38,0.95,1,0.18,0.28,1,1,0.16,0.74,1,0.59,1,0.53,0.81,1,0.1,1,0.05,0.68,1,0.6,1,0.71,-0.28,-0.16,-0.5,1,-0.01,0.29,-0.49,1,0.52,0.05,1,0.79,0.89,-0.5,1,0.2,0.86,1,0.14,1,-0.19,0.96,1,-0.81,1,0.69,0.99,1,-0.62,1,-0.38,0.99,1,1,1,1,-0.72,-0.99,0.23,-1,1,1,-1,-1,-0.99,0.51,0.14,-0.11,0.87,0.43,-0.01,0.65,0.88,0,0.69,1,0.63,1,0.87,0.97,0.34,0.61,0.36,0.99,0,-0.2,-0.98,0.31,0.25,0.72,0.35,0.23,1,1,1,1,1,1,1,1,1,1,1,1,1,1,1,1,1,1,1,1,1,1,1,1,1,1,1,1,1,1,1
"321-60-0.22",1,1,1,1,1,1,1,1,1,1,1,1,-0.33,-0.11,1,0.94,0.79,-0.4,0.99,0.99,0.07,0.5,0.99,0.98,0.66,0.75,1,1,1,1,0.9,0.99,1,0.99,1,0.81,1,0.97,1,0.96,0.95,0.95,0.99,0.99,1,0.97,1,1,0.99,1,1,1,0.91,1,0.99,0.29,1,0.99,1,0.92,0.59,0.99,0.25,1,-0.17,0.98,1,0.7,1,-0.67,0.67,1,1,0.92,1,0.15,-1,-1,-1,0.97,0.96,-0.97,-1,-1,0.52,0.13,-0.24,0.75,-0.12,0.26,0.05,0.91,0.72,0.93,0.93,0.72,1,0.76,0.83,-0.12,0.38,1,-0.49,-0.2,0,-0.73,-1,-0.12,0.39,0.51,0.45,1,1,1,1,1,1,1,1,1,1,1,1,1,1,1,1,1,1,1,1,1,1,1,1,1,1,1,1,1,1,1
"322-20-0.22",0.99,0.98,0.99,1,1,0.98,0.66,1,1,1,0.99,0.5,0.42,-0.84,1,0.64,0.38,0.86,1,0.77,0.03,1,1,0.64,0.57,1,0.99,1,0.98,0.97,1,0.87,1,0.84,0.98,1,0.99,1,0.99,0.67,0.76,0.6,1,0.84,0.94,0.65,1,0.98,0.94,1,1,0.99,0.61,1,0.9,0.88,1,0.9,1,0.84,0.97,1,-0.19,1,0.57,1,1,0.18,1,-0.68,0.96,1,1,1,1,-0.46,-1,-0.2,-1,1,1,-1,-1,-1,0.96,-0.64,-0.9,0.93,-0.52,-0.63,-0.11,-0.02,-0.69,1,0.99,-0.26,1,0.14,0.79,-0.26,0.62,0.93,0.9,-0.98,-0.73,0,-0.47,-0.68,0.08,-0.27,-0.35,1,1,1,1,1,1,1,1,1,1,1,1,1,1,1,1,1,1,1,1,1,1,1,1,1,1,1,1,1,1,1
"323-100-0.22",1,1,1,1,1,1,1,1,1,1,1,1,-0.49,0.76,0.99,0.97,0.95,-0.82,0.86,0.95,0.31,0.44,0.96,0.96,0.57,0.45,1,0.99,1,0.99,0.84,1,1,0.99,0.99,0.8,1,0.87,1,0.99,0.98,0.97,0.9,0.99,1,0.98,1,1,0.95,1,1,0.99,0.93,1,1,0.24,1,1,1,0.98,0.63,0.86,0.76,1,-0.34,0.84,1,0.8,1,0.32,0.49,1,1,0.72,0.98,0.33,-0.93,-1,-0.4,0.78,0.73,0.01,-0.94,-1,-0.17,-0.05,-0.23,0.37,0.36,0.38,0.09,0.96,0.89,0.73,0.79,0.72,1,0.81,0.75,-0.25,-0.11,0.95,-0.37,0.31,-1,-0.47,0,-0.36,0.25,0.2,0.22,1,1,1,1,1,1,1,1,1,1,1,1,1,1,1,1,1,1,1,1,1,1,1,1,1,1,1,1,1,1,1
"324-60-0.22",1,0.99,0.99,1,1,0.97,0.8,1,1,1,1,0.9,0.19,-0.61,1,0.37,0,0.53,1,0.19,-0.62,0.99,1,-0.01,-0.57,0.98,0.99,1,0.98,0.97,0.99,0.95,1,0.93,0.98,1,0.99,1,0.96,0.82,0.74,0.74,1,0.87,0.91,0.9,1,0.98,0.83,1,0.99,0.98,0.9,1,0.98,0.77,1,0.98,1,0.93,0.97,0.99,0.49,1,0.43,1,1,0.54,1,-0.02,0.85,1,1,1,1,0.41,-0.53,-0.19,-0.9,1,0.99,-0.4,-0.55,-1,0.7,-1,-0.9,0.81,-0.03,0.05,-0.17,0.28,-0.11,1,0.83,-1,1,-0.98,-0.01,-0.45,0.41,0.25,0.99,0.25,-0.12,-0.68,-0.36,0,0.41,-0.28,-0.06,1,1,1,1,1,1,1,1,1,1,1,1,1,1,1,1,1,1,1,1,1,1,1,1,1,1,1,1,1,1,1
"329-100-0.22",0.78,0.55,0.67,0.74,0.97,0.64,0.04,0.89,1,1,0.63,0.6,0.22,0.83,0.99,1,1,0.56,0.96,1,0.98,0.97,0.97,1,1,1,1,0.99,1,1,1,1,1,1,1,1,1,1,1,1,1,1,0.99,1,1,1,1,1,1,1,1,1,1,0.99,1,0.98,0.99,1,1,1,0.99,0.89,1,1,0.66,0.78,1,1,1,0.82,0.85,0.99,1,0.86,0.99,0.74,0.49,-0.68,0.05,0.81,0.81,0.69,0.4,-0.21,-0.05,0.41,-1,-0.93,-1,-0.99,-1,-0.37,0.99,0.78,0.96,0.89,1,0.97,0.96,-0.99,-0.99,1,0.99,0.72,0.39,0.08,0.25,0.41,0,-1,-1,1,0.99,1,0.99,1,1,0.99,1,1,1,1,1,1,1,1,1,1,1,1,1,1,1,1,1,1,1,1,1,1,1,1
"329-40-0.22",0.15,0.18,0.25,0.48,0.85,0.11,-0.75,0.4,1,1,-0.15,-0.61,0.07,0.08,1,1,0.96,0.63,1,1,0.71,0.99,1,1,0.9,1,1,1,1,1,1,1,1,1,1,1,1,1,1,1,1,1,1,1,1,1,1,1,1,1,1,1,1,1,1,0.96,1,1,1,1,0.99,0.96,0.91,1,0.57,0.97,1,0.98,1,0.34,0.86,1,1,0.98,1,0.54,-0.12,-0.12,-0.77,1,0.95,-0.1,-0.18,-0.7,0.65,-0.38,-1,0.02,-1,-1,-1,-0.98,0.59,0.97,0.98,0.22,1,0.49,0.94,-0.99,-0.32,1,0.99,0.35,0.51,-0.27,0.2,-0.28,-1,0,-1,0.98,0.69,0.96,0.71,0.87,1,0.96,1,1,1,1,1,1,1,1,1,1,1,1,1,1,1,1,1,1,1,1,1,1,1,1
"330-40-0.22",-0.46,-0.48,-0.43,-0.2,0.76,-0.25,-0.58,0.32,0.99,1,-0.34,-0.36,0.03,0.1,1,1,0.97,0.61,0.99,1,0.78,0.99,1,1,0.95,1,1,1,1,1,1,1,1,1,1,1,1,1,1,1,1,1,1,1,1,1,1,1,1,1,1,1,1,1,1,0.95,1,1,1,1,0.99,0.95,0.94,1,0.57,0.96,1,0.99,1,0.26,0.88,1,1,0.95,1,0.37,-0.13,-0.26,-0.68,0.97,0.9,-0.09,-0.21,-0.64,0.49,-0.17,-1,-0.19,-1,-1,-1,-0.9,0.91,0.97,0.99,0.63,1,0.81,0.97,-1,-0.55,1,0.99,0.23,0.45,-0.35,0.22,-0.06,-1,-1,0,0.95,0.49,0.88,0.53,0.77,1,0.84,0.98,1,1,1,1,1,1,1,1,1,1,1,1,1,1,1,1,1,1,1,1,1,1,1
"178-100-0.22",-0.75,-0.73,-0.66,-0.67,-1,-0.82,-0.53,-1,-1,-0.87,-0.93,-0.56,0.99,1,1,1,1,1,1,1,1,1,1,1,1,1,1,1,1,1,1,1,1,1,1,1,1,1,1,1,1,1,1,1,1,1,1,1,1,1,1,1,1,0.99,1,1,1,1,1,1,1,1,1,1,1,1,1,1,1,1,1,1,1,1,1,1,1,1,1,1,1,1,1,0.99,1,1,-0.03,0.9,0.92,0.75,0.64,-0.15,1,1,1,1,1,1,1,-0.2,0.51,1,1,1,1,1,1,1,1,0.98,0.95,0,-1,-1,-1,-1,0,-0.66,-0.66,-0.51,-0.45,-0.09,-0.42,-0.6,-0.57,0.99,-0.36,0.32,-0.3,0.47,0.92,-0.48,-0.65,-0.66,-0.52,-0.69,-0.45,-0.55,-0.11,0.79,-0.27,-0.2
"178-20-0.22",-0.63,-0.53,-0.56,-0.44,-0.78,-0.96,-0.89,-0.96,-0.95,-0.04,-0.99,-0.82,0.96,1,1,1,1,1,1,1,1,1,1,1,1,1,1,1,1,1,1,1,1,1,1,1,1,1,1,1,1,1,1,1,1,1,1,1,1,1,1,1,1,1,1,1,1,1,1,1,1,1,1,1,1,1,1,1,1,1,1,1,1,1,1,1,0.99,1,0.93,1,1,1,0.96,0.97,1,0.98,-0.46,0.98,0.65,0.16,0.21,-0.65,1,1,1,1,1,1,1,-0.45,0.8,1,1,1,1,1,1,1,0.99,0.69,0.49,-1,0,-0.57,-1,-1,0.17,-0.83,-0.84,-0.27,-0.52,0.39,-0.51,-0.03,-0.67,1,-0.27,0.63,0.4,0.18,1,-0.69,-0.61,-0.73,-0.65,-0.24,-0.56,-0.21,-0.34,1,-0.46,-0.37
"178-200-0.22",-0.76,-0.86,-0.72,-0.84,-0.99,-0.36,-0.05,-0.99,-0.88,-0.94,-0.53,0.13,0.97,1,1,1,1,1,1,1,1,1,1,1,1,1,1,1,1,1,1,1,1,1,1,1,1,1,1,1,1,1,1,1,1,1,1,1,1,1,1,1,1,1,1,1,1,1,1,1,1,1,1,1,1,1,1,1,1,1,1,1,1,1,1,1,1,1,1,1,1,1,1,0.99,1,1,0.02,0.78,0.87,0.55,0.63,-0.05,1,1,1,1,1,1,1,-0.18,0.31,1,1,1,1,1,1,1,1,0.96,0.88,-1,-0.57,0,-0.7,-0.95,-0.39,-0.43,-0.3,-0.01,0.16,-0.12,0.24,-0.42,0.02,0.91,0.14,0.33,-0.74,0.61,0.14,0.22,0.09,-0.01,0.07,-0.38,0.22,-0.23,0.58,0.16,0.4,0.48
"178-40-0.22",-0.65,-0.76,-0.81,-0.73,-0.79,-1,-0.98,-0.94,-0.96,-0.19,-0.98,-0.78,0.97,1,1,1,1,1,1,1,1,1,1,1,1,1,1,1,1,1,1,1,1,1,1,1,1,1,1,1,1,1,1,1,1,1,1,1,1,1,1,1,1,1,1,1,1,1,1,1,1,1,1,1,1,1,1,1,1,1,1,1,1,1,1,1,0.99,0.99,0.97,1,1,1,0.97,0.96,1,0.99,-0.39,0.97,0.68,0.12,0.33,-0.57,1,1,1,1,1,1,1,-0.47,0.74,1,1,1,1,1,1,1,0.99,0.71,0.53,-1,-1,-0.7,0,-1,-0.06,-0.85,-0.94,-0.51,-0.72,0.14,-0.68,-0.21,-0.82,1,-0.55,0.63,0.21,0.1,1,-0.73,-0.79,-0.84,-0.79,-0.51,-0.74,-0.36,-0.56,1,-0.61,-0.57
"178-60-0.22",-0.83,-0.85,-0.85,-0.8,-0.99,-0.99,-0.9,-1,-1,-0.56,-0.97,-0.78,0.98,1,1,1,1,1,1,1,1,1,1,1,1,1,1,1,1,1,1,1,1,1,1,1,1,1,1,1,1,1,1,1,1,1,1,1,1,1,1,1,1,1,1,1,1,1,1,1,1,1,1,1,1,1,1,1,1,1,1,1,1,1,1,1,0.99,0.99,0.99,1,1,1,0.99,0.96,1,0.99,-0.31,0.97,0.8,0.39,0.48,-0.4,1,1,1,1,1,1,1,-0.42,0.68,1,1,1,1,1,1,1,1,0.87,0.77,-1,-1,-0.95,-1,0,-0.1,-0.83,-0.9,-0.63,-0.69,-0.02,-0.66,-0.39,-0.77,1,-0.58,0.31,-0.14,0.12,0.99,-0.7,-0.79,-0.83,-0.76,-0.63,-0.72,-0.47,-0.47,0.98,-0.58,-0.53
"179-100-0.22",0.12,0.21,0.27,0.46,-0.34,0.54,0.7,-0.24,-0.42,-0.34,0.11,0.77,1,1,1,1,1,1,1,1,1,1,1,1,1,1,1,1,1,1,1,1,1,1,1,1,1,1,1,1,1,1,1,1,1,1,1,1,1,1,1,1,1,0.99,1,1,1,1,1,1,1,0.98,1,1,1,1,1,1,1,1,1,1,1,1,1,1,1,1,1,1,1,1,1,1,1,1,0.87,1,0.99,0.92,0.98,0.64,1,1,1,1,1,1,1,0.26,0.7,1,1,1,1,1,1,1,1,1,1,0,0.17,-0.39,-0.06,-0.1,0,-0.64,-0.75,-0.21,-0.36,-0.78,-0.34,-0.56,-0.49,0.8,-0.37,-0.08,-0.79,-0.12,0.78,-0.39,-0.57,-0.49,-0.47,-0.5,-0.38,-0.56,-0.3,0.75,-0.17,-0.23
"179-20-0.22",-0.38,-0.28,-0.2,-0.07,-0.47,-0.55,-0.16,-0.63,-0.78,-0.42,-0.76,-0.41,1,1,1,1,1,1,1,1,1,1,1,1,1,1,1,1,1,1,1,1,1,1,1,1,1,1,1,1,1,1,1,1,1,1,1,1,1,1,1,1,1,1,1,1,1,1,1,1,1,1,1,1,1,1,1,1,1,1,1,1,1,1,1,1,1,1,0.99,1,1,1,1,1,1,1,0.51,1,0.77,0.19,0.69,-0.22,0.99,1,1,1,1,1,1,0.58,0.94,1,1,1,1,1,1,1,0.99,0.96,0.84,-0.66,-0.83,-0.43,-0.85,-0.83,-0.64,0,-1,-0.93,-0.97,-0.55,-0.98,-0.9,-0.97,0.98,-0.97,-0.7,-0.56,-0.93,0.99,-0.99,-0.98,-0.96,-0.97,-0.77,-0.94,-0.85,-1,0.99,-0.96,-0.99
"179-60-0.22",-0.04,-0.02,-0.05,0.16,-0.33,-0.37,0.08,-0.49,-0.97,-0.57,-0.61,0.06,1,1,1,1,1,1,1,1,1,1,1,1,1,1,1,1,1,1,1,1,1,1,1,1,1,1,1,1,1,1,1,1,1,1,1,1,1,1,1,1,1,1,1,1,1,1,1,1,1,1,1,1,1,1,1,1,1,1,1,1,1,1,1,1,1,1,1,1,1,1,1,1,1,1,0.78,1,0.99,0.81,0.94,0.38,1,1,1,1,1,1,1,0.65,0.97,1,1,1,1,1,1,1,1,1,0.98,-0.66,-0.84,-0.3,-0.94,-0.9,-0.75,-1,0,-0.97,-0.97,-0.29,-0.99,-0.98,-0.98,1,-1,-0.5,-0.57,-0.81,1,-0.99,-1,-0.99,-0.99,-0.93,-0.96,-0.95,-1,1,-0.94,-0.99
"193-100-0.22",0.22,0.11,0.22,0.29,-0.06,-0.01,0.57,-0.12,-0.89,-0.28,-0.02,0.7,1,1,1,1,1,1,1,1,1,1,1,1,1,1,1,1,1,1,1,1,1,1,1,1,1,1,1,1,1,1,1,1,1,1,1,1,1,1,1,1,1,1,1,1,1,1,1,1,1,1,1,1,1,1,1,1,1,1,1,1,1,1,1,1,1,1,1,1,1,1,1,1,1,1,0.99,1,1,1,1,0.91,1,1,1,1,1,1,1,0.97,0.98,1,1,1,1,1,1,1,1,1,1,-0.51,-0.27,-0.01,-0.51,-0.63,-0.21,-0.93,-0.97,0,-1,-0.79,-1,-1,-1,0.95,-1,-0.99,-0.61,-0.84,0.99,-1,-1,-1,-1,-1,-1,-0.99,-1,0.99,-1,-1
"193-20-0.22",0.02,0.08,0.08,0.26,-0.12,-0.33,0.13,-0.26,-0.87,-0.24,-0.42,0.22,1,1,1,1,1,1,1,1,1,1,1,1,1,1,1,1,1,1,1,1,1,1,1,1,1,1,1,1,1,1,1,1,1,1,1,1,1,1,1,1,1,1,1,1,1,1,1,1,1,1,1,1,1,1,1,1,1,1,1,1,1,1,1,1,1,1,1,1,1,1,1,1,1,1,0.95,1,1,0.96,1,0.63,1,1,1,1,1,1,1,0.9,0.99,1,1,1,1,1,1,1,1,1,1,-0.45,-0.52,0.16,-0.72,-0.69,-0.36,-0.97,-0.97,-1,0,-0.67,-1,-0.99,-1,0.95,-1,-0.98,-0.47,-0.89,0.99,-1,-1,-1,-1,-1,-1,-0.98,-1,0.99,-1,-1
"193-200-0.22",0.19,0.42,0.48,0.65,-0.25,0.67,0.94,-0.13,-0.52,-0.28,0.2,0.81,1,1,1,1,1,1,1,1,1,1,1,1,1,1,1,1,1,1,1,1,1,1,1,1,1,1,1,1,1,1,1,1,1,1,1,1,1,1,1,1,1,0.98,1,1,1,1,1,1,1,1,1,1,1,1,1,1,1,1,1,1,1,1,1,1,1,1,1,1,1,1,1,1,1,1,0.99,1,1,1,1,0.92,1,1,1,1,1,1,1,0.97,0.91,1,1,1,1,1,1,1,1,1,1,-0.09,0.39,-0.12,0.14,-0.02,-0.78,-0.55,-0.29,-0.79,-0.67,0,-0.64,-0.98,-0.7,0.08,-0.83,-0.81,-0.83,-0.26,0.48,-0.46,-0.71,-0.73,-0.64,-0.9,-0.59,-0.89,-0.36,0.78,-0.36,-0.39
"193-40-0.22",0.19,0.18,0.15,0.3,-0.04,-0.27,0.25,-0.18,-0.86,-0.16,-0.28,0.38,1,1,1,1,1,1,1,1,1,1,1,1,1,1,1,1,1,1,1,1,1,1,1,1,1,1,1,1,1,1,1,1,1,1,1,1,1,1,1,1,1,1,1,1,1,1,1,1,1,1,1,1,1,1,1,1,1,1,1,1,1,1,1,1,1,1,1,1,1,1,1,1,1,1,0.97,1,1,0.99,1,0.77,1,1,1,1,1,1,1,0.88,0.99,1,1,1,1,1,1,1,1,1,1,-0.42,-0.51,0.24,-0.68,-0.66,-0.34,-0.98,-0.99,-1,-1,-0.64,0,-0.99,-1,0.98,-1,-0.99,-0.39,-0.97,0.99,-1,-1,-1,-1,-1,-1,-0.97,-1,1,-1,-1
"241-100-0.22",0.21,-0.21,-0.04,-0.08,-0.27,0.08,0.6,-0.07,-0.82,-0.85,0.17,0.78,1,1,1,1,1,1,1,1,1,1,1,1,1,1,1,1,1,1,1,1,1,1,1,1,1,1,1,1,1,1,1,1,1,1,1,1,1,1,1,1,1,0.99,1,1,1,1,1,1,1,1,1,1,1,1,1,1,1,1,1,1,1,1,1,1,1,1,1,1,1,1,1,1,1,1,1,1,1,0.99,1,0.94,1,1,1,1,1,1,1,0.96,0.88,1,1,1,1,1,1,1,1,1,1,-0.6,-0.03,-0.42,-0.21,-0.39,-0.56,-0.9,-0.98,-1,-0.99,-0.98,-0.99,0,-1,0.41,-1,-0.82,-1,-0.78,0.08,-0.98,-1,-0.98,-0.99,-1,-0.98,-1,-0.99,0.14,-0.97,-0.99
"241-20-0.22",-0.13,-0.14,-0.12,0.04,-0.26,-0.45,-0.08,-0.37,-0.92,-0.42,-0.51,0.01,1,1,1,1,1,1,1,1,1,1,1,1,1,1,1,1,1,1,1,1,1,1,1,1,1,1,1,1,1,1,1,1,1,1,1,1,1,1,1,1,1,1,1,1,1,1,1,1,1,1,1,1,1,1,1,1,1,1,1,1,1,1,1,1,1,1,1,1,1,1,1,1,1,1,0.87,1,0.99,0.91,0.99,0.45,1,1,1,1,1,1,1,0.8,0.98,1,1,1,1,1,1,1,1,1,1,-0.57,-0.67,0.02,-0.82,-0.77,-0.49,-0.97,-0.98,-1,-1,-0.7,-1,-1,0,0.95,-1,-0.93,-0.57,-0.91,0.99,-1,-1,-1,-1,-1,-1,-1,-1,0.99,-1,-1
"241-200-0.22",1,1,1,1,0.84,1,1,0.99,0.9,0.63,1,1,1,1,1,1,1,1,1,1,1,1,1,1,1,1,1,0.74,1,1,1,1,0.86,1,1,1,1,0.99,1,1,1,1,0.96,1,1,1,1,1,1,1,1,1,1,0.76,1,1,1,1,0.95,1,1,0.99,1,1,1,1,1,1,0.9,1,1,1,1,1,1,1,1,1,1,1,1,1,1,1,0.88,1,1,0.99,1,1,1,1,1,0.84,1,1,0.98,1,1,0.98,0.78,1,1,1,1,1,1,1,1,1,1,0.99,1,0.91,1,1,0.8,0.98,1,0.95,0.95,0.08,0.98,0.41,0.95,0,0.83,0.44,-0.34,0.95,-0.16,0.97,0.91,0.94,0.97,0.59,0.99,0.14,0.98,0.02,0.99,0.98
"241-40-0.22",0.22,0.4,0.36,0.58,-0.21,0.11,0.69,-0.16,-0.95,-0.42,0,0.71,1,1,1,1,1,1,1,1,1,1,1,1,1,1,1,1,1,1,1,1,1,1,1,1,1,1,1,1,1,1,1,1,1,1,1,1,1,1,1,1,1,1,1,1,1,1,1,1,1,1,1,1,1,1,1,1,1,1,1,1,1,1,1,1,1,1,1,1,1,1,1,1,1,1,0.99,1,1,1,1,0.88,1,1,1,1,1,1,1,0.97,0.98,1,1,1,1,1,1,1,1,1,1,-0.36,-0.27,0.14,-0.55,-0.58,-0.37,-0.97,-1,-1,-1,-0.83,-1,-1,-1,0.83,0,-1,-0.89,-0.88,0.84,-1,-1,-1,-1,-1,-1,-1,-1,0.97,-1,-1
"241-60-0.22",0.45,0.61,0.6,0.73,0.02,0.81,0.98,0.15,-0.2,0.27,0.64,0.99,1,1,1,1,1,1,1,1,1,1,1,1,1,1,1,1,1,1,1,1,1,1,1,1,1,1,1,1,1,1,1,1,1,1,1,1,1,1,1,1,1,1,1,1,1,1,1,1,1,1,1,1,1,1,1,1,1,1,1,1,1,1,1,1,1,1,1,1,1,1,1,1,0.99,1,1,1,1,1,1,0.97,1,1,1,1,1,1,1,0.97,0.99,1,1,1,1,1,1,1,1,1,1,0.32,0.63,0.33,0.63,0.31,-0.08,-0.7,-0.5,-0.99,-0.98,-0.81,-0.99,-0.82,-0.93,0.44,-1,0,-0.64,-1,0.51,-0.64,-0.75,-0.71,-0.84,-0.82,-0.89,-0.65,-0.78,0.77,-0.7,-0.9
"262-100-0.22",0,0.08,0.08,0.23,-0.43,0.57,0.78,-0.2,-0.63,-0.96,0.35,0.9,1,1,1,1,1,1,1,1,1,1,0.99,1,1,1,1,0.99,1,1,1,1,1,1,1,1,1,0.99,1,1,1,1,1,1,1,1,1,1,1,1,1,1,1,0.75,1,1,1,1,0.96,1,1,0.91,1,0.97,1,1,1,1,0.99,1,1,0.99,0.98,1,1,1,1,1,1,1,0.95,1,1,1,0.94,1,0.98,0.94,1,0.97,1,0.77,1,0.99,1,1,1,1,1,0.94,0.64,1,1,1,1,1,1,1,1,1,1,-0.3,0.4,-0.74,0.21,-0.14,-0.79,-0.56,-0.57,-0.61,-0.47,-0.83,-0.39,-1,-0.57,-0.34,-0.89,-0.64,0,-0.32,-0.92,-0.53,-0.81,-0.51,-0.51,-0.99,-0.44,-1,-0.49,-0.9,-0.48,-0.54
"262-20-0.22",0.55,0.64,0.69,0.78,0.15,0.5,0.87,0.13,-0.46,0.12,0.13,0.59,1,1,1,1,1,1,1,1,1,1,1,1,1,1,1,1,1,1,1,1,1,1,1,1,1,1,1,1,1,1,1,1,1,1,1,1,1,1,1,1,1,0.98,1,1,1,1,1,1,1,1,1,1,1,1,1,1,0.97,1,1,1,1,1,1,1,1,1,1,1,1,1,1,1,0.91,1,0.99,1,1,1,1,0.87,1,0.73,1,1,1,1,1,0.78,0.92,1,1,1,1,1,1,1,1,1,1,0.47,0.18,0.61,0.1,0.12,-0.12,-0.93,-0.81,-0.84,-0.89,-0.26,-0.97,-0.78,-0.91,0.95,-0.88,-1,-0.32,0,0.96,-0.9,-0.92,-0.86,-0.84,-0.55,-0.84,-0.78,-0.88,0.97,-0.76,-0.87
"262-200-0.22",1,1,1,0.99,0.37,1,1,0.97,0.83,-0.15,1,1,1,1,0.56,1,1,1,0.92,1,1,1,0.55,1,1,1,1,0.64,1,1,1,1,0.99,1,1,1,1,0.82,1,1,1,1,0.77,1,1,1,0.84,1,1,0.92,1,1,1,-0.66,1,1,0.97,1,-0.3,1,1,0.34,1,0.07,1,0.9,0.87,1,-0.12,1,1,0.55,-0.16,1,0.99,0.47,1,1,1,0.55,0.68,1,1,1,0.08,1,0.99,0.35,1,1,1,1,1,0.01,1,1,0.24,1,1,0.96,0.13,1,1,1,1,1,1,1,1,1,1,0.92,1,0.14,1,0.99,0.78,0.99,1,0.99,0.99,0.48,0.99,0.08,0.99,-0.16,0.84,0.51,-0.92,0.96,0,0.99,0.94,0.99,0.99,0.45,1,-0.32,0.98,-1,0.99,0.98
"262-40-0.22",0.19,0.09,0.1,0.25,-0.1,-0.36,0.04,-0.23,-0.91,-0.3,-0.35,0.19,1,1,1,1,1,1,1,1,1,1,1,1,1,1,1,1,1,1,1,1,1,1,1,1,1,1,1,1,1,1,1,1,1,1,1,1,1,1,1,1,1,1,1,1,1,1,1,1,1,1,1,1,1,1,1,1,1,1,1,1,1,1,1,1,1,1,1,1,1,1,1,1,1,1,0.92,1,1,0.95,0.99,0.62,1,1,1,1,1,1,1,0.79,0.92,1,1,1,1,1,1,1,1,1,1,-0.48,-0.69,0.22,-0.73,-0.7,-0.39,-0.99,-0.99,-1,-1,-0.46,-1,-0.98,-1,0.97,-1,-0.64,-0.53,-0.9,0.99,0,-1,-1,-1,-0.98,-1,-0.97,-1,0.99,-1,-1
"262-60-0.22",0.08,-0.07,-0.08,0.03,-0.29,-0.45,0.07,-0.24,-0.96,-0.5,-0.27,0.4,1,1,1,1,1,1,1,1,1,1,1,1,1,1,1,1,1,1,1,1,1,1,1,1,1,1,1,1,1,1,1,1,1,1,1,1,1,1,1,1,1,1,1,1,1,1,1,1,1,1,1,1,1,1,1,1,1,1,1,1,1,1,1,1,1,1,1,1,1,1,1,1,1,1,0.94,1,1,0.97,1,0.7,1,1,1,1,1,1,1,0.87,0.8,1,1,1,1,1,1,1,1,1,1,-0.65,-0.61,0.09,-0.79,-0.79,-0.57,-0.98,-1,-1,-1,-0.71,-1,-1,-1,0.91,-1,-0.75,-0.81,-0.92,0.94,-1,0,-1,-1,-1,-1,-1,-1,0.94,-1,-1
"267-100-0.22",-0.16,-0.25,-0.26,-0.14,-0.26,-0.59,-0.25,-0.37,-0.92,-0.38,-0.51,0.01,1,1,1,1,1,1,1,1,1,1,1,1,1,1,1,1,1,1,1,1,1,1,1,1,1,1,1,1,1,1,1,1,1,1,1,1,1,1,1,1,1,1,1,1,1,1,1,1,1,1,1,1,1,1,1,1,1,1,1,1,1,1,1,1,1,1,1,1,1,1,1,1,1,1,0.86,1,0.99,0.92,0.99,0.4,1,1,1,1,1,1,1,0.74,0.97,1,1,1,1,1,1,1,1,1,1,-0.66,-0.73,-0.01,-0.84,-0.83,-0.49,-0.96,-0.99,-1,-1,-0.73,-1,-0.98,-1,0.94,-1,-0.71,-0.51,-0.86,0.99,-1,-1,0,-1,-1,-1,-0.99,-1,0.99,-1,-1
"267-20-0.22",-0.12,-0.08,-0.1,0.1,-0.23,-0.44,-0.01,-0.34,-0.93,-0.32,-0.48,0.09,1,1,1,1,1,1,1,1,1,1,1,1,1,1,1,1,1,1,1,1,1,1,1,1,1,1,1,1,1,1,1,1,1,1,1,1,1,1,1,1,1,1,1,1,1,1,1,1,1,1,1,1,1,1,1,1,1,1,1,1,1,1,1,1,1,1,1,1,1,1,1,1,1,1,0.88,1,0.99,0.95,1,0.5,1,1,1,1,1,1,1,0.78,0.97,1,1,1,1,1,1,1,1,1,1,-0.52,-0.65,0.07,-0.79,-0.76,-0.47,-0.97,-0.99,-1,-1,-0.64,-1,-0.99,-1,0.97,-1,-0.84,-0.51,-0.84,0.99,-1,-1,-1,0,-1,-1,-0.99,-1,1,-1,-1
"267-200-0.22",0.16,-0.07,0.03,0.01,-0.42,-0.09,0.38,-0.22,-0.98,-0.83,0,0.6,1,1,1,1,1,1,1,1,1,1,1,1,1,1,1,1,1,1,1,1,1,1,1,1,1,1,1,1,1,1,1,1,1,1,1,1,1,1,1,1,1,0.97,1,1,1,1,1,1,1,1,1,1,1,1,1,1,1,1,1,1,1,1,1,1,1,1,1,1,1,1,1,1,0.99,1,0.99,1,1,0.99,1,0.91,1,1,1,1,1,1,1,0.89,0.83,1,1,1,1,1,1,1,1,1,1,-0.69,-0.24,-0.38,-0.51,-0.63,-0.5,-0.77,-0.93,-1,-1,-0.9,-1,-1,-1,0.59,-1,-0.82,-0.99,-0.55,0.45,-0.98,-1,-1,-1,0,-0.99,-1,-0.99,0.57,-0.98,-1
"267-60-0.22",0.03,0.02,0.03,0.21,-0.12,-0.34,0.09,-0.25,-0.89,-0.22,-0.4,0.23,1,1,1,1,1,1,1,1,1,1,1,1,1,1,1,1,1,1,1,1,1,1,1,1,1,1,1,1,1,1,1,1,1,1,1,1,1,1,1,1,1,1,1,1,1,1,1,1,1,1,1,1,1,1,1,1,1,1,1,1,1,1,1,1,1,1,1,1,1,1,1,1,1,1,0.92,1,1,0.97,1,0.62,1,1,1,1,1,1,1,0.85,0.99,1,1,1,1,1,1,1,1,1,1,-0.45,-0.56,0.22,-0.74,-0.72,-0.38,-0.94,-0.96,-1,-1,-0.59,-1,-0.98,-1,0.99,-1,-0.89,-0.44,-0.84,1,-1,-1,-1,-1,-0.99,0,-0.98,-1,1,-1,-1
"287-100-0.22",0.33,-0.02,-0.05,-0.11,-0.43,-0.05,0.31,0.04,-0.93,-0.97,0.3,0.8,1,1,1,1,1,1,1,1,1,1,0.99,1,1,1,1,0.94,1,1,1,1,1,1,1,1,1,0.97,1,1,1,1,0.99,1,1,1,1,1,1,1,1,1,1,0.65,1,1,1,1,0.97,1,1,0.99,1,1,1,1,1,1,0.97,1,1,1,0.99,1,1,0.99,1,1,1,1,1,1,1,1,0.93,1,1,0.93,1,1,1,0.94,1,0.98,1,1,1,1,1,0.98,0.74,1,1,1,1,1,1,1,1,1,1,-0.55,-0.21,-0.23,-0.36,-0.47,-0.56,-0.85,-0.95,-0.99,-0.98,-0.89,-0.97,-1,-1,0.14,-1,-0.65,-1,-0.78,-0.32,-0.97,-1,-0.99,-0.99,-1,-0.98,0,-0.99,-0.28,-0.99,-1
"287-20-0.22",0.44,0.56,0.49,0.65,0.01,0.1,0.61,0.06,-0.89,-0.18,-0.07,0.6,1,1,1,1,1,1,1,1,1,1,1,1,1,1,1,1,1,1,1,1,1,1,1,1,1,1,1,1,1,1,1,1,1,1,1,1,1,1,1,1,1,0.98,1,1,1,1,1,1,1,1,1,1,1,1,1,1,1,1,1,1,1,1,1,1,1,1,1,1,1,1,1,1,0.94,1,0.97,1,1,0.99,1,0.85,1,0.95,1,1,1,1,1,0.73,0.86,1,1,1,1,1,1,1,1,1,1,-0.11,-0.34,0.58,-0.56,-0.47,-0.3,-1,-1,-1,-1,-0.36,-1,-0.99,-1,0.98,-1,-0.78,-0.49,-0.88,0.98,-1,-1,-1,-1,-0.99,-1,-0.99,0,0.99,-1,-1
"287-200-0.22",0.99,1,1,0.99,0.25,1,1,0.95,0.8,-0.22,1,1,1,1,0.18,1,1,1,0.93,1,1,1,0.25,1,1,1,1,0.66,1,1,1,1,1,1,1,1,1,0.78,1,1,1,1,0.68,1,1,1,0.39,1,1,0.71,1,1,1,-0.9,1,1,0.98,1,-0.45,1,1,0.45,1,0.11,1,0.88,0.9,1,-0.36,1,1,0.63,-0.24,1,0.99,0.42,1,1,1,0.39,0.73,1,1,1,0.07,1,0.99,0.33,1,1,1,1,1,0.15,1,1,0.42,1,1,0.97,0.13,1,1,1,1,1,1,1,1,1,1,0.79,1,0.16,1,0.98,0.75,0.99,1,0.99,0.99,0.78,1,0.14,0.99,0.02,0.97,0.77,-0.9,0.97,-1,0.99,0.94,0.99,1,0.57,1,-0.28,0.99,0,0.99,0.99
"287-40-0.22",0.32,0.34,0.31,0.44,-0.08,-0.13,0.38,-0.06,-0.89,-0.15,-0.2,0.42,1,1,1,1,1,1,1,1,1,1,1,1,1,1,1,1,1,1,1,1,1,1,1,1,1,1,1,1,1,1,1,1,1,1,1,1,1,1,1,1,1,1,1,1,1,1,1,1,1,1,1,1,1,1,1,1,1,1,1,1,1,1,1,1,1,1,1,1,1,1,1,1,0.99,1,0.95,1,1,0.98,1,0.74,1,0.98,1,1,1,1,1,0.84,0.79,1,1,1,1,1,1,1,1,1,1,-0.27,-0.46,0.4,-0.61,-0.58,-0.17,-0.96,-0.94,-1,-1,-0.36,-1,-0.97,-1,0.99,-1,-0.7,-0.48,-0.76,0.99,-1,-1,-1,-1,-0.98,-1,-0.99,-1,0.99,0,-1
"287-60-0.22",0.37,0.47,0.42,0.61,-0.02,0.01,0.52,-0.03,-0.89,-0.14,-0.13,0.57,1,1,1,1,1,1,1,1,1,1,1,1,1,1,1,1,1,1,1,1,1,1,1,1,1,1,1,1,1,1,1,1,1,1,1,1,1,1,1,1,1,0.99,1,1,1,1,1,1,1,1,1,1,1,1,1,1,1,1,1,1,1,1,1,1,1,1,1,1,1,1,1,1,1,1,0.97,1,1,0.99,1,0.83,1,1,1,1,1,1,1,0.94,0.87,1,1,1,1,1,1,1,1,1,1,-0.2,-0.37,0.48,-0.57,-0.53,-0.23,-0.99,-0.99,-1,-1,-0.39,-1,-0.99,-1,0.98,-1,-0.9,-0.54,-0.87,0.98,-1,-1,-1,-1,-1,-1,-1,-1,0.99,-1,0
