,1_P1-100-0.22,1_P1-20-0.22,1_P1-200-0.22,1_P1-300-0.22,1_P1-40-0.22,1_P1-60-0.22,2_P1-100-0.22,2_P1-20-0.22,2_P1-200-0.22,2_P1-300-0.22,2_P1-40-0.22,2_P1-60-0.22,3_P1-20-0.22,3_P1-200-0.22,3_P1-300-0.22,3_P1-40-0.22,3_P1-60-0.22,4_P1-90-0.22,4_P1-20-0.22,4_P1-100-0.22,4_P1-200-0.22,4_P1-40-0.22,4_P1-60-0.22,5_P1-20-0.22,3_P1-90-0.22,4_P1-300-0.22,5_P1-100-0.22,5_P1-200-0.22,5_P1-300-0.22,5_P1-40-0.22,5_P1-90-0.22,6_P1-100-0.22,6_P1-20-0.22,6_P1-200-0.22,6_P1-40-0.22,6_P1-60-0.22,6_P1-300-0.22,7_P1-20-0.22,7_P1-40-0.22,7_P1-60-0.22,10_P1-20-0.22,10_P1-40-0.22,7_P1-105-0.22,7_P1-200-0.22,7_P1-300-0.22,8_P1-100-0.22,8_P1-115-0.22,8_P1-20-0.22,8_P1-200-0.22,8_P1-250-0.22,8_P1-40-0.22,8_P1-60-0.22,9_P1-100-0.22,9_P1-120-0.22,9_P1-20-0.22,9_P1-200-0.22,9_P1-40-0.22,9_P1-500-0.22,9_P1-60-0.22,10_P1-100-0.22,10_P1-120-0.22,10_P1-200-0.22,10_P1-500-0.22,10_P1-60-0.22,11_P1-100-0.22,11_P1-20-0.22,11_P1-200-0.22,11_P1-40-0.22,11_P1-500-0.22,11_P1-60-0.22,11_P1-70-0.22,12_P1-100-0.22,12_P1-20-0.22,12_P1-200-0.22,12_P1-40-0.22,12_P1-500-0.22,12_P1-60-0.22,13_P1-100-0.22,13_P1-20-0.22,13_P1-200-0.22,13_P1-40-0.22,13_P1-500-0.22,13_P1-60-0.22,14_P1-100-0.22,14_P1-20-0.22,14_P1-200-0.22,14_P1-40-0.22,14_P1-500-0.22,14_P1-60-0.22,15_P1-20-0.22,15_P1-100-0.22,15_P1-200-0.22,15_P1-40-0.22,15_P1-500-0.22,15_P1-60-0.22,16_P1-20-0.22,16_P1-100-0.22,16_P1-200-0.22,16_P1-40-0.22,16_P1-500-0.22,16_P1-60-0.22,17_P1-100-0.22,17_P1-20-0.22,17_P1-200-0.22,17_P1-40-0.22,17_P1-500-0.22,17_P1-60-0.22,18_P1-100-0.22,18_P1-20-0.22,18_P1-200-0.22,18_P1-40-0.22,18_P1-500-0.22,18_P1-60-0.22,19_P1-100-0.22,19_P1-20-0.22,19_P1-200-0.22,19_P1-40-0.22,19_P1-500-0.22,19_P1-60-0.22,6_P2-20-0.22,12_P2-100-0.22,12_P2-20-0.22,12_P2-200-0.22,12_P2-300-0.22,12_P2-40-0.22,12_P2-60-0.22,15_P2-100-0.22,15_P2-20-0.22,15_P2-200-0.22,15_P2-300-0.22,15_P2-40-0.22,15_P2-60-0.22,17_P2-100-0.22,17_P2-20-0.22,17_P2-200-0.22,17_P2-300-0.22,17_P2-40-0.22,17_P2-60-0.22,17_2_P2-20-0.22,6_P2-100-0.22,6_P2-200-0.22,6_P2-300-0.22,6_P2-40-0.22,6_P2-60-0.22,8_P2-100-0.22,8_2_P2-100-0.22,8_P2-20-0.22,8_P2-200-0.22,8_P2-300-0.22,8_P2-40-0.22,8_P2-60-0.22,18_P2-100-0.22,18_P2-20-0.22,18_P2-200-0.22,18_P2-300-0.22,18_P2-40-0.22,18_P2-60-0.22,20_P2-100-0.22,20_P2-20-0.22,20_P2-200-0.22,20_P2-300-0.22,20_P2-40-0.22,20_P2-60-0.22
1_P1-100-0.22,0,1,-0.01,0.96,0.7,-1,-1,0.89,-0.56,1,0.92,-0.62,0.7,1,1,-0.67,0.97,0.7,0.72,0.25,0.9,1,0.69,0.99,-0.17,1,0.57,1,1,1,0.68,0.66,0.64,1,0.23,-0.01,1,0.69,-0.8,-0.28,0.38,1,-0.41,0.82,1,-0.26,-0.04,0.31,1,0.97,-0.81,0.26,-0.7,-0.6,1,0.92,0.8,1,0.54,-0.17,-1,0.33,1,0.97,-1,-0.99,0.68,-0.22,1,-0.89,-0.87,0.86,1,-0.37,1,1,1,1,1,1,1,1,1,1,1,1,1,1,1,1,1,1,1,1,1,1,1,1,1,1,1,1,1,1,1,1,0.82,0.98,1,1,1,1,1,1,1,1,1,1,1,0.99,0.58,0.56,1,1,0.55,0.97,1,1,1,1,1,1,1,1,1,1,1,1,1,-0.99,0.85,1,0.82,0.97,-1,-1,1,1,1,0.79,-0.75,1,1,1,1,1,1,1,1,1,1,1,1
1_P1-20-0.22,1,0,1,1,-1,-0.99,0.95,-0.96,1,1,-1,-0.59,-0.74,1,1,-1,-0.3,1,-0.46,1,1,0.95,0.98,0.42,1,1,0.99,1,0.9,0.99,-0.79,1,-0.34,1,0.37,0.87,1,-0.62,-1,-1,-0.99,-0.7,0.91,0.23,1,-1,0.73,-1,1,0.97,-1,-1,-0.46,-1,-0.83,1,-1,1,-0.86,0.41,1,1,1,-1,1,-0.48,1,0.94,1,0.87,1,1,1,1,1,1,1,1,1,1,1,1,1,1,1,1,1,1,1,1,1,1,1,1,1,1,1,1,1,1,1,1,1,1,1,1,1,1,1,1,1,1,1,1,1,1,1,1,1,0.63,1,0.95,1,1,0.99,1,1,1,1,1,1,1,1,1,1,1,1,1,1,0.99,1,1,0.69,1,1,1,1,1,1,0.72,-0.06,1,1,1,1,1,1,1,1,1,1,1,1
1_P1-200-0.22,-0.01,1,0,-1,1,1,-0.37,1,-1,0.1,1,1,1,0.74,1,1,1,1,1,1,-0.41,1,1,1,0.98,0.88,1,0.79,1,1,1,0.89,1,0.98,1,0.99,1,1,1,1,1,1,0.71,1,1,1,1,1,1,0.9,1,1,1,1,1,0.47,1,0.98,1,1,0.97,0.21,1,1,-0.48,1,-0.08,1,0.93,0.98,1,1,1,0.7,1,1,1,1,1,1,1,1,1,1,1,1,1,1,1,1,1,1,1,1,1,1,1,1,1,1,1,1,1,1,1,1,1,1,1,1,1,1,1,1,1,1,1,1,1,1,0.55,1,0.56,1,1,1,1,1,1,1,1,1,1,1,1,1,1,1,1,1,-0.18,1,1,1,0.98,1,1,0.71,-0.39,1,1,1,1,1,1,1,1,1,1,1,1,1,1
1_P1-300-0.22,0.96,1,-1,0,1,1,0.88,1,-0.88,-1,1,1,0.99,-0.84,-0.72,1,1,1,1,1,-0.94,1,1,0.99,0.94,-0.35,1,-0.74,0.32,1,1,-0.16,1,-0.55,1,1,-0.09,0.99,1,1,1,1,0.98,0.64,0.4,0.99,1,1,-0.05,0.66,0.99,1,1,1,1,-0.35,1,0.44,1,1,1,-0.3,0.87,1,0.9,1,-0.96,1,-0.13,0.99,1,0.94,1,0.83,1,-0.29,1,0.96,1,1,1,0.87,1,0.99,1,0.99,1,0.89,1,1,1,0.97,1,0.77,1,1,1,0.95,1,0.83,1,1,1,0.99,1,0.99,1,1,1,1,1,1,0.99,1,1,0.99,1,1,1,1,0.32,1,-0.12,0.35,1,1,0.94,1,0.98,1,1,1,1,1,0.94,1,1,1,1,1,-0.39,-0.31,1,1,1,1,1,-1,-0.92,1,1,0.9,1,1,0.99,1,1,1,1,0.84,0.96,1,1
1_P1-40-0.22,0.7,-1,1,1,0,-1,0.89,-0.99,1,1,-1,-0.89,-0.88,1,1,-1,-0.68,1,0.07,1,1,0.96,1,0.49,0.99,1,0.99,1,1,0.83,-0.67,1,-0.37,1,0.38,0.9,1,-0.81,-1,-0.99,-1,-1,0.91,0.21,1,-1,0.11,-1,1,0.97,-1,-1,-0.28,-1,-0.99,1,-1,1,-0.96,0.79,1,1,1,-0.99,1,-0.32,1,0.98,1,0.72,1,1,1,1,1,1,1,1,1,1,1,1,1,1,1,1,1,1,1,1,1,1,1,1,1,1,1,1,1,1,1,1,1,1,1,1,1,1,1,1,1,1,1,1,1,1,1,1,1,0.79,1,0.99,1,1,1,1,1,1,1,1,1,1,1,1,1,1,1,1,1,1,1,1,0.94,1,1,1,0.99,1,1,0.95,0.5,1,1,1,1,1,1,1,1,1,1,1,1
1_P1-60-0.22,-1,-0.99,1,1,-1,0,-0.48,-0.8,0.98,1,-0.76,-0.89,-0.55,1,1,-0.95,-0.37,0.97,0.42,0.93,0.99,0.74,0.8,-0.18,0.52,1,0.74,1,1,0.12,0.17,0.99,0.25,1,0.07,0.56,1,-0.67,-0.94,-0.77,-0.89,-0.97,-0.02,-0.49,1,-0.93,-0.42,-0.77,1,0.58,-0.93,-0.83,-0.68,-0.86,-0.22,1,-0.77,0.98,-0.76,-0.99,0.03,0.93,1,-0.74,0.9,-0.95,1,-0.5,1,-0.23,0.58,0.99,0.97,0.93,1,1,1,1,1,1,1,1,1,1,1,1,1,1,1,1,1,1,1,1,1,1,1,1,1,1,1,1,1,1,1,1,1,1,1,1,1,1,1,1,1,1,1,1,1,-0.04,0.98,0.07,1,1,-0.17,0.59,1,1,1,1,1,1,1,1,1,1,1,1,1,-0.48,0.94,1,-0.65,-0.72,0.14,0.17,-0.25,1,1,-0.5,-0.71,1,1,1,1,1,1,1,1,1,1,1,1
2_P1-100-0.22,-1,0.95,-0.37,0.88,0.89,-0.48,0,0.61,0.17,0.48,0.69,-0.42,0.73,0.87,0.98,0.02,-0.14,-0.12,0.58,-0.54,0.45,0.66,-0.04,0.63,-0.91,0.92,0,0.97,1,0.88,0.51,0.04,0.29,0.99,-0.11,-0.27,0.99,0.76,0.47,0.48,0.33,-0.3,-0.91,0.62,0.91,-0.17,-0.75,0.7,0.76,0.12,0.31,0.59,-0.98,-0.16,0.86,0.46,0.31,0.69,0.39,-0.99,-1,-0.17,0.99,0.59,-0.75,0.16,0.67,0.48,0.98,0.01,-0.96,0.67,0.98,0.59,1,1,1,1,1,1,1,1,1,1,1,1,1,1,1,1,1,1,1,1,1,1,1,1,1,1,1,1,1,1,1,1,1,1,1,1,1,1,1,1,1,1,1,1,1,0.86,0.79,0.99,0.97,1,0.92,0.93,1,1,1,1,1,1,1,1,1,1,1,1,1,-0.63,0.39,1,0.88,0.66,-0.91,-0.87,0.97,0.85,0.89,0.97,0.74,1,1,1,1,1,1,1,1,1,1,1,1
2_P1-20-0.22,0.89,-0.96,1,1,-0.99,-0.8,0.61,0,1,1,-1,-1,-1,1,1,-1,-1,1,-0.86,1,0.99,0.27,0.74,-0.73,0.96,1,0.91,1,1,-0.76,-0.81,1,-0.69,1,-0.49,0.33,1,-1,-1,-1,-1,-1,0.66,-0.28,1,-1,-0.71,-1,1,0.97,-1,-1,-0.82,-1,-1,1,-1,1,-1,0.45,0.97,1,1,-1,1,0.66,1,0.99,1,0.91,1,1,1,1,1,1,1,1,1,1,1,1,1,1,1,1,1,1,1,1,1,1,1,1,1,1,1,1,1,1,1,1,1,1,1,1,1,1,1,1,1,1,1,1,1,1,1,1,1,0.96,1,1,1,1,1,1,1,1,1,1,1,1,1,1,1,1,1,1,1,1,1,1,0.98,1,1,1,1,1,1,0.98,0.91,1,1,1,1,1,1,1,1,1,1,1,1
2_P1-200-0.22,-0.56,1,-1,-0.88,1,0.98,0.17,1,0,-1,1,1,1,-0.32,0.44,0.98,1,1,1,0.98,-0.96,1,1,1,0.87,0.39,0.99,0.09,0.97,1,1,-0.66,1,0.42,1,0.99,0.94,1,1,1,0.99,1,0.6,0.92,0.93,0.98,0.98,0.99,0.52,0.96,0.98,1,0.99,1,1,-0.63,1,0.92,1,1,0.94,-0.31,1,1,-0.2,0.97,-0.87,0.99,0.92,0.91,0.76,0.82,1,0.05,1,0.96,1,1,1,1,1,1,1,1,1,1,1,1,1,1,1,1,1,1,1,1,1,1,1,1,1,1,1,1,1,1,1,1,1,1,1,1,1,1,1,1,1,1,1,1,0.05,1,0.5,0.9,1,1,1,1,1,1,1,1,1,1,1,1,1,1,1,1,-0.61,0.85,1,1,0.85,0.95,1,-0.5,0.07,1,0.99,0.99,1,1,1,1,1,1,1,0.99,1,1,1
2_P1-300-0.22,1,1,0.1,-1,1,1,0.48,1,-1,0,1,1,1,-0.97,-0.64,1,1,1,1,1,-0.98,1,1,1,0.97,-0.63,1,-0.59,0.98,1,0.99,0.26,1,-0.07,0.99,0.99,-0.27,1,1,1,1,1,0.85,0.5,0.21,0.99,1,1,0.24,-0.27,1,1,1,1,1,-0.55,1,0.05,1,1,1,-0.64,1,1,0.65,0.99,-0.65,1,-0.93,0.94,1,0.99,1,0.04,1,-0.56,1,0.99,1,1,1,0.78,1,1,1,0.97,1,0.63,1,1,1,0.99,1,0.92,1,1,1,0.98,1,0.44,1,1,1,0.97,1,0.98,1,1,1,1,1,0.98,0.99,1,1,1,1,1,1,1,0.33,1,0.42,0.55,1,1,1,1,1,1,1,1,1,1,0.97,1,1,1,1,1,-0.6,0.3,1,1,1,1,1,0.58,-0.97,1,1,1,1,1,1,1,1,1,1,1,1,1,1
2_P1-40-0.22,0.92,-1,1,1,-1,-0.76,0.69,-1,1,1,0,-0.92,-0.99,1,1,-1,-1,1,-0.78,1,0.98,0.19,0.68,-0.51,0.95,1,0.9,1,1,-0.3,-0.85,1,-0.78,1,-0.62,0.21,1,-0.96,-1,-1,-1,-1,0.61,-0.32,1,-1,-0.24,-1,1,0.96,-1,-1,-0.82,-1,-1,1,-1,1,-0.98,0.05,0.97,1,1,-1,1,0.71,1,0.99,1,0.89,1,1,1,1,1,1,1,1,1,1,1,1,1,1,1,1,1,1,1,1,1,1,1,1,1,1,1,1,1,1,1,1,1,1,1,1,1,1,1,1,1,1,1,1,1,1,1,1,1,0.93,1,1,1,1,1,1,1,1,1,1,1,1,1,1,1,1,1,1,1,1,1,1,0.99,1,1,1,1,1,1,0.99,0.89,1,1,1,1,1,1,1,1,1,1,1,1
2_P1-60-0.22,-0.62,-0.59,1,1,-0.89,-0.89,-0.42,-1,1,1,-0.92,0,-0.9,1,1,-1,-0.99,1,0.55,1,0.99,0.92,0.97,0.41,0.89,1,0.99,1,1,0.22,-0.35,1,0.22,1,0.51,0.88,1,-0.91,-1,-0.98,-0.99,-0.99,0.57,0.41,1,-0.99,-0.72,-0.99,1,0.98,-1,-1,-0.69,-1,-0.93,1,-0.93,1,-0.96,0.66,0.87,1,1,-0.89,1,0.73,1,1,1,0.96,1,1,1,1,1,1,1,1,1,1,1,1,1,1,1,1,1,1,1,1,1,1,1,1,1,1,1,1,1,1,1,1,1,1,1,1,1,1,1,1,1,1,1,1,1,1,1,1,1,0.99,1,1,1,1,1,1,1,1,1,1,1,1,1,1,1,1,1,1,1,1,1,1,1,1,1,1,1,1,1,1,0.99,1,1,1,1,1,1,1,1,1,1,1,1
3_P1-20-0.22,0.7,-0.74,1,0.99,-0.88,-0.55,0.73,-1,1,1,-0.99,-0.9,0,1,1,-1,-1,0.97,-0.85,1,0.75,-0.69,0.5,-0.99,0.66,1,0.69,0.95,0.34,-1,-0.96,0.93,-0.65,0.98,-0.28,0.25,0.79,-1,-1,-1,-1,-1,0.65,-0.72,0.99,-1,-0.59,-1,1,0.87,-1,-0.99,-0.63,-0.93,-1,1,-1,0.97,-1,0.82,0.93,1,1,-1,1,0.79,1,1,1,0.97,1,1,1,1,1,1,1,1,1,1,1,1,1,1,1,1,1,1,1,1,1,1,1,0.96,1,1,1,1,1,1,1,1,1,1,1,1,1,1,1,1,1,1,1,1,1,1,1,1,1,0.8,1,1,1,1,1,1,1,1,1,1,1,1,1,1,1,1,1,1,1,1,1,1,0.95,1,1,1,0.98,1,1,0.98,0.97,0.93,1,1,1,1,1,1,1,0.89,1,1,1
3_P1-200-0.22,1,1,0.74,-0.84,1,1,0.87,1,-0.32,-0.97,1,1,1,0,-0.89,1,1,1,1,1,-1,1,1,1,0.98,-0.83,1,-0.44,0.99,1,0.99,0.72,1,0.06,0.99,1,0.07,1,1,1,1,1,0.86,0.7,0.28,1,1,1,0.57,-0.06,1,1,1,1,1,-0.74,1,-0.12,1,1,1,-0.19,1,1,1,1,0.96,1,-0.42,1,1,1,1,1,1,0.36,1,1,1,1,1,0.99,1,1,1,1,1,0.95,1,1,1,1,1,0.96,1,1,1,1,1,0.8,1,1,1,0.99,1,0.99,0.99,1,1,1,1,0.98,1,1,1,1,1,1,1,1,1,1,0.96,0.95,1,1,1,1,1,1,1,1,1,1,1,1,1,1,1,1,0.39,0.67,1,1,1,1,1,0.99,-0.78,1,1,1,1,1,1,1,1,1,1,1,1,1,1
3_P1-300-0.22,1,1,1,-0.72,1,1,0.98,1,0.44,-0.64,1,1,1,-0.89,0,1,1,1,1,1,-0.99,1,1,1,1,-1,1,-0.32,0.96,1,0.99,0.95,1,-0.51,1,1,-0.8,1,1,1,1,1,0.95,0.17,-0.72,1,1,1,-0.55,-0.75,1,1,1,1,1,-0.66,1,-0.88,1,1,1,0.08,0.96,1,1,1,0.97,1,-1,1,1,1,1,1,1,-0.71,1,1,1,1,1,0.01,1,1,1,0.96,1,0.09,1,1,1,0.91,1,0.86,1,1,1,0.95,1,-0.2,1,1,1,0.94,1,0.96,0.99,1,1,1,1,0.72,1,1,1,1,1,0.96,1,1,1,1,0.71,0.55,1,1,1,1,1,1,1,1,1,1,0.99,1,1,1,1,1,0.47,0.18,1,1,1,1,1,0.93,-0.97,1,1,1,1,1,1,1,1,1,1,1,1,1,1
3_P1-40-0.22,-0.67,-1,1,1,-1,-0.95,0.02,-1,0.98,1,-1,-1,-1,1,1,0,-1,0.76,-0.85,0.91,0.75,-0.53,0,-0.96,0.33,1,0.05,1,1,-0.87,-0.94,0.88,-0.73,1,-0.78,-0.33,0.98,-1,-1,-1,-1,-1,-0.43,-0.98,0.98,-1,-0.53,-1,1,0.16,-1,-1,-1,-1,-1,0.96,-1,0.86,-1,-0.93,0.22,0.92,1,-1,1,0.16,1,0.91,1,0.82,1,1,0.99,1,1,1,1,1,1,1,1,1,1,1,1,1,1,1,1,1,1,1,1,1,1,1,1,1,1,1,1,1,1,1,1,1,1,1,1,1,1,1,1,1,1,1,1,1,1,0.51,1,0.98,1,1,0.97,1,1,1,1,1,1,1,1,1,1,1,1,1,1,0.98,0.99,1,0.54,0.88,0.99,1,0.88,1,0.99,0.8,0.39,1,1,1,1,1,1,1,1,1,1,1,1
3_P1-60-0.22,0.97,-0.3,1,1,-0.68,-0.37,-0.14,-1,1,1,-1,-0.99,-1,1,1,-1,0,0.96,0.1,0.99,0.98,0.94,0.44,0.05,-0.27,1,0.68,1,1,0.24,-0.99,0.97,-0.02,1,-0.12,0.1,1,-1,-1,-1,-1,-1,-0.41,0.11,0.97,-1,-0.84,-1,1,0.84,-1,-1,-0.99,-1,-1,0.99,-1,0.93,-1,0.53,0.76,0.9,1,-1,1,0.92,1,1,1,0.92,1,1,1,1,1,1,1,1,1,1,1,1,1,1,1,1,1,1,1,1,1,1,1,1,1,1,1,1,1,1,1,1,1,1,1,1,1,1,1,1,1,1,1,1,1,1,1,1,1,0.98,1,1,1,1,1,1,1,1,1,1,1,1,1,1,1,1,1,1,1,1,1,1,1,1,1,1,1,1,1,1,1,1,1,1,1,1,1,1,1,1,1,1,1
4_P1-90-0.22,0.7,1,1,1,1,0.97,-0.12,1,1,1,1,1,0.97,1,1,0.76,0.96,0,0.49,-1,0.85,0.89,-0.92,0.8,-0.96,1,-1,0.99,0.53,0.96,-0.12,0.54,-0.39,0.99,-0.94,-0.99,0.9,0.92,0.71,0.89,0.95,0.99,-0.9,0.99,0.99,0.49,0.55,0.98,1,0.83,0.64,0.96,0.92,0.99,1,0.99,0.97,0.97,1,0.95,0.26,0.98,1,1,1,0.99,1,1,1,0.97,1,1,1,1,1,1,1,1,1,1,1,1,1,1,1,1,1,1,1,1,1,1,1,0.99,1,1,1,1,1,1,1,1,1,1,1,1,1,1,1,1,1,1,1,1,1,1,1,1,1,0.99,1,1,1,1,1,1,1,1,1,1,1,1,1,1,1,1,1,1,1,0.99,1,1,1,1,0.98,0.99,1,1,1,1,1,1,1,1,1,1,1,1,1,0.98,1,1,1
4_P1-20-0.22,0.72,-0.46,1,1,0.07,0.42,0.58,-0.86,1,1,-0.78,0.55,-0.85,1,1,-0.85,0.1,0.49,0,0.94,0.74,-1,-0.96,-1,0.8,1,0.07,0.99,0.98,-1,-1,0.95,-1,0.99,-0.98,-0.73,0.95,-0.88,-0.9,-0.9,-0.95,-0.86,0.07,0.22,0.97,-0.91,-0.22,-0.94,1,0.4,-0.93,-0.75,0.49,-0.14,-0.85,0.97,-0.93,0.85,-0.34,0.96,0.95,0.97,1,-0.52,0.99,0.23,1,0.77,0.99,0.73,0.99,0.99,0.89,0.98,0.99,1,0.99,1,1,1,1,1,1,1,1,1,1,1,1,1,1,1,1,1,1,1,1,1,1,1,1,1,1,1,1,1,0.99,1,1,1,1,1,0.99,1,1,1,1,1,1,0.45,1,0.93,1,1,0.96,1,1,0.98,1,1,0.99,1,1,1,1,1,0.99,1,1,0.93,1,1,0.47,0.83,0.99,0.99,0.19,1,0.99,0.34,0.55,0.99,1,1,1,1,1,1,1,1,1,1,1
4_P1-100-0.22,0.25,1,1,1,1,0.93,-0.54,1,0.98,1,1,1,1,1,1,0.91,0.99,-1,0.94,0,0.44,0.99,-0.34,1,-0.99,1,-0.99,1,0.99,1,0.77,-0.05,0.5,1,-0.37,-0.94,0.99,1,0.86,0.98,0.99,1,-0.89,0.98,0.99,0.72,0.74,1,0.99,0.61,0.87,0.99,0.79,0.96,1,0.89,0.99,0.91,1,0.86,-0.3,0.83,1,1,1,0.98,1,1,1,0.88,0.99,1,1,1,1,1,1,1,1,1,1,1,1,1,1,1,1,1,1,1,1,1,1,1,1,1,1,1,1,1,1,1,1,1,1,1,1,1,1,1,1,1,1,1,1,1,1,1,1,1,1,1,1,1,1,1,1,1,1,1,1,1,1,1,1,1,1,1,1,0.96,0.94,1,1,1,0.93,0.96,1,1,0.99,1,1,1,1,1,1,1,1,1,1,1,1,1,1
4_P1-200-0.22,0.9,1,-0.41,-0.94,1,0.99,0.45,0.99,-0.96,-0.98,0.98,0.99,0.75,-1,-0.99,0.75,0.98,0.85,0.74,0.44,0,0.88,0.87,0.4,0.16,-0.96,0.46,-0.98,0.1,0.56,0.53,-0.86,0.79,-0.85,0.54,0.73,-0.51,0.53,0.59,0.77,0.69,0.95,0.41,-0.5,-0.34,0.59,0.78,0.69,-0.61,0.09,0.62,0.52,0.88,0.87,0.96,-0.95,0.83,-0.43,0.72,0.96,0.79,-0.75,0.28,0.9,0.64,0.77,-0.69,0.94,-0.02,0.84,0.98,0.94,0.98,0.84,0.99,-0.33,0.99,0.93,1,0.97,1,0.68,1,0.91,0.99,0.85,0.99,0.75,0.99,0.89,0.96,0.86,0.97,0.47,0.95,0.99,0.98,0.84,0.99,0.52,0.99,0.99,0.99,0.85,0.97,0.84,0.77,0.95,0.99,0.93,0.97,0.88,0.88,0.99,0.99,0.92,0.96,0.94,0.95,0.89,0.49,0.97,0.12,0.19,0.99,1,0.92,1,0.96,0.98,0.99,0.99,0.99,0.97,0.71,0.94,0.92,0.99,0.98,0.98,-0.36,-0.41,0.92,0.98,0.96,0.98,0.93,-0.25,-0.68,0.98,0.86,0.77,0.98,0.98,0.91,0.96,0.98,0.98,0.97,0.85,0.74,0.98,0.99
4_P1-40-0.22,1,0.95,1,1,0.96,0.74,0.66,0.27,1,1,0.19,0.92,-0.69,1,1,-0.53,0.94,0.89,-1,0.99,0.88,0,-0.59,-1,0.92,1,0.48,1,1,-0.94,-1,0.97,-1,1,-0.99,-0.58,0.99,-0.71,-0.59,-0.83,-0.6,0.35,0.28,0.73,0.99,-0.86,-0.15,-0.61,1,0.68,-0.79,0.18,0.82,0.34,0.18,0.98,-0.28,0.94,0.45,1,0.99,0.99,1,0.6,1,0.69,1,0.99,1,0.93,1,1,0.99,1,1,1,1,1,1,1,1,1,1,1,1,1,1,1,1,1,1,1,1,1,1,1,1,1,1,1,1,1,1,1,1,1,1,1,1,1,1,1,1,1,1,1,1,1,1,0.9,1,1,1,1,1,1,1,1,1,1,1,1,1,1,1,1,1,1,1,0.99,1,1,0.96,1,1,1,0.98,1,1,0.92,0.92,1,1,1,1,1,1,1,1,1,1,1,1
4_P1-60-0.22,0.69,0.98,1,1,1,0.8,-0.04,0.74,1,1,0.68,0.97,0.5,1,1,0,0.44,-0.92,-0.96,-0.34,0.87,-0.59,0,-0.19,-0.66,1,-0.99,1,1,-0.4,-1,0.79,-1,1,-1,-1,0.99,0.41,-0.22,-0.12,0.39,0.73,-0.86,0.74,0.8,-0.58,-0.19,0.46,1,0.39,-0.4,0.49,0.68,0.71,0.56,0.94,0.51,0.8,0.81,0.98,0.45,0.89,1,0.81,1,0.94,1,1,1,0.79,1,1,1,1,1,1,1,1,1,1,1,1,1,1,1,1,1,1,1,1,1,1,1,1,1,1,1,1,1,1,1,1,1,1,1,1,1,1,1,1,1,1,1,1,1,1,1,1,1,0.98,1,1,1,1,1,1,1,1,1,1,1,1,1,1,1,1,1,1,1,0.97,1,1,1,1,0.99,1,0.99,1,1,1,0.98,1,1,1,1,1,1,1,1,1,1,1,1
5_P1-20-0.22,0.99,0.42,1,0.99,0.49,-0.18,0.63,-0.73,1,1,-0.51,0.41,-0.99,1,1,-0.96,0.05,0.8,-1,1,0.4,-1,-0.19,0,0.64,0.99,0.37,0.84,0.29,-1,-1,0.75,-0.99,0.9,-0.93,-0.53,0.42,-1,-1,-0.99,-0.98,-0.99,0.13,-0.45,0.86,-1,-0.67,-0.98,1,0.35,-1,-0.74,0.12,-0.58,-1,0.75,-0.92,0.5,-0.63,0.99,0.85,0.95,1,-0.56,1,0.62,1,0.99,1,0.83,1,1,1,1,1,1,1,1,1,1,1,1,1,1,1,1,1,0.98,1,1,1,1,1,0.88,1,1,1,1,1,1,1,1,1,1,1,1,1,1,1,1,1,1,0.99,1,1,1,1,1,0.99,0.53,1,0.99,1,0.99,1,1,0.99,1,1,1,1,1,1,1,0.97,1,1,1,1,1,1,0.99,0.92,1,1,1,0.86,1,1,0.85,0.91,0.91,1,1,1,1,1,1,1,0.89,1,1,1
3_P1-90-0.22,-0.17,1,0.98,0.94,0.99,0.52,-0.91,0.96,0.87,0.97,0.95,0.89,0.66,0.98,1,0.33,-0.27,-0.96,0.8,-0.99,0.16,0.92,-0.66,0.64,0,0.96,-0.82,0.91,0.72,0.91,0.19,-0.67,0.47,0.97,-0.36,-0.79,0.87,0.62,0.41,0.49,0.67,0.67,-0.93,0.73,0.91,0.06,-0.26,0.63,0.98,0.35,0.34,0.54,-0.43,0.41,0.93,0.74,0.66,0.71,0.65,0.58,-0.67,0.41,1,0.87,0.9,0.75,1,0.98,0.99,0.65,0.83,1,1,0.99,1,1,1,1,1,1,1,1,1,1,1,1,1,1,1,1,1,1,1,0.98,1,1,1,1,1,0.99,1,1,1,1,1,1,0.99,1,1,1,1,1,1,1,1,1,1,1,1,0.95,1,1,1,1,1,1,0.99,1,1,1,1,1,1,1,0.99,1,1,1,1,0.88,0.97,1,0.99,0.99,0.69,0.76,1,1,0.98,1,0.98,0.94,1,1,1,1,1,1,1,0.98,1,1,1
4_P1-300-0.22,1,1,0.88,-0.35,1,1,0.92,1,0.39,-0.63,1,1,1,-0.83,-1,1,1,1,1,1,-0.96,1,1,0.99,0.96,0,0.99,-0.51,0.63,1,0.81,0.69,1,-0.9,0.99,1,-0.99,1,0.99,1,1,1,0.85,-0.82,-0.96,0.98,1,1,-0.99,-0.96,0.99,0.99,1,1,1,-0.58,1,-0.96,1,1,1,0.17,0.1,1,1,1,0.9,1,-0.99,1,1,1,1,1,1,-0.78,1,1,1,0.99,1,-0.3,1,1,1,0.55,1,-0.54,1,1,0.99,0.24,1,0.14,1,1,1,0.39,1,-0.55,1,1,1,0.42,1,0.44,0.95,0.99,1,0.83,1,0.1,0.96,1,1,0.95,1,0.54,1,0.94,0.92,1,0.1,0.02,1,1,1,1,0.99,0.99,1,1,1,1,0.67,0.85,1,1,1,1,0.02,-0.55,1,1,1,1,1,0.43,-0.99,1,1,0.91,1,1,0.81,1,1,1,1,0.94,0.98,1,1
5_P1-100-0.22,0.57,0.99,1,1,0.99,0.74,0,0.91,0.99,1,0.9,0.99,0.69,1,1,0.05,0.68,-1,0.07,-0.99,0.46,0.48,-0.99,0.37,-0.82,0.99,0,0.98,0.97,0.77,-0.33,0.12,-0.47,1,-0.92,-1,0.91,0.46,0.09,0.21,0.39,0.83,-0.85,0.67,0.82,-0.08,0,0.51,0.97,0.11,0.07,0.32,-0.33,0.37,0.92,0.87,0.53,0.69,0.7,0.64,-0.12,0.82,1,0.86,0.99,0.77,1,0.97,0.99,0.7,0.9,1,1,1,1,1,1,1,1,1,1,1,1,1,1,1,1,1,1,1,1,1,1,1,1,1,1,1,1,0.99,1,1,1,1,1,1,0.98,1,1,1,1,1,0.99,1,1,1,1,1,1,0.9,1,0.99,1,0.99,0.99,1,1,1,1,1,1,1,1,1,1,1,1,1,1,0.86,0.99,1,0.93,0.96,0.66,0.72,0.96,1,0.99,0.96,0.91,0.99,1,1,1,1,1,1,1,1,1,1,1
5_P1-200-0.22,1,1,0.79,-0.74,1,1,0.97,1,0.09,-0.59,1,1,0.95,-0.44,-0.32,1,1,0.99,0.99,1,-0.98,1,1,0.84,0.91,-0.51,0.98,0,-0.99,0.78,0.9,0.22,0.99,-1,0.96,0.98,-0.94,0.71,0.96,0.99,1,1,0.9,0.26,-0.19,0.96,1,0.98,-0.03,0.24,0.96,0.95,1,1,0.83,-0.42,1,-0.29,1,1,1,-0.08,0.63,1,0.98,0.98,0.17,1,0.03,0.96,1,0.62,1,0.98,0.99,-0.24,1,0.89,1,0.99,1,-0.33,1,-0.14,1,0.94,1,0.24,1,0.98,1,0.81,1,-0.94,1,1,1,0.1,1,0.34,1,1,1,0.85,1,0.87,0.91,1,1,0.96,1,0.85,0.98,0.94,1,0.93,1,0.97,0.95,0.92,0.93,1,0.77,0.54,1,1,0.9,1,0.91,0.99,1,1,0.92,1,0.63,0.34,0.99,1,1,1,0.49,-0.68,1,1,1,1,1,-0.34,-0.56,1,0.99,0.78,1,0.3,0.13,0.99,1,1,0.99,-0.14,-0.37,1,1
5_P1-300-0.22,1,0.9,1,0.32,1,1,1,1,0.97,0.98,1,1,0.34,0.99,0.96,1,1,0.53,0.98,0.99,0.1,1,1,0.29,0.72,0.63,0.97,-0.99,0,-0.37,0.73,0.35,0.86,-1,0.94,0.99,-0.99,-0.38,0.8,0.88,0.98,0.79,0.96,0.89,0.14,0.95,0.99,0.88,0.88,0.78,0.93,0.93,1,1,-0.6,0.86,0.99,0.11,0.99,1,1,0.97,0.08,1,1,0.95,0.78,1,0.71,0.98,1,-0.87,0.98,0.96,0.49,0.02,0.99,-0.07,1,0.96,1,-0.98,1,-1,0.99,0.88,0.98,-0.48,0.98,0.65,0.88,0.79,0.95,-1,0.78,0.97,0.94,-0.74,0.98,0.53,0.98,0.98,0.99,0.77,0.95,0.69,0.6,0.92,0.98,0.84,0.93,0.79,0.68,-0.3,0.94,0.25,0.88,0.89,0.34,0.48,0.99,0.98,0.98,0.48,1,1,0.41,1,0.11,0.8,0.99,0.95,-0.52,0.71,0.08,-0.76,0.83,0.96,0.97,1,0.99,-0.59,0.96,0.97,1,1,0.94,0.06,0.86,0.99,0.99,-0.16,0.95,-0.96,-0.96,0.8,0.88,0.8,0.5,-0.87,-1,0.88,0.81
5_P1-40-0.22,1,0.99,1,1,0.83,0.12,0.88,-0.76,1,1,-0.3,0.22,-1,1,1,-0.87,0.24,0.96,-1,1,0.56,-0.94,-0.4,-1,0.91,1,0.77,0.78,-0.37,0,-1,0.94,-1,0.81,-0.95,-0.21,0.34,-1,-0.99,-0.99,-0.89,-0.65,0.55,-0.06,0.82,-1,-0.79,-0.93,1,0.66,-1,-0.57,0.19,-0.43,-0.85,0.86,-0.77,0.68,-0.77,1,0.99,0.93,1,-0.13,1,0.91,1,1,1,0.92,1,1,1,1,1,1,1,1,1,1,1,1,1,1,1,1,1,1,1,1,1,1,1,0.8,1,1,1,1,1,1,1,1,1,1,1,1,1,1,1,1,1,1,1,1,1,1,1,1,1,0.9,1,1,1,1,1,1,1,1,1,1,1,1,1,1,1,1,1,1,1,1,1,0.99,1,1,1,1,1,1,1,0.99,0.99,0.99,1,1,1,1,1,1,1,0.87,0.97,1,1
5_P1-90-0.22,0.68,-0.79,1,1,-0.67,0.17,0.51,-0.81,1,0.99,-0.85,-0.35,-0.96,0.99,0.99,-0.94,-0.99,-0.12,-1,0.77,0.53,-1,-1,-1,0.19,0.81,-0.33,0.9,0.73,-1,0,0.52,-0.99,0.92,-0.96,-0.82,0.64,-1,-0.94,-0.99,-0.98,-0.97,-0.45,-0.46,-0.07,-0.99,-1,-0.99,0.69,-0.18,-0.93,-1,-0.79,-0.6,-1,0.73,-0.99,-0.03,-1,0.01,0.56,0.85,0.71,-0.97,0.88,0.14,0.99,0.59,0.9,0.4,0.88,0.99,0.96,0.98,0.97,0.97,0.99,1,1,1,1,0.97,1,0.9,1,1,1,0.93,1,0.97,0.98,0.95,0.99,0.84,0.94,1,0.99,1,0.99,0.89,1,0.99,0.98,0.98,1,0.97,0.55,0.9,1,0.99,1,0.92,0.96,0.98,1,1,1,0.98,0.99,0.25,1,0.9,1,0.75,0.98,1,0.99,1,1,0.98,0.99,0.99,0.98,0.9,0.97,0.99,0.96,0.97,0.96,0.99,1,0.98,0.35,0.54,1,0.99,0.38,1,0.99,0.57,0.85,0.88,0.98,1,1,0.99,1,1,1,0.99,0.85,1,1
6_P1-100-0.22,0.66,1,0.89,-0.16,1,0.99,0.04,1,-0.66,0.26,1,1,0.93,0.72,0.95,0.88,0.97,0.54,0.95,-0.05,-0.86,0.97,0.79,0.75,-0.67,0.69,0.12,0.22,0.35,0.94,0.52,0,0.78,0.53,0.44,0.25,0.25,0.92,0.94,0.96,0.94,0.94,-0.29,0.61,0.32,0.69,0.71,0.92,0.43,0.01,0.83,0.77,0.72,0.92,0.98,-0.38,0.88,0.07,0.91,0.99,0.5,-0.23,0.87,0.97,0.51,0.84,0.5,0.89,0.8,0.44,0.78,0.69,1,0.37,1,0.91,1,0.97,1,1,1,0.98,1,0.98,1,1,1,0.89,1,0.99,0.99,0.97,1,0.74,1,1,1,0.99,1,0.85,1,1,1,0.97,1,0.97,0.85,0.99,1,1,1,0.97,0.95,1,1,0.98,1,1,0.98,0.93,0.53,0.99,0.95,0.6,1,1,0.96,1,0.99,1,1,1,1,1,0.92,0.98,0.99,1,0.99,1,0.57,0.74,0.99,1,0.95,0.97,0.99,0.79,0.76,0.99,0.96,0.84,1,1,1,1,1,1,1,0.78,0.95,1,1
6_P1-20-0.22,0.64,-0.34,1,1,-0.37,0.25,0.29,-0.69,1,1,-0.78,0.22,-0.65,1,1,-0.73,-0.02,-0.39,-1,0.5,0.79,-1,-1,-0.99,0.47,1,-0.47,0.99,0.86,-1,-0.99,0.78,0,0.98,-1,-0.99,0.89,-0.91,-0.86,-0.94,-0.76,-0.65,-0.38,0.22,0.94,-0.87,-0.66,-0.78,1,0.14,-0.73,-0.64,0.3,-0.25,-0.63,0.98,-0.78,0.81,-0.43,0.73,0.91,0.98,0.99,-0.39,0.96,0.43,1,0.68,1,0.56,0.89,1,0.93,0.99,0.99,1,0.99,1,1,1,1,1,1,1,1,1,1,1,1,0.99,1,1,1,0.99,1,1,1,1,1,0.99,1,1,1,1,1,1,0.95,1,1,1,1,1,0.98,1,1,1,1,1,0.99,0.63,1,0.93,1,1,0.91,1,1,0.99,1,1,0.99,1,1,1,1,1,1,1,1,0.89,1,1,0.51,0.86,0.96,0.99,0.8,1,1,0.73,0.71,0.93,1,1,1,1,1,1,1,1,1,1,1
6_P1-200-0.22,1,1,0.98,-0.55,1,1,0.99,1,0.42,-0.07,1,1,0.98,0.06,-0.51,1,1,0.99,0.99,1,-0.85,1,1,0.9,0.97,-0.9,1,-1,-1,0.81,0.92,0.53,0.98,0,0.98,1,-1,0.75,0.97,0.99,1,1,0.92,-0.49,-0.53,0.96,1,0.98,-0.61,-0.15,0.95,0.97,1,1,0.84,-0.21,1,-0.53,1,1,1,0.4,0.1,1,1,0.98,0.59,1,-0.43,1,1,0.6,1,1,0.98,-0.35,1,0.84,1,1,1,-0.71,1,-0.54,1,0.8,1,-0.24,1,0.98,0.99,0.64,1,-0.99,1,1,1,-0.19,1,0.14,1,1,1,0.7,1,0.71,0.94,1,1,0.91,1,0.73,0.91,0.9,1,0.85,1,0.9,0.94,0.98,0.96,1,0.51,0.24,1,1,0.94,1,0.93,0.99,1,1,0.91,1,0.68,0.26,0.99,1,1,1,0.59,-0.83,1,1,1,1,1,-0.27,-0.79,1,1,0.71,1,0.03,-0.51,1,1,1,1,-0.25,-0.8,1,1
6_P1-40-0.22,0.23,0.37,1,1,0.38,0.07,-0.11,-0.49,1,0.99,-0.62,0.51,-0.28,0.99,1,-0.78,-0.12,-0.94,-0.98,-0.37,0.54,-0.99,-1,-0.93,-0.36,0.99,-0.92,0.96,0.94,-0.95,-0.96,0.44,-1,0.98,0,-1,0.93,-0.8,-0.78,-0.94,-0.52,-0.36,-0.83,0.07,0.91,-0.83,-0.83,-0.57,0.99,0.04,-0.62,-0.6,-0.44,-0.53,-0.18,0.94,-0.78,0.76,-0.28,0.4,0.39,0.94,1,-0.23,0.93,0.19,1,0.34,0.97,0.23,0.7,0.99,0.87,0.97,0.99,1,0.97,1,1,1,1,1,1,1,1,1,1,1,1,1,1,1,1,0.99,1,1,1,1,1,0.98,1,1,1,1,1,1,0.98,1,1,1,1,1,0.98,1,1,1,1,1,1,0.66,1,0.89,1,1,0.87,0.99,1,0.99,1,1,1,1,1,1,1,1,0.99,1,0.99,0.69,1,1,0.47,0.71,0.6,0.76,0.62,1,0.99,0.56,0.61,0.99,1,1,1,1,1,1,1,1,1,1,1
6_P1-60-0.22,-0.01,0.87,0.99,1,0.9,0.56,-0.27,0.33,0.99,0.99,0.21,0.88,0.25,1,1,-0.33,0.1,-0.99,-0.73,-0.94,0.73,-0.58,-1,-0.53,-0.79,1,-1,0.98,0.99,-0.21,-0.82,0.25,-0.99,1,-1,0,0.97,-0.13,-0.41,-0.57,-0.02,0.47,-0.96,0.53,0.94,-0.55,-0.47,-0.07,1,0.27,-0.28,-0.12,-0.7,-0.15,0.6,0.94,-0.18,0.79,0.34,0.49,-0.08,0.94,1,0.4,0.93,0.65,1,0.75,1,0.45,0.69,1,0.99,0.99,1,1,1,1,1,1,1,1,1,1,1,1,1,1,1,1,1,1,1,1,1,1,1,1,1,1,1,1,1,1,1,1,0.99,1,1,1,1,1,1,1,1,1,1,1,1,0.9,1,0.99,1,1,0.99,1,1,1,1,1,1,1,1,1,1,1,1,1,1,0.82,0.99,1,0.88,0.91,0.6,0.7,0.94,1,1,0.86,0.9,1,1,1,1,1,1,1,1,1,1,1,1
6_P1-300-0.22,1,1,1,-0.09,1,1,0.99,1,0.94,-0.27,1,1,0.79,0.07,-0.8,0.98,1,0.9,0.95,0.99,-0.51,0.99,0.99,0.42,0.87,-0.99,0.91,-0.94,-0.99,0.34,0.64,0.25,0.89,-1,0.93,0.97,0,0.12,0.86,0.94,0.96,0.94,0.72,-0.89,-0.99,0.78,0.96,0.85,-0.97,-0.96,0.87,0.74,1,1,0.74,0.21,0.97,-0.97,0.95,1,1,0.59,-0.9,0.98,0.99,0.91,0.38,0.99,-0.97,0.92,1,0.31,0.99,0.96,0.76,-0.98,1,0.51,1,0.92,1,-1,1,-0.42,1,-0.25,0.99,-0.97,1,0.91,0.91,-0.28,0.96,-1,0.92,1,0.97,-0.92,0.98,-0.92,1,0.97,0.98,-0.02,0.99,-0.25,0.51,0.89,1,0.31,0.97,-0.51,0.79,0.58,1,0.56,0.99,-0.37,0.75,0.83,0.99,0.99,0.8,0.09,1,1,0.8,1,0.75,0.85,1,1,0.46,0.94,0.3,-0.6,0.96,0.98,0.99,1,0.92,-0.84,0.97,0.99,1,1,0.97,0.07,-0.31,0.99,0.98,0.38,0.97,0.08,-0.95,0.97,0.99,0.96,0.95,-0.46,-0.74,0.99,0.98
7_P1-20-0.22,0.69,-0.62,1,0.99,-0.81,-0.67,0.76,-1,1,1,-0.96,-0.91,-1,1,1,-1,-1,0.92,-0.88,1,0.53,-0.71,0.41,-1,0.62,1,0.46,0.71,-0.38,-1,-1,0.92,-0.91,0.75,-0.8,-0.13,0.12,0,-1,-1,-1,-1,0.37,-0.82,0.98,-1,-0.83,-1,1,0.78,-1,-0.99,-0.6,-0.95,-1,0.96,-1,0.88,-1,0.83,0.85,0.98,1,-1,1,0.67,1,0.99,1,0.91,1,1,1,1,1,1,1,0.99,1,1,1,1,1,0.99,1,1,1,0.97,1,1,1,1,1,0.71,1,1,1,0.99,1,1,1,1,1,1,1,1,1,1,1,1,1,1,0.99,1,1,1,1,1,0.99,0.79,1,1,1,1,1,1,1,1,1,1,1,1,1,1,0.99,1,1,1,1,1,1,1,0.97,1,1,1,0.99,1,1,0.96,0.98,0.91,1,1,1,1,1,1,1,0.64,0.99,1,1
7_P1-40-0.22,-0.8,-1,1,1,-1,-0.94,0.47,-1,1,1,-1,-1,-1,1,1,-1,-1,0.71,-0.9,0.86,0.59,-0.59,-0.22,-1,0.41,0.99,0.09,0.96,0.8,-0.99,-0.94,0.94,-0.86,0.97,-0.78,-0.41,0.86,-1,0,-1,-1,-1,-0.13,-1,0.89,-1,-0.58,-1,1,0.28,-1,-1,-1,-1,-1,0.91,-1,0.61,-1,-0.93,0.21,0.97,1,-1,0.99,0.19,1,0.91,0.94,0.89,1,1,0.99,0.99,1,1,1,1,1,1,1,1,1,1,1,1,1,1,1,0.99,0.99,1,1,0.98,1,1,0.99,1,1,0.95,1,1,1,1,1,1,0.98,1,1,1,1,1,0.95,1,1,1,0.99,1,1,0.29,1,0.95,1,0.99,0.98,1,1,1,1,1,1,1,1,1,0.98,1,0.98,1,1,1,1,1,0.53,0.88,1,1,0.85,1,0.99,0.71,0.82,0.97,1,1,1,1,1,1,1,1,1,1,1
7_P1-60-0.22,-0.28,-1,1,1,-0.99,-0.77,0.48,-1,1,1,-1,-0.98,-1,1,1,-1,-1,0.89,-0.9,0.98,0.77,-0.83,-0.12,-0.99,0.49,1,0.21,0.99,0.88,-0.99,-0.99,0.96,-0.94,0.99,-0.94,-0.57,0.94,-1,-1,0,-1,-1,-0.1,-0.83,0.99,-1,-0.33,-1,1,0.57,-1,-1,-1,-1,-1,0.99,-1,0.92,-1,-0.45,0.79,0.99,1,-1,1,0.6,1,0.99,1,0.91,1,1,1,1,1,1,1,1,1,1,1,1,1,1,1,1,1,1,1,1,1,1,1,1,1,1,1,1,1,1,1,1,1,1,1,1,1,1,1,1,1,1,1,1,1,1,1,1,1,0.8,1,1,1,1,1,1,1,1,1,1,1,1,1,1,1,1,1,1,1,1,1,1,0.93,0.99,1,1,0.96,1,1,0.92,0.94,0.97,1,1,1,1,1,1,1,1,1,1,1
10_P1-20-0.22,0.38,-0.99,1,1,-1,-0.89,0.33,-1,0.99,1,-1,-0.99,-1,1,1,-1,-1,0.95,-0.95,0.99,0.69,-0.6,0.39,-0.98,0.67,1,0.39,1,0.98,-0.89,-0.98,0.94,-0.76,1,-0.52,-0.02,0.96,-1,-1,-1,0,-1,0.16,-0.94,0.98,-1,-0.77,-1,1,0.42,-1,-1,-1,-1,-1,0.95,-1,0.88,-1,-0.25,0.5,0.96,1,-1,0.99,0.1,1,0.95,0.99,0.82,1,1,1,0.99,1,1,1,1,1,1,1,1,1,1,1,1,1,1,1,1,1,1,1,1,1,1,1,1,1,1,1,1,1,1,1,1,1,1,1,1,1,1,0.99,1,1,1,1,1,1,0.53,1,0.98,1,1,0.99,1,1,1,1,1,1,1,1,1,1,1,1,1,1,1,1,1,0.83,0.98,1,1,0.87,1,1,0.8,0.72,1,1,1,1,1,1,1,1,1,1,1,1
10_P1-40-0.22,1,-0.7,1,1,-1,-0.97,-0.3,-1,1,1,-1,-0.99,-1,1,1,-1,-1,0.99,-0.86,1,0.95,0.35,0.73,-0.99,0.67,1,0.83,1,0.79,-0.65,-0.97,0.94,-0.65,1,-0.36,0.47,0.94,-1,-1,-1,-1,0,-0.01,-0.31,0.97,-1,-0.99,-1,1,0.35,-1,-1,-1,-1,-1,0.86,-1,0.79,-1,-0.04,0.69,0.73,1,-1,1,-0.15,1,0.97,1,0.45,1,1,1,1,1,1,1,1,1,1,1,1,1,1,1,1,1,1,1,1,1,1,1,0.99,1,1,1,1,1,1,1,1,1,1,1,1,1,1,1,1,1,1,1,1,1,1,1,1,1,0.93,1,1,1,1,1,1,1,1,1,1,1,1,1,1,1,1,1,1,1,0.99,1,1,0.98,1,1,1,1,1,1,0.96,0.83,1,1,1,1,1,1,1,1,1,1,1,1
7_P1-105-0.22,-0.41,0.91,0.71,0.98,0.91,-0.02,-0.91,0.66,0.6,0.85,0.61,0.57,0.65,0.86,0.95,-0.43,-0.41,-0.9,0.07,-0.89,0.41,0.28,-0.86,0.13,-0.93,0.85,-0.85,0.9,0.96,0.55,-0.45,-0.29,-0.38,0.92,-0.83,-0.96,0.72,0.37,-0.13,-0.1,0.16,-0.01,0,-0.02,0.1,-0.58,-0.94,0.13,0.42,-0.69,-0.29,-0.18,-0.99,-0.66,0.46,0.17,-0.16,-0.21,0.15,-0.94,-0.9,-0.01,0.84,0.12,0.23,-0.1,0.88,0.44,0.86,-0.24,-0.79,0.81,0.97,0.65,0.98,0.98,0.99,1,1,1,1,1,1,1,1,1,1,1,1,0.99,0.99,0.98,1,0.96,1,1,1,1,1,0.95,1,1,1,0.99,1,0.99,0.76,0.98,1,1,1,0.97,0.96,1,1,1,1,0.99,1,0.71,0.87,0.91,0.98,0.77,0.89,0.95,0.99,0.99,1,1,0.99,1,1,0.99,0.99,1,0.98,0.99,0.95,0.25,0.71,0.91,0.82,0.67,-0.37,-0.37,0.78,0.85,0.91,0.73,0.5,1,0.99,1,1,1,1,1,1,1,0.99,1,1
7_P1-200-0.22,0.82,0.23,1,0.64,0.21,-0.49,0.62,-0.28,0.92,0.5,-0.32,0.41,-0.72,0.7,0.17,-0.98,0.11,0.99,0.22,0.98,-0.5,0.73,0.74,-0.45,0.73,-0.82,0.67,0.26,0.89,-0.06,-0.46,0.61,0.22,-0.49,0.07,0.53,-0.89,-0.82,-1,-0.83,-0.94,-0.31,-0.02,0,-0.88,-0.99,0.12,-0.96,-0.78,-1,-0.99,-0.99,-0.46,-0.71,-0.25,-0.19,-0.86,-0.94,-0.8,0.65,0.63,0.17,0.32,-0.62,0.99,0.67,0.99,0.98,-0.76,0.9,1,1,1,1,1,0.2,1,1,1,1,1,0.44,1,1,1,0.74,1,0.05,1,1,0.99,0.5,1,0.29,1,1,0.99,0.64,1,-0.25,1,1,1,0.6,1,0.57,0.97,0.99,1,0.91,1,0.45,0.96,1,1,0.98,1,0.81,1,0.82,0.97,0.99,0.89,0.39,1,1,1,1,1,1,1,1,1,1,0.9,0.97,1,1,1,1,0.81,0.36,0.95,0.99,1,1,0.98,0.97,-0.47,0.97,0.95,0.99,1,1,0.92,1,1,1,1,0.98,0.99,1,1
7_P1-300-0.22,1,1,1,0.4,1,1,0.91,1,0.93,0.21,1,1,0.99,0.28,-0.72,0.98,0.97,0.99,0.97,0.99,-0.34,0.99,0.8,0.86,0.91,-0.96,0.82,-0.19,0.14,0.82,-0.07,0.32,0.94,-0.53,0.91,0.94,-0.99,0.98,0.89,0.99,0.98,0.97,0.1,-0.88,0,0.62,0.65,0.93,-1,-1,0.86,0.54,0.92,0.99,0.41,-0.9,0.9,-1,0.64,0.98,0.99,-0.57,-1,0.36,0.94,0.81,0.2,0.95,-0.99,0.58,0.86,0.96,1,0.95,0.73,-0.92,1,0.81,1,0.45,1,-0.83,1,0.19,1,-0.32,0.99,-0.93,0.99,0.88,0.49,-0.54,0.89,-0.75,0.67,0.99,0.8,-0.39,0.69,-0.96,1,0.55,0.68,-0.5,0.99,-0.65,-0.31,-0.13,0.99,0.08,0.94,-0.89,0.29,0.57,0.99,0.49,0.97,-0.77,0.63,0.71,0.89,0.97,0.51,-0.89,1,1,0.86,1,0.85,0.09,1,0.99,0.79,0.47,0.06,-0.07,0.93,0.93,0.96,1,0.61,-0.8,0.98,0.98,1,1,0.31,0.76,-0.69,0.97,0.98,0.73,0.74,0.87,0.01,0.95,0.98,0.75,1,0.67,-0.26,1,0.99
8_P1-100-0.22,-0.26,-1,1,0.99,-1,-0.93,-0.17,-1,0.98,0.99,-1,-0.99,-1,1,1,-1,-1,0.49,-0.91,0.72,0.59,-0.86,-0.58,-1,0.06,0.98,-0.08,0.96,0.95,-1,-0.99,0.69,-0.87,0.96,-0.83,-0.55,0.78,-1,-1,-1,-1,-1,-0.58,-0.99,0.62,0,-0.98,-1,0.96,-0.32,-1,-1,-1,-1,-1,0.7,-1,0.23,-1,-0.96,-0.3,0.63,0.98,-1,0.88,-0.19,1,0.58,0.87,0.38,0.97,0.98,0.98,0.95,1,0.99,0.99,0.99,1,1,1,0.99,1,0.99,1,1,1,0.99,1,0.98,0.95,0.99,0.99,0.93,1,1,0.99,1,1,0.83,1,1,1,0.98,1,0.98,0.86,0.99,1,1,1,0.99,0.91,1,1,1,0.99,1,0.97,0.38,0.99,0.93,1,0.99,0.91,1,1,1,1,1,1,1,1,1,0.99,1,0.97,1,1,0.96,0.97,1,0.34,0.72,0.96,0.99,0.78,1,0.99,0.69,0.4,0.99,1,1,1,1,1,1,1,1,1,1,1
8_P1-115-0.22,-0.04,0.73,1,1,0.11,-0.42,-0.75,-0.71,0.98,1,-0.24,-0.72,-0.59,1,1,-0.53,-0.84,0.55,-0.22,0.74,0.78,-0.15,-0.19,-0.67,-0.26,1,0,1,0.99,-0.79,-1,0.71,-0.66,1,-0.83,-0.47,0.96,-0.83,-0.58,-0.33,-0.77,-0.99,-0.94,0.12,0.65,-0.98,0,-0.61,0.93,-0.56,-0.82,-0.57,-0.54,-0.24,-0.78,0.82,-0.68,0.48,-0.92,0.25,-0.23,0.09,0.99,-0.55,0.66,-0.09,1,0.68,0.98,-0.5,0.29,0.97,0.99,0.9,1,1,1,1,1,1,1,1,1,1,1,1,1,0.99,1,1,1,1,1,0.99,1,1,1,1,1,0.97,1,1,1,1,1,0.99,0.92,0.99,1,1,1,1,0.98,1,1,1,1,1,1,0.83,0.99,0.97,1,0.98,0.96,1,1,1,1,1,1,1,1,1,1,1,1,1,1,0.77,0.97,1,0.82,0.82,0.7,0.86,0.88,1,0.99,0.91,0.72,0.99,1,1,1,1,1,1,1,1,1,1,1
8_P1-20-0.22,0.31,-1,1,1,-1,-0.77,0.7,-1,0.99,1,-1,-0.99,-1,1,1,-1,-1,0.98,-0.94,1,0.69,-0.61,0.46,-0.98,0.63,1,0.51,0.98,0.88,-0.93,-0.99,0.92,-0.78,0.98,-0.57,-0.07,0.85,-1,-1,-1,-1,-1,0.13,-0.96,0.93,-1,-0.61,0,1,0.37,-1,-1,-1,-1,-1,0.93,-1,0.72,-1,-0.4,0.6,0.94,1,-1,1,0.25,1,0.97,0.98,0.91,1,1,1,0.99,1,1,1,1,1,1,1,1,1,1,1,1,1,1,1,0.99,1,1,1,0.98,1,1,1,1,1,0.98,1,1,1,1,1,1,0.99,1,1,1,1,1,0.98,1,1,1,1,1,0.99,0.64,1,0.99,1,1,1,1,1,1,1,1,1,1,1,1,1,1,1,1,1,1,1,1,0.85,0.99,1,1,0.96,1,1,0.86,0.8,0.93,1,1,1,1,1,1,1,0.99,1,1,1
8_P1-200-0.22,1,1,1,-0.05,1,1,0.76,1,0.52,0.24,1,1,1,0.57,-0.55,1,1,1,1,0.99,-0.61,1,1,1,0.98,-0.99,0.97,-0.03,0.88,1,0.69,0.43,1,-0.61,0.99,1,-0.97,1,1,1,1,1,0.42,-0.78,-1,0.96,0.93,1,0,-1,0.99,0.98,0.99,1,0.94,-0.99,1,-1,0.98,1,0.99,-0.67,-0.8,0.99,0.98,0.98,0.59,1,-1,0.88,0.99,1,1,0.98,0.99,-0.95,1,0.99,1,0.95,1,-0.68,1,0.9,1,0.32,1,-0.82,1,1,0.98,-0.11,1,-0.15,1,1,0.99,0.28,1,-0.82,1,0.98,1,0.1,1,0.14,0.04,0.58,1,0.73,1,-0.66,0.96,0.94,1,0.93,1,-0.18,0.98,0.99,0.76,1,0.07,-0.8,1,1,0.99,1,0.9,0.86,1,1,1,0.99,0.69,0.74,1,1,1,1,0.11,-0.53,1,1,1,1,0.99,0.87,-0.9,1,1,0.95,1,1,0.86,1,1,1,1,0.94,0.83,1,1
8_P1-250-0.22,0.97,0.97,0.9,0.66,0.97,0.58,0.12,0.97,0.96,-0.27,0.96,0.98,0.87,-0.06,-0.75,0.16,0.84,0.83,0.4,0.61,0.09,0.68,0.39,0.35,0.35,-0.96,0.11,0.24,0.78,0.66,-0.18,0.01,0.14,-0.15,0.04,0.27,-0.96,0.78,0.28,0.57,0.42,0.35,-0.69,-1,-1,-0.32,-0.56,0.37,-1,0,0.03,-0.14,0.3,0.21,0.58,-0.28,-0.06,-0.99,0.3,0.88,0.55,-0.27,-0.84,0.32,0.92,0.12,0.73,0.6,-0.87,0.41,0.82,0.97,0.98,0.96,0.89,-0.76,1,0.99,1,0.97,1,-0.53,1,0.91,1,0.28,1,-0.4,1,0.99,0.93,-0.33,0.98,-0.18,0.97,1,0.98,0.21,0.97,-0.77,1,0.91,0.95,0.05,1,-0.01,0.22,0.77,1,0.61,1,-0.63,0.93,0.97,1,0.98,0.99,-0.36,0.99,0.77,0.95,0.93,0.85,-0.09,0.96,1,0.99,1,1,0.94,1,1,0.99,0.97,0.91,0.76,0.99,0.99,0.96,0.97,0.66,0.01,0.8,0.91,0.92,0.96,0.71,0.55,-0.36,0.82,0.73,0.99,0.94,0.99,0.58,0.99,1,1,1,0.99,0.79,1,1
8_P1-40-0.22,-0.81,-1,1,0.99,-1,-0.93,0.31,-1,0.98,1,-1,-1,-1,1,1,-1,-1,0.64,-0.93,0.87,0.62,-0.79,-0.4,-1,0.34,0.99,0.07,0.96,0.93,-1,-0.93,0.83,-0.73,0.95,-0.62,-0.28,0.87,-1,-1,-1,-1,-1,-0.29,-0.99,0.86,-1,-0.82,-1,0.99,0.03,0,-1,-1,-1,-1,0.92,-1,0.59,-1,-0.82,-0.2,0.87,1,-1,0.96,-0.18,1,0.69,0.93,0.83,0.99,1,0.97,0.97,1,1,0.99,1,1,1,1,1,1,1,1,1,1,1,1,0.98,0.99,1,1,0.98,1,0.99,1,1,1,0.97,1,1,1,1,1,1,0.97,1,1,1,1,1,0.94,1,0.99,1,0.98,1,0.99,-0.05,0.99,0.89,1,0.99,0.88,1,0.99,1,1,1,1,1,1,1,1,1,0.97,1,1,0.98,0.99,1,0.2,0.68,0.99,1,0.59,1,0.98,0.51,0.48,0.99,1,1,1,1,1,1,1,1,1,1,1
8_P1-60-0.22,0.26,-1,1,1,-1,-0.83,0.59,-1,1,1,-1,-1,-0.99,1,1,-1,-1,0.96,-0.75,0.99,0.52,0.18,0.49,-0.74,0.54,0.99,0.32,0.95,0.93,-0.57,-1,0.77,-0.64,0.97,-0.6,-0.12,0.74,-0.99,-1,-1,-1,-1,-0.18,-0.99,0.54,-1,-0.57,-1,0.98,-0.14,-1,0,-1,-1,-1,0.66,-1,0.18,-1,-0.95,0.34,0.63,1,-1,0.99,0.09,1,0.94,0.87,0.58,1,1,1,0.98,1,0.99,1,1,1,1,1,1,1,0.99,1,1,1,0.96,1,0.99,0.98,0.99,1,0.93,1,1,0.99,1,1,0.89,1,1,1,0.99,1,0.99,0.89,0.98,1,1,1,0.99,0.94,1,1,1,1,1,0.99,0.5,1,0.98,1,0.96,0.99,1,1,1,1,1,1,1,1,1,0.99,1,0.98,1,1,1,0.99,1,0.84,0.99,1,1,0.97,1,0.99,0.94,0.77,0.99,1,1,1,1,1,1,1,1,1,1,1
9_P1-100-0.22,-0.7,-0.46,1,1,-0.28,-0.68,-0.98,-0.82,0.99,1,-0.82,-0.69,-0.63,1,1,-1,-0.99,0.92,0.49,0.79,0.88,0.82,0.68,0.12,-0.43,1,-0.33,1,1,0.19,-0.79,0.72,0.3,1,-0.44,-0.7,1,-0.6,-1,-1,-1,-1,-0.99,-0.46,0.92,-1,-0.54,-1,0.99,0.3,-1,-1,0,-1,-0.99,0.57,-1,0.65,-0.99,-1,-0.83,0.22,1,-0.97,0.98,0.64,1,1,1,0.7,0.99,1,1,1,1,1,1,1,1,1,1,1,1,1,1,1,1,1,1,1,1,1,1,1,1,1,1,1,1,1,1,1,1,1,1,1,0.98,1,1,1,1,1,1,1,1,1,1,1,1,0.98,1,1,1,1,1,1,1,1,1,1,1,1,1,1,1,1,1,1,1,0.98,0.99,1,1,1,0.96,0.99,1,1,1,1,0.98,1,1,1,1,1,1,1,1,1,1,1,1
9_P1-120-0.22,-0.6,-1,1,1,-1,-0.86,-0.16,-1,1,1,-1,-1,-0.93,1,1,-1,-1,0.99,-0.14,0.96,0.87,0.34,0.71,-0.58,0.41,1,0.37,1,1,-0.43,-0.6,0.92,-0.25,1,-0.53,-0.15,1,-0.95,-1,-1,-1,-1,-0.66,-0.71,0.99,-1,-0.24,-1,1,0.21,-1,-1,-1,0,-1,0.95,-1,0.88,-1,-1,0.41,0.91,1,-1,1,0.33,1,0.98,1,0.74,1,1,1,1,1,1,1,1,1,1,1,1,1,1,1,1,1,1,1,1,1,1,1,1,1,1,1,1,1,1,1,1,1,1,1,1,1,1,1,1,1,1,1,1,1,1,1,1,1,0.89,1,1,1,1,1,1,1,1,1,1,1,1,1,1,1,1,1,1,1,1,1,1,0.94,0.99,0.99,1,0.99,1,1,0.98,0.89,1,1,1,1,1,1,1,1,1,1,1,1
9_P1-20-0.22,1,-0.83,1,1,-0.99,-0.22,0.86,-1,1,1,-1,-0.93,-1,1,1,-1,-1,1,-0.85,1,0.96,0.18,0.56,-1,0.93,1,0.92,0.83,-0.6,-0.85,-1,0.98,-0.63,0.84,-0.18,0.6,0.74,-1,-1,-1,-1,-1,0.46,-0.25,0.41,-1,-0.78,-1,0.94,0.58,-1,-1,-0.99,-1,0,0.63,-1,0.3,-1,0.22,0.99,0.86,0.85,-1,1,0.73,1,1,1,0.87,1,1,1,1,1,1,1,1,1,1,1,1,1,0.64,1,1,1,0.99,1,1,1,1,1,0.26,1,1,1,1,1,1,1,1,1,1,1,1,0.85,0.91,1,1,1,0.99,1,1,1,1,1,1,1,0.92,1,1,1,0.95,1,1,1,1,1,1,1,1,1,1,1,1,1,1,1,1,1,0.99,1,1,1,1,1,1,1,0.99,0.96,1,1,1,1,1,1,1,1,0.96,0.88,1,1
9_P1-200-0.22,0.92,1,0.47,-0.35,1,1,0.46,1,-0.63,-0.55,1,1,1,-0.74,-0.66,0.96,0.99,0.99,0.97,0.89,-0.95,0.98,0.94,0.75,0.74,-0.58,0.87,-0.42,0.86,0.86,0.73,-0.38,0.98,-0.21,0.94,0.94,0.21,0.96,0.91,0.99,0.95,0.86,0.17,-0.19,-0.9,0.7,0.82,0.93,-0.99,-0.28,0.92,0.66,0.57,0.95,0.63,0,0.63,-0.96,0.91,0.44,0.8,-0.92,-0.61,0.46,0.38,0.8,-0.93,0.88,0.21,0.84,0.73,0.98,1,0.89,0.92,-0.28,1,0.99,1,0.99,1,0.78,1,0.9,1,0.95,1,0.9,1,0.98,0.9,0.2,0.96,0.55,0.98,1,0.98,0.97,0.9,0.37,1,0.82,0.96,0.78,1,0.75,0.09,0.6,1,0.98,0.99,0.4,0.94,0.92,1,0.99,0.99,0.63,0.92,0.9,0.48,0.99,0.26,-0.4,1,1,0.99,1,0.99,0.9,1,1,0.99,0.97,0.93,0.97,0.98,0.99,0.96,1,-0.37,-0.67,1,1,0.97,0.98,0.84,-0.1,-0.46,0.97,0.98,0.99,0.96,1,0.99,0.98,0.99,0.99,1,0.98,0.94,1,1
9_P1-40-0.22,0.8,-1,1,1,-1,-0.77,0.31,-1,1,1,-1,-0.93,-1,1,1,-1,-1,0.97,-0.93,0.99,0.83,-0.28,0.51,-0.92,0.66,1,0.53,1,0.99,-0.77,-0.99,0.88,-0.78,1,-0.78,-0.18,0.97,-1,-1,-1,-1,-1,-0.16,-0.86,0.9,-1,-0.68,-1,1,-0.06,-1,-1,-1,-1,-1,0.63,0,0.47,-1,-0.57,0.71,0.83,1,-1,1,0.26,1,0.98,0.99,0.76,1,1,1,1,1,1,1,1,1,1,1,1,1,1,1,1,1,1,1,1,1,1,1,0.99,1,1,1,1,1,0.98,1,1,1,1,1,1,0.97,1,1,1,1,1,1,1,1,1,1,1,1,0.82,1,1,1,1,1,1,1,1,1,1,1,1,1,1,1,1,1,1,1,1,1,1,0.96,1,1,1,0.99,1,1,0.95,0.78,1,1,1,1,1,1,1,1,1,1,1,1
9_P1-500-0.22,1,1,0.98,0.44,1,0.98,0.69,1,0.92,0.05,1,1,0.97,-0.12,-0.88,0.86,0.93,0.97,0.85,0.91,-0.43,0.94,0.8,0.5,0.71,-0.96,0.69,-0.29,0.11,0.68,-0.03,0.07,0.81,-0.53,0.76,0.79,-0.97,0.88,0.61,0.92,0.88,0.79,-0.21,-0.94,-1,0.23,0.48,0.72,-1,-0.99,0.59,0.18,0.65,0.88,0.3,-0.96,0.47,0,0.69,0.81,0.86,-0.61,-1,-0.03,0.81,0.49,0.2,0.75,-0.95,0.56,0.77,0.91,0.97,0.88,0.52,-0.89,0.99,0.74,0.99,0.47,1,-0.81,1,0.4,0.99,-0.5,0.95,-0.8,0.97,0.81,0.37,-0.86,0.71,-0.78,0.78,0.96,0.6,-0.29,0.62,-0.9,0.97,0.21,0.55,-0.56,0.94,-0.69,-0.27,-0.02,0.96,-0.09,0.89,-0.89,0.39,0.44,0.97,0.54,0.92,-0.82,0.49,0.55,0.8,0.92,0.31,-0.78,0.99,1,0.83,0.99,0.79,0.1,0.99,0.97,0.75,0.66,-0.03,-0.07,0.83,0.87,0.73,1,0.48,-0.78,0.92,0.96,0.99,0.98,0.51,0.43,-0.68,0.8,0.93,0.66,0.58,0.67,-0.04,0.81,0.92,0.85,0.99,0.67,0.3,0.99,0.98
9_P1-60-0.22,0.54,-0.86,1,1,-0.96,-0.76,0.39,-1,1,1,-0.98,-0.96,-1,1,1,-1,-1,1,-0.34,1,0.72,0.45,0.81,-0.63,0.65,1,0.7,1,0.99,-0.77,-1,0.91,-0.43,1,-0.28,0.34,0.95,-1,-1,-1,-1,-1,0.15,-0.8,0.64,-1,-0.92,-1,0.98,0.3,-1,-1,-0.99,-1,-1,0.91,-1,0.69,0,0.37,0.68,0.69,0.99,-1,1,0.24,1,0.99,0.99,0.52,1,1,1,1,1,1,1,1,1,1,1,1,1,0.97,1,1,1,1,1,1,1,1,1,0.99,1,1,1,1,1,0.97,1,1,1,1,1,1,0.9,0.94,1,1,1,0.99,0.99,1,1,1,1,1,1,0.82,1,1,1,0.93,1,1,1,1,1,1,1,1,1,1,1,1,1,1,1,1,1,1,0.98,1,1,1,0.97,1,1,0.99,0.91,1,1,1,1,1,1,1,1,1,0.99,1,1
10_P1-100-0.22,-0.17,0.41,1,1,0.79,-0.99,-0.99,0.45,1,1,0.05,0.66,0.82,1,1,-0.93,0.53,0.95,0.96,0.86,0.96,1,0.98,0.99,0.58,1,0.64,1,1,1,0.01,0.99,0.73,1,0.4,0.49,1,0.83,-0.93,-0.45,-0.25,-0.04,-0.94,0.65,0.98,-0.96,0.25,-0.4,1,0.88,-0.82,-0.95,-1,-1,0.22,0.44,-0.57,0.81,0.37,0,-1,0.29,1,-0.77,1,-0.58,1,0.99,1,0.34,1,1,1,1,1,1,1,1,1,1,1,1,1,1,1,1,1,1,1,1,1,1,1,1,1,1,1,1,1,1,1,1,1,1,1,1,1,1,1,1,1,1,1,1,1,1,1,1,1,1,1,1,1,1,1,1,1,1,1,1,1,1,1,1,1,1,1,1,1,0.64,1,1,1,1,0.69,0.94,1,1,1,1,0.63,1,1,1,1,1,1,1,1,1,1,1,1
10_P1-120-0.22,-1,1,0.97,1,1,0.03,-1,0.97,0.94,1,0.97,0.87,0.93,1,1,0.22,0.76,0.26,0.95,-0.3,0.79,0.99,0.45,0.85,-0.67,1,-0.12,1,1,0.99,0.56,0.5,0.91,1,0.39,-0.08,1,0.85,0.21,0.79,0.5,0.69,-0.9,0.63,0.99,-0.3,-0.23,0.6,0.99,0.55,-0.2,0.34,-0.83,0.41,0.99,0.8,0.71,0.86,0.68,-1,0,-0.07,1,0.82,0.76,0.5,1,0.94,1,0.04,-0.59,1,1,0.97,1,1,1,1,1,1,1,1,1,1,1,1,1,1,1,1,1,1,1,1,1,1,1,1,1,1,1,1,1,1,1,1,1,1,1,1,1,1,1,1,1,1,1,1,1,0.96,0.98,1,1,1,1,1,1,1,1,1,1,1,1,1,1,1,1,1,1,0.18,0.91,1,0.99,0.98,-0.66,-0.7,1,1,1,1,0.94,1,1,1,1,1,1,1,1,1,1,1,1
10_P1-200-0.22,0.33,1,0.21,-0.3,1,0.93,-0.17,1,-0.31,-0.64,1,1,1,-0.19,0.08,0.92,0.9,0.98,0.97,0.83,-0.75,0.99,0.89,0.95,0.41,0.17,0.82,-0.08,0.97,0.93,0.85,-0.23,0.98,0.4,0.94,0.94,0.59,0.98,0.97,0.99,0.96,0.73,-0.01,0.17,-0.57,0.63,0.09,0.94,-0.67,-0.27,0.87,0.63,0.22,0.91,0.86,-0.92,0.83,-0.61,0.69,0.29,-0.07,0,0.13,0.72,-0.07,0.67,-1,0.84,0.46,0.58,0.07,0.93,1,0.84,0.98,-0.19,1,1,1,1,1,0.84,1,0.96,1,0.99,1,0.95,1,1,0.98,0.73,0.99,0.87,0.99,1,1,0.99,0.98,0.68,1,0.98,0.99,0.93,1,0.94,0.54,0.9,1,1,1,0.81,0.98,0.99,1,1,1,0.93,1,0.98,0.77,1,0.65,0.22,1,1,1,1,1,0.99,1,1,0.99,0.98,0.99,0.99,1,1,1,0.95,0.07,0.34,1,1,0.62,0.71,0.93,-0.24,0.18,1,0.98,1,0.97,1,1,0.99,1,1,1,1,0.93,1,1
10_P1-500-0.22,1,1,1,0.87,1,1,0.99,1,1,1,1,1,1,1,0.96,1,1,1,1,1,0.28,1,1,1,1,0.1,1,0.63,0.08,1,0.71,0.87,0.99,0.1,1,1,-0.9,1,1,1,1,1,0.84,0.32,-1,0.98,0.99,1,-0.8,-0.84,1,1,1,1,0.85,-0.61,1,-1,0.99,1,1,0.13,0,1,1,0.99,0.95,1,-0.61,0.97,1,1,1,1,1,-0.47,1,0.98,1,0.98,1,0.16,1,-0.03,1,0.78,1,-0.59,1,0.99,0.97,0.59,1,-0.42,0.99,1,0.99,0.66,1,-0.5,1,0.98,1,0.53,1,0.26,-0.94,-0.89,1,0.89,1,-0.93,0.93,-0.27,1,0.87,1,-0.25,0.12,0.96,1,1,0.99,-0.63,1,1,0.99,1,0.96,0.63,1,1,1,0.99,0.49,0.47,1,1,1,1,0.97,-0.44,1,1,1,1,0.94,1,0.05,1,1,0.75,1,1,0.99,1,1,0.98,1,0.72,-0.45,1,1
10_P1-60-0.22,0.97,-1,1,1,-0.99,-0.74,0.59,-1,1,1,-1,-0.89,-1,1,1,-1,-1,1,-0.52,1,0.9,0.6,0.81,-0.56,0.87,1,0.86,1,1,-0.13,-0.97,0.97,-0.39,1,-0.23,0.4,0.98,-1,-1,-1,-1,-1,0.12,-0.62,0.36,-1,-0.55,-1,0.99,0.32,-1,-1,-0.97,-1,-1,0.46,-1,-0.03,-1,-0.77,0.82,0.72,1,0,1,-0.21,1,0.89,1,0.32,1,1,1,1,1,1,1,1,1,1,1,1,1,1,1,1,1,1,1,1,1,1,1,1,1,1,1,1,1,0.99,1,1,1,1,1,1,0.99,1,1,1,1,1,1,1,1,1,1,1,1,0.75,1,0.99,1,0.98,1,1,1,1,1,1,1,1,1,1,1,1,1,1,1,1,1,1,0.94,1,1,1,0.96,1,1,0.92,0.71,1,1,1,1,1,1,1,1,1,1,1,1
11_P1-100-0.22,-1,1,-0.48,0.9,1,0.9,-0.75,1,-0.2,0.65,1,1,1,1,1,1,1,1,0.99,1,0.64,1,1,1,0.9,1,0.99,0.98,1,1,0.88,0.51,0.96,1,0.93,0.93,0.99,1,0.99,1,0.99,1,0.23,0.99,0.94,0.88,0.66,1,0.98,0.92,0.96,0.99,0.98,1,1,0.38,1,0.81,1,1,0.76,-0.07,1,1,0,0.47,-0.7,0.74,0.99,-0.88,-1,0.13,0.98,-0.96,1,1,0.99,0.94,1,0.99,1,1,1,1,1,1,1,1,1,1,1,1,1,1,1,1,1,1,1,0.99,1,1,1,1,1,1,1,1,1,1,1,1,0.98,1,1,1,1,1,1,1,-0.31,0.99,0.97,0.99,0.99,0.99,0.98,1,1,1,1,1,1,1,1,1,1,1,1,0.85,0.67,1,1,1,0.3,0.44,1,1,0.95,1,0.91,0.98,1,1,1,1,1,1,1,1,1,1,1
11_P1-20-0.22,-0.99,-0.48,1,1,-0.32,-0.95,0.16,0.66,0.97,0.99,0.71,0.73,0.79,1,1,0.16,0.92,0.99,0.23,0.98,0.77,0.69,0.94,0.62,0.75,1,0.77,0.98,0.95,0.91,0.14,0.84,0.43,0.98,0.19,0.65,0.91,0.67,0.19,0.6,0.1,-0.15,-0.1,0.67,0.81,-0.19,-0.09,0.25,0.98,0.12,-0.18,0.09,0.64,0.33,0.73,0.8,0.26,0.49,0.24,-0.58,0.5,0.67,0.99,-0.21,0.47,0,0.99,-1,0.85,-0.87,-0.7,0.64,0.43,0.25,0.59,1,0.53,0.85,0.86,0.99,0.96,1,0.97,0.99,1,1,1,1,1,0.93,0.93,0.99,0.95,0.98,1,0.95,0.93,1,1,0.95,0.99,1,1,0.99,0.97,0.99,0.97,0.98,0.99,1,0.95,1,0.83,1,0.95,1,0.93,1,1,-0.45,0.52,-0.98,1,0.96,-0.99,-0.52,0.87,0.87,0.99,1,0.85,0.95,1,0.99,0.96,1,0.79,0.98,0.94,-0.82,0.81,1,-1,-1,-0.5,-0.64,-1,0.99,0.94,-1,-1,0.88,0.97,1,1,0.97,0.98,0.99,0.96,0.97,1,0.98,0.99
11_P1-200-0.22,0.68,1,-0.08,-0.96,1,1,0.67,1,-0.87,-0.65,1,1,1,0.96,0.97,1,1,1,1,1,-0.69,1,1,1,1,0.9,1,0.17,0.78,1,0.99,0.5,1,0.59,1,1,0.38,1,1,1,1,1,0.88,0.99,0.2,1,1,1,0.59,0.73,1,1,1,1,1,-0.93,1,0.2,1,1,1,-1,0.95,1,-0.7,0.99,0,1,0.65,0.3,0.17,0.66,1,-0.69,1,0.58,1,0.78,1,1,1,1,1,1,1,1,1,0.96,1,1,1,0.99,1,0.93,1,1,1,1,1,0.97,1,1,1,1,1,1,0.98,1,1,1,1,1,1,1,1,1,1,1,1,1,-0.38,1,0.74,0.81,1,1,0.98,1,1,1,1,1,1,1,0.98,1,1,1,1,1,0.27,0.83,1,1,0.98,0.99,1,0.58,-0.26,1,1,0.91,1,1,1,1,1,1,1,0.88,0.99,1,1
11_P1-40-0.22,-0.22,0.94,1,1,0.98,-0.5,0.48,0.99,0.99,1,0.99,1,1,1,1,0.91,1,1,0.77,1,0.94,0.99,1,0.99,0.98,1,0.97,1,1,1,0.59,0.89,0.68,1,0.34,0.75,0.99,0.99,0.91,0.99,0.95,0.97,0.44,0.98,0.95,0.58,0.68,0.97,1,0.6,0.69,0.94,1,0.98,1,0.88,0.98,0.75,0.99,0.99,0.94,0.84,1,0.89,0.74,-1,1,0,0.99,-1,-0.11,0.27,0.16,-0.27,0.61,1,0.54,0.76,0.93,0.98,0.97,1,0.99,1,1,1,1,1,1,0.99,0.99,1,1,1,1,1,0.99,1,1,0.98,1,1,1,1,1,1,1,1,1,1,1,1,0.94,1,0.99,1,0.99,1,1,0.62,0.12,-0.97,1,1,-0.99,-0.05,0.75,0.78,1,1,0.66,0.98,1,1,1,1,0.92,1,0.97,-0.14,0.9,1,-0.99,-1,0.04,-0.05,-0.99,1,1,-1,-1,0.93,0.99,1,1,0.99,0.99,1,0.95,1,1,0.98,0.99
11_P1-500-0.22,1,1,0.93,-0.13,1,1,0.98,1,0.92,-0.93,1,1,1,-0.42,-1,1,1,1,0.99,1,-0.02,1,1,1,0.99,-0.99,0.99,0.03,0.71,1,0.9,0.8,1,-0.43,0.97,1,-0.97,1,0.94,1,0.99,1,0.86,-0.76,-0.99,0.87,0.98,0.98,-1,-0.87,0.93,0.87,1,1,1,0.21,0.99,-0.95,0.99,1,1,0.46,-0.61,1,0.99,0.85,0.65,0.99,0,0.94,1,1,1,0.98,1,-1,1,0.9,1,0.72,1,-1,1,0.99,1,-0.51,0.99,-0.89,1,0.98,0.93,-0.48,0.97,-0.44,1,1,0.92,-0.32,0.99,-0.94,1,0.98,1,-0.09,1,-0.04,0.87,0.97,1,0.22,0.98,-0.38,0.86,1,1,0.82,0.99,-0.38,0.99,0.98,0.9,1,0.39,-0.26,1,1,0.93,1,0.9,0.86,1,1,1,1,0.47,0.48,0.99,1,1,1,0.66,-0.3,1,1,1,1,1,0.55,-0.86,1,0.99,0.93,0.99,0.91,-0.47,1,1,0.99,1,0.75,0.67,1,1
11_P1-60-0.22,-0.89,0.87,0.98,0.99,0.72,-0.23,0.01,0.91,0.91,0.94,0.89,0.96,0.97,1,1,0.82,0.92,0.97,0.73,0.88,0.84,0.93,0.79,0.83,0.65,1,0.7,0.96,0.98,0.92,0.4,0.44,0.56,1,0.23,0.45,0.92,0.91,0.89,0.91,0.82,0.45,-0.24,0.9,0.58,0.38,-0.5,0.91,0.88,0.41,0.83,0.58,0.7,0.74,0.87,0.84,0.76,0.56,0.52,0.34,0.04,0.58,0.97,0.32,-0.88,-0.87,0.3,-1,0.94,0,-1,-0.69,-0.25,-0.62,-0.34,0.99,-0.34,0.78,0.75,0.98,0.91,0.99,0.82,0.94,1,1,1,0.98,1,0.95,0.94,0.99,0.93,0.98,0.95,0.94,0.97,1,0.96,0.92,0.99,0.99,0.98,1,0.96,0.99,0.75,0.93,0.99,1,0.95,0.99,0.87,1,0.93,1,0.9,1,1,0.22,0.05,-0.18,0.97,0.93,-0.47,-0.63,0.91,0.88,0.99,1,0.87,0.96,0.99,0.95,0.99,1,0.81,0.95,0.9,-0.79,0.61,1,-0.01,-0.5,-0.99,-0.99,-0.05,0.72,0.99,0.01,-0.58,0.8,0.95,1,1,0.97,0.97,1,0.98,0.98,0.99,0.98,0.99
11_P1-70-0.22,-0.87,1,1,1,1,0.58,-0.96,1,0.76,1,1,1,1,1,1,1,1,1,0.99,0.99,0.98,1,1,1,0.83,1,0.9,1,1,1,0.88,0.78,0.89,1,0.7,0.69,1,1,1,1,1,1,-0.79,1,0.86,0.97,0.29,1,0.99,0.82,0.99,1,0.99,1,1,0.73,1,0.77,1,1,-0.59,0.07,1,1,-1,-0.7,0.17,-0.11,1,-1,0,-0.66,0.89,-1,1,1,1,0.9,1,1,1,1,1,1,1,1,1,1,1,1,1,1,1,1,1,1,1,1,1,1,1,1,1,1,1,1,1,1,1,1,1,1,1,1,1,1,1,1,1,0.99,-0.61,0.83,1,0.97,0.93,0.84,0.83,0.99,1,1,0.96,1,1,1,1,1,1,1,1,-0.99,0.91,1,1,1,-1,-0.91,1,1,1,1,0.5,0.99,1,1,1,1,1,1,1,1,1,1,1
12_P1-100-0.22,0.86,1,1,0.94,1,0.99,0.67,1,0.82,0.99,1,1,1,1,1,1,1,1,0.99,1,0.94,1,1,1,1,1,1,0.62,-0.87,1,0.99,0.69,1,0.6,0.99,1,0.31,1,1,1,1,1,0.81,1,0.96,0.98,0.97,1,1,0.97,1,1,1,1,1,0.98,1,0.91,1,1,1,0.93,1,1,0.13,0.64,0.66,0.27,1,-0.69,-0.66,0,-0.74,-1,-0.81,1,-0.77,-0.67,0.75,0.8,0.74,0.98,0.62,0.76,1,1,1,0.98,1,0.99,0.99,1,0.99,0.35,1,1,0.99,0.99,1,1,1,1,1,1,1,1,0.99,1,1,1,1,1,0.96,1,1,1,1,1,1,1,-0.81,0.79,0.92,0.99,0.56,-0.11,-0.06,0.85,0.91,1,0.86,0.97,0.99,0.99,0.97,1,0.95,0.99,0.98,0.8,0.98,0.99,0.99,0.99,0.37,0.39,0.99,0.85,0.99,0.99,0.91,0.53,0.98,0.99,1,0.98,0.99,0.99,0.93,0,0.84,0.96,0.99
12_P1-20-0.22,1,1,1,1,1,0.97,0.98,1,1,1,1,1,1,1,1,0.99,1,1,0.89,1,0.98,0.99,1,1,1,1,1,1,0.98,1,0.96,1,0.93,1,0.87,0.99,0.99,1,0.99,1,1,1,0.97,1,1,0.98,0.99,1,1,0.98,0.97,1,1,1,1,1,1,0.97,1,1,1,1,1,1,0.98,0.43,1,0.16,1,-0.25,0.89,-0.74,0,-0.84,-1,1,-1,-0.47,-0.44,0.43,-0.43,1,-0.32,0.99,0.96,1,0.99,0.99,0.96,0.57,0.83,1,0.94,1,0.99,0.82,0.67,1,0.93,0.99,0.93,0.99,0.94,1,0.96,0.99,0.99,0.99,0.88,1,0.79,1,0.63,1,0.82,0.99,0.82,1,0.98,0.97,-0.1,-0.57,0.95,1,-0.38,-0.68,-0.51,-0.53,0.83,1,-0.5,0.22,0.97,0.83,0.98,1,0.11,0.62,0.36,0.8,0.99,1,0.98,0.98,0.83,0.84,0.98,1,1,0.94,0.58,-0.12,0.76,1,1,0.66,0.58,0.76,-0.13,0.68,1,0.08,0.45
12_P1-200-0.22,-0.37,1,0.7,0.83,1,0.93,0.59,1,0.05,0.04,1,1,1,1,1,1,1,1,0.98,1,0.84,1,1,1,0.99,1,1,0.98,0.96,1,0.98,0.37,0.99,1,0.97,0.99,0.96,1,0.99,1,0.99,1,0.65,1,0.95,0.95,0.9,0.99,0.98,0.96,0.97,0.98,1,1,1,0.89,1,0.88,1,1,0.97,0.84,1,1,-0.96,0.25,-0.69,-0.27,0.98,-0.62,-1,-1,-0.84,0,-0.22,1,-0.64,-0.28,0.37,0.69,0.42,1,0.3,1,1,1,1,1,1,0.97,0.98,1,0.97,0.99,0.99,0.99,0.99,1,0.99,0.98,0.99,1,1,1,0.99,1,0.99,1,0.99,1,0.97,1,0.93,1,0.96,1,0.96,1,1,0.99,-0.95,0.33,0.41,0.96,0.13,-0.37,0.11,0.69,0.91,1,0.66,0.87,1,0.99,0.97,1,0.87,0.98,0.95,0.44,0.67,1,0.95,0.95,-0.34,-0.07,0.98,0.5,0.95,0.97,0.59,0.51,0.97,1,1,0.96,0.96,0.98,0.87,0.83,1,0.88,0.98
12_P1-40-0.22,1,1,1,1,1,1,1,1,1,1,1,1,1,1,1,1,1,1,0.99,1,0.99,1,1,1,1,1,1,0.99,0.49,1,0.97,1,0.99,0.98,0.99,1,0.76,1,1,1,1,1,0.98,1,0.73,1,1,1,0.99,0.89,1,1,1,1,1,0.92,1,0.52,1,1,1,0.98,1,1,1,0.59,1,0.61,1,-0.34,1,-0.81,-1,-0.22,0,0.99,-1,-0.69,-1,0.66,-0.99,1,-0.71,0.83,1,1,1,0.94,1,0.87,0.91,1,0.99,0.89,1,1,0.91,1,1,0.98,0.99,0.99,1,1,1,0.99,0.87,0.95,1,1,0.98,1,0.85,1,0.98,1,0.98,1,0.91,1,0.67,0,1,0.98,0.17,-0.81,-0.61,-0.25,0.92,1,-0.44,0.51,0.99,0.98,0.96,1,0.5,0.81,0.89,0.97,1,1,1,1,0.99,0.99,1,1,1,0.99,0.85,0.09,0.96,1,1,0.92,0.91,0.76,0.13,0.44,1,0.52,0.57
12_P1-500-0.22,1,1,1,-0.29,1,1,1,1,0.96,-0.56,1,1,1,0.36,-0.71,1,1,1,1,1,-0.33,1,1,1,1,-0.78,1,-0.24,0.02,1,0.97,0.91,1,-0.35,1,1,-0.98,1,1,1,1,1,0.98,0.2,-0.92,0.99,1,1,-0.95,-0.76,1,0.99,1,1,1,-0.28,1,-0.89,1,1,1,-0.19,-0.47,1,1,1,0.58,1,-1,0.99,1,1,1,1,0.99,0,1,0.73,1,0.88,1,-0.96,1,0.62,1,0.26,1,-0.87,1,1,0.99,-0.1,1,-0.42,0.99,1,1,0.18,0.97,-0.69,1,0.99,1,0.49,1,0.59,0.05,0.77,1,0.84,1,-0.19,0.95,0.94,1,0.94,1,-0.08,0.82,0.99,0.96,1,0.71,-0.18,1,1,0.94,1,0.8,0.9,1,1,1,1,0.39,0.37,1,1,1,1,0.69,0.05,1,1,1,1,1,0.75,-0.88,1,1,0.71,1,0.94,0.37,1,1,1,1,-0.16,0.01,1,1
12_P1-60-0.22,1,1,1,1,1,1,1,1,1,1,1,1,1,1,1,1,1,1,0.99,1,0.99,1,1,1,1,1,1,1,0.99,1,0.99,1,0.99,1,0.97,1,1,1,1,1,1,1,0.99,1,1,0.99,1,1,1,1,0.99,1,1,1,1,1,1,0.99,1,1,1,1,1,1,0.99,0.53,1,0.54,1,-0.34,1,-0.77,-1,-0.64,-1,1,0,-0.42,-0.42,0.69,-0.78,1,0.27,1,1,1,1,1,1,0.73,0.92,1,0.99,1,1,0.97,0.85,1,1,1,0.99,1,1,1,1,1,1,1,1,1,0.95,1,0.82,1,0.97,1,0.95,1,0.99,1,0.27,-0.16,1,1,0.08,-0.87,-0.58,-0.3,0.93,1,-0.18,0.64,1,0.99,0.99,1,0.27,0.79,0.89,0.91,1,1,1,1,0.94,0.97,1,1,1,1,0.75,-0.3,0.98,1,1,0.93,0.9,0.91,0.25,0.84,1,0.59,0.77
13_P1-100-0.22,1,1,1,0.96,1,1,1,1,1,0.99,1,1,1,1,1,1,1,1,1,1,0.93,1,1,1,1,1,1,0.89,-0.07,1,1,0.97,1,0.84,1,1,0.51,0.99,1,1,1,1,1,1,0.81,0.99,1,1,0.99,0.99,1,1,1,1,1,0.99,1,0.74,1,1,1,1,0.98,1,0.94,0.85,0.78,0.76,0.9,0.78,0.9,-0.67,-0.47,-0.28,-0.69,0.73,-0.42,0,-0.74,-1,-0.89,0.76,-1,-0.57,-0.13,0.33,-0.27,0.46,-0.2,-0.24,-0.24,0.8,-0.55,0.6,-0.35,0.18,-0.37,0.82,-0.26,0.89,-0.36,0.41,0.39,0.84,0.3,0.8,0.94,0.72,0.13,0.83,0.14,0.99,-0.15,0.08,0.08,0.41,0.18,0.95,0.84,0.99,-0.18,0.21,0.64,0.84,0.01,-0.32,-0.98,-0.36,-0.96,0.13,-0.76,-0.6,-0.81,0.42,-0.43,0.14,0.02,0.03,0.14,0.97,0.99,0.97,0.99,0.99,0.81,0.93,0.98,0.74,0.91,0.99,0.85,-0.95,0.12,-0.68,-0.17,-0.2,0,-0.93,-0.6,-0.91,0.42,-0.47,-0.38
13_P1-20-0.22,1,1,1,1,1,1,1,1,1,1,1,1,1,1,1,1,1,1,1,1,1,1,1,1,1,1,1,1,1,1,1,1,1,1,1,1,1,1,1,1,1,1,1,1,1,1,1,1,1,1,1,1,1,1,1,1,1,0.99,1,1,1,1,1,1,1,0.86,1,0.93,1,0.75,1,0.75,-0.44,0.37,-1,1,-0.42,-0.74,0,-0.17,-1,1,-1,0.93,0.25,0.99,0.75,1,0.49,-0.82,-0.57,1,0.33,1,0.73,-0.48,-0.54,1,0.61,1,0.01,0.7,0.6,1,0.33,0.58,1,0.87,0.59,1,-0.44,1,-0.6,1,-0.33,0.82,-0.38,1,0.99,1,0.55,-0.03,1,1,-0.05,-0.63,-0.95,-0.92,0.69,1,-0.97,-0.67,0.64,0.42,0.78,1,-0.92,-0.7,-0.43,0.99,1,1,1,1,0.99,1,1,1,1,1,0.87,-0.38,-0.01,0.98,1,-0.44,-0.39,-0.1,-0.88,0.79,1,-0.73,-0.68
13_P1-200-0.22,1,1,1,1,1,1,1,1,1,1,1,1,1,1,1,1,1,1,1,1,0.97,1,1,1,1,0.99,1,0.99,0.96,1,1,1,1,1,1,1,0.92,1,1,1,1,1,1,1,0.45,1,1,1,0.95,0.97,1,1,1,1,1,0.99,1,0.47,1,1,1,1,0.98,1,0.99,0.99,1,0.98,0.72,0.98,1,0.8,0.43,0.69,0.66,0.88,0.69,-1,-0.17,0,-0.49,0.87,-0.83,0.11,-0.21,-0.14,-0.42,0.77,-0.38,-0.13,-0.4,0.48,-0.45,0.89,-0.16,0.26,-0.63,0.88,-0.32,0.67,-0.18,-0.11,0.27,0.54,0.33,0.52,0.97,0.36,0.06,0.37,0,0.95,-0.81,0.21,0.09,-0.11,0.22,0.72,0.93,1,0.44,0.79,0.81,0.92,0.64,0.62,-0.98,-0.2,-0.97,-0.53,-0.7,-0.38,-0.76,0.54,-0.87,-0.21,-0.07,0.07,0.09,1,1,1,1,1,0.98,1,1,0.99,0.91,1,0.99,-0.94,0.13,-0.9,-0.69,-0.01,0.12,-0.97,-0.22,-0.57,0.72,-0.22,-0.19
13_P1-40-0.22,1,1,1,1,1,1,1,1,1,1,1,1,1,1,1,1,1,1,1,1,1,1,1,1,1,1,1,1,1,1,1,1,1,1,1,1,1,1,1,1,1,1,1,1,1,1,1,1,1,1,1,1,1,1,1,1,1,1,1,1,1,1,1,1,1,0.96,1,0.97,1,0.91,1,0.74,-0.43,0.42,-0.99,1,-0.78,-0.89,-1,-0.49,0,1,-1,0.96,0.11,0.99,0.45,1,0.36,-0.81,-0.54,1,0.15,1,0.69,-0.36,-0.74,1,0.41,1,0.01,0.81,0.54,1,0.46,0.7,1,0.94,0.52,1,-0.5,1,-0.59,1,-0.19,0.85,-0.21,1,0.99,1,0.62,0.2,1,1,0.07,-0.58,-0.99,-0.86,0.52,1,-0.97,-0.74,0.54,0.48,0.75,1,-0.86,-0.46,-0.39,1,1,1,1,1,1,1,1,1,1,1,0.94,-0.55,0.09,0.99,1,-0.46,-0.3,-0.39,-0.79,0.78,1,-0.81,-0.72
13_P1-500-0.22,1,1,1,0.87,1,1,1,1,1,0.78,1,1,1,0.99,0.01,1,1,1,1,1,0.68,1,1,1,1,-0.3,1,-0.33,-0.98,1,0.97,0.98,1,-0.71,1,1,-1,1,1,1,1,1,1,0.44,-0.83,0.99,1,1,-0.68,-0.53,1,1,1,1,1,0.78,1,-0.81,1,1,1,0.84,0.16,1,1,1,1,1,-1,0.99,1,0.98,1,1,1,-0.96,1,0.76,1,0.87,1,0,1,0.21,1,-0.62,1,-1,1,0.98,0.95,-0.94,1,-1,0.99,1,0.95,-0.99,0.99,-1,1,0.99,1,-0.93,1,-0.35,0.68,0.87,1,-0.55,1,-0.73,0.78,0.95,1,-0.5,1,-0.74,0.85,1,1,1,0.99,0.62,1,1,0.91,1,0.69,0.94,1,1,0.99,1,0.01,-0.27,1,1,1,1,0.99,0.51,1,1,1,1,1,1,0.34,1,1,-0.04,1,0.8,-0.43,1,1,1,1,-0.6,-0.1,1,1
13_P1-60-0.22,1,1,1,1,1,1,1,1,1,1,1,1,1,1,1,1,1,1,1,1,1,1,1,1,1,1,1,1,1,1,1,1,1,1,1,1,1,1,1,1,1,1,1,1,1,1,1,1,1,1,1,1,1,1,1,1,1,1,1,1,1,1,1,1,1,0.97,1,0.99,1,0.82,1,0.62,-0.32,0.3,-0.71,1,0.27,-1,-1,-0.83,-1,1,0,0.98,-0.35,0.99,0.26,1,-0.4,-0.78,-0.7,1,0.1,1,0.3,-0.3,-0.76,1,0.79,1,-0.45,0.67,0.92,1,0,0.87,1,0.97,0.83,1,-0.43,1,-0.68,1,-0.52,0.92,-0.59,1,1,1,0.5,0.58,1,1,0.57,-0.47,-1,-0.81,0.34,1,-0.95,-0.81,0.64,0.71,0.68,1,-0.8,-0.45,-0.23,1,1,1,1,1,1,1,1,1,1,1,0.98,-0.53,0.24,0.98,1,-0.14,-0.38,-0.43,-0.67,0.76,1,-0.71,-0.83
14_P1-100-0.22,1,1,1,0.99,1,1,1,1,1,1,1,1,1,1,1,1,1,1,1,1,0.91,1,1,1,1,1,1,-0.14,-1,1,0.9,0.98,1,-0.54,1,1,-0.42,0.99,1,1,1,1,1,1,0.19,0.99,1,1,0.9,0.91,1,0.99,1,1,0.64,0.9,1,0.4,0.97,1,1,0.96,-0.03,1,1,0.99,1,1,0.99,0.94,1,0.76,0.99,1,0.83,0.62,1,-0.57,0.93,0.11,0.96,0.21,0.98,0,0.34,0.6,0.44,-0.33,0.28,-0.81,-0.88,0.79,-0.41,-0.94,-0.85,-0.05,-0.92,0.64,-0.71,0.57,-0.22,-0.18,-0.13,0.77,0.25,0.08,-0.45,-0.92,0.32,0.67,-0.22,0.3,-0.95,-0.99,0.16,-0.47,0.08,0.38,-0.45,0.98,1,1,1,0.82,0.99,1,-0.3,0.71,-0.02,0.7,0.14,0.69,-0.32,0.31,-0.25,0,0.11,0.61,0.77,1,1,0.94,1,1,1,1,0.99,1,1,1,1,-0.91,0.71,-0.13,0.31,0.71,0.8,0.1,0.56,-0.81,-0.71,0.76,0.73
14_P1-20-0.22,1,1,1,1,1,1,1,1,1,1,1,1,1,1,1,1,1,1,1,1,0.99,1,1,1,1,1,1,1,0.99,1,1,1,1,1,1,1,1,1,1,1,1,1,1,1,1,1,1,1,1,1,1,1,1,1,1,1,1,0.99,1,1,1,1,1,1,1,1,1,1,1,1,1,1,0.96,1,1,1,1,-0.13,0.25,-0.21,0.11,1,-0.35,0.34,0,0.63,-1,0.96,-1,-1,-1,1,-1,1,-1,-1,-1,1,-1,1,-1,-0.92,-1,0.99,-1,-0.49,1,0.18,-1,0.72,-1,1,-1,0.18,-1,-0.17,-1,1,0.82,1,0.99,0.97,1,1,0.97,1,-0.77,-0.07,0.34,1,-0.74,-0.74,-0.98,-0.78,0.34,0.95,-0.97,-0.89,-0.98,1,1,1,1,1,1,1,1,1,1,1,1,-0.83,-0.96,0.41,0.94,-1,-0.95,-0.74,-0.36,0.52,1,-0.6,-0.75
14_P1-200-0.22,1,1,1,0.99,1,1,1,1,1,0.97,1,1,1,1,0.96,1,1,1,1,1,0.85,1,1,1,1,0.55,1,0.94,0.88,1,1,1,1,0.8,1,1,-0.25,1,1,1,1,1,1,0.74,-0.32,1,1,1,0.32,0.28,1,1,1,1,1,0.95,1,-0.5,1,1,1,0.99,0.78,1,1,1,1,1,-0.51,1,1,1,1,1,1,0.26,1,0.33,0.99,-0.14,0.99,-0.62,0.99,0.6,0.63,0,0.56,-0.89,0.66,-0.74,-0.73,-0.98,-0.21,-0.14,0.17,-0.3,-0.86,-0.92,0.04,-0.83,0.12,-0.12,0.27,-0.99,0.07,-0.98,0.92,-0.08,0.11,-0.99,-0.35,-0.27,-0.96,0.3,-0.11,-1,-0.11,-0.73,0.71,1,0.99,1,0.95,0.87,1,1,0.39,0.81,0.02,0.53,0.68,0.81,0.74,0.83,-0.87,-0.62,-0.12,0.56,0.51,1,1,0.97,1,1,1,1,1,1,0.46,1,1,-0.64,0.56,-0.25,-0.95,0.54,0.65,0.39,0.83,-0.43,0.8,0.88,0.88
14_P1-40-0.22,1,1,1,1,1,1,1,1,1,1,1,1,1,1,1,1,1,1,1,1,0.99,1,1,1,1,1,1,1,0.98,1,1,1,1,1,1,1,0.99,1,1,1,1,1,1,1,0.99,1,1,1,1,1,1,1,1,1,1,1,1,0.95,1,1,1,1,1,1,1,1,1,1,0.99,1,1,1,0.99,1,1,1,1,-0.27,0.75,-0.42,0.45,1,0.26,0.44,-1,0.56,0,0.9,-1,-1,-1,1,-1,0.99,-1,-1,-1,1,-1,0.98,-1,-0.98,-1,0.95,-1,-0.54,1,0.31,-1,0.7,-1,1,-1,0.7,-1,-0.43,-1,1,0.7,1,1,0.98,1,1,0.98,1,-0.83,-0.2,0.24,1,-0.81,-0.8,-0.83,-0.3,0,0.94,-0.99,-0.94,-0.88,1,1,1,1,1,1,1,1,1,1,1,1,-0.95,-0.75,0.61,0.99,-0.94,-0.89,-0.81,-0.4,0.49,1,-0.41,-0.85
14_P1-500-0.22,1,1,1,0.89,1,1,1,1,1,0.63,1,1,1,0.95,0.09,1,1,1,1,1,0.75,1,1,0.98,1,-0.54,1,0.24,-0.48,1,0.93,0.89,1,-0.24,1,1,-0.97,0.97,1,1,1,1,1,0.05,-0.93,0.99,0.99,1,-0.82,-0.4,1,0.96,1,1,0.99,0.9,1,-0.8,1,1,1,0.95,-0.59,1,1,1,0.96,1,-0.89,0.98,1,0.98,0.99,1,0.94,-0.87,1,0.46,1,0.77,1,-1,1,-0.33,0.96,-0.89,0.9,0,0.92,0.47,0.43,-0.99,0.59,-0.98,0.38,0.72,0.39,-1,0.62,-1,0.85,0.64,0.73,-0.92,0.89,-0.92,0.28,0.46,0.89,-0.88,0.75,-1,0.32,0.25,0.88,-0.39,0.84,-1,0.7,0.95,1,1,0.99,0.41,1,1,0.72,0.98,0.25,0.59,0.93,0.98,0.73,0.9,0.28,-0.34,0.95,0.97,0.98,1,1,0.42,1,1,1,1,1,0.98,0.7,1,1,-0.41,0.92,0.41,-0.88,0.93,0.97,0.92,0.93,-0.5,-0.27,0.98,0.98
14_P1-60-0.22,1,1,1,1,1,1,1,1,1,1,1,1,1,1,1,1,1,1,1,1,0.99,1,1,1,1,1,1,1,0.98,1,1,1,1,1,1,1,1,1,1,1,1,1,1,1,0.99,1,1,1,1,1,1,1,1,1,1,1,1,0.97,1,1,1,1,1,1,1,1,1,1,1,1,1,1,0.96,1,1,1,1,-0.2,0.49,-0.38,0.36,1,-0.4,0.28,-1,0.66,-1,0.92,0,-1,-1,1,-1,1,-1,-1,-1,1,-1,0.99,-1,-0.98,-1,0.98,-1,-0.44,1,0.18,-1,0.78,-1,1,-1,0.28,-1,-0.34,-1,1,0.67,1,1,0.97,1,1,0.98,1,-0.8,-0.14,0.23,1,-0.82,-0.81,-0.95,-0.65,0.1,0.96,-0.99,-0.95,-0.96,1,1,1,1,1,1,1,1,1,1,1,1,-0.92,-0.9,0.53,0.98,-0.97,-0.94,-0.82,-0.45,0.66,1,-0.52,-0.86
15_P1-20-0.22,1,1,1,1,1,1,1,1,1,1,1,1,1,1,1,1,1,1,1,1,0.89,1,1,1,1,1,1,0.98,0.65,1,0.97,0.99,0.99,0.98,1,1,0.91,1,0.99,1,1,1,0.99,1,0.88,0.98,1,0.99,1,0.99,0.98,0.99,1,1,1,0.98,1,0.81,1,1,1,1,0.99,1,1,0.93,1,0.99,0.98,0.95,1,0.99,0.57,0.97,0.87,1,0.73,-0.24,-0.82,-0.13,-0.81,0.98,-0.78,-0.81,-1,-0.74,-1,0.47,-1,0,-1,0.9,-1,0.85,-1,-1,-1,0.96,-1,0.8,-1,-1,-1,0.59,-1,-0.99,0.66,-0.94,-1,-0.73,-1,0.96,-1,-1,-1,-0.75,-1,0.71,-0.13,0.96,0.99,0.83,1,0.99,0.65,0.8,-0.58,-0.61,-0.12,0.86,-0.77,-0.94,-0.99,-0.93,-0.42,0.27,-0.93,-0.99,-0.97,1,1,1,1,1,1,1,1,1,1,0.99,0.95,-0.91,-0.98,-0.45,-0.2,-0.97,-0.99,-0.86,-0.9,-0.16,0.95,-0.91,-0.89
15_P1-100-0.22,1,1,1,1,1,1,1,1,1,1,1,1,1,1,1,1,1,1,1,1,0.96,1,1,1,1,0.99,1,1,0.88,1,0.98,0.99,1,0.99,1,1,0.91,1,0.99,1,1,1,0.99,0.99,0.49,0.95,1,1,0.98,0.93,0.99,0.98,1,1,1,0.9,1,0.37,1,1,1,0.98,0.97,1,1,0.93,1,0.99,0.93,0.94,1,0.99,0.83,0.98,0.91,0.99,0.92,-0.24,-0.57,-0.4,-0.54,0.95,-0.7,-0.88,-1,-0.73,-1,0.43,-1,-1,0,0.58,-1,0.79,-1,-1,-1,0.93,-1,0.47,-1,-1,-1,0.42,-1,-0.96,0.47,-0.98,-1,-0.39,-1,0.76,-1,-1,-1,-0.78,-0.99,0.46,-0.05,0.97,0.98,0.87,1,0.95,0.78,0.92,-0.66,-0.5,-0.46,0.63,-0.76,-0.94,-0.99,-0.86,-0.66,0.04,-0.92,-0.98,-0.95,1,1,1,1,1,0.99,1,1,1,0.99,0.99,0.94,-0.94,-0.96,-0.73,-0.57,-0.95,-0.94,-0.9,-0.75,-0.04,0.94,-0.88,-0.89
15_P1-200-0.22,1,1,1,0.97,1,1,1,1,1,0.99,1,1,1,1,0.91,1,1,1,1,1,0.86,1,1,1,1,0.24,1,0.81,0.79,1,0.95,0.97,1,0.64,1,1,-0.28,1,1,1,1,1,0.98,0.5,-0.54,0.99,1,1,-0.11,-0.33,1,0.99,1,1,1,0.2,1,-0.86,1,1,1,0.73,0.59,1,1,0.99,0.99,1,-0.48,0.99,1,1,1,1,1,-0.1,1,0.8,1,0.48,1,-0.94,1,0.79,1,-0.98,1,-0.99,1,0.9,0.58,0,0.96,-0.79,0.97,0.99,0.52,-1,0.97,-1,1,0.72,0.98,-1,0.99,-0.86,0.35,0.45,1,-1,0.96,-0.99,0.32,0.93,1,-0.89,0.99,-1,0.61,0.99,0.98,1,0.93,0.46,1,1,0.89,1,0.23,0.78,1,1,1,1,-0.24,-0.18,0.95,0.99,1,1,0.98,0.9,1,1,1,1,1,1,0.31,1,1,0.23,1,0.85,-0.07,1,1,0.93,1,0.24,0.64,1,1
15_P1-40-0.22,1,1,1,1,1,1,1,1,1,1,1,1,1,1,1,1,1,1,1,1,0.97,1,1,1,1,1,1,1,0.95,1,0.99,1,1,1,1,1,0.96,1,1,1,1,1,1,1,0.89,0.99,1,1,1,0.98,1,1,1,1,1,0.96,1,0.71,1,1,1,0.99,1,1,1,0.95,1,1,0.97,0.93,1,0.99,0.94,0.97,0.99,1,0.99,-0.55,0.33,-0.45,0.15,1,0.1,-0.41,-1,-0.21,-1,0.59,-1,-1,-1,0.96,0,0.94,-1,-1,-1,0.97,-1,0.85,-1,-1,-1,0.67,-1,-0.98,0.94,-0.74,-1,-0.27,-1,0.99,-1,-0.5,-1,-0.84,-1,0.94,-0.18,1,0.92,0.91,1,0.99,0.92,0.98,-0.83,-0.18,-0.18,1,-0.82,-0.78,-0.91,-0.81,-0.53,0.56,-0.99,-0.97,-0.97,1,1,1,1,1,1,1,1,1,1,1,0.95,-0.86,-0.94,-0.07,0.66,-0.93,-0.92,-0.87,-0.52,0.02,1,-0.52,-0.73
15_P1-500-0.22,1,1,1,0.77,1,1,1,1,1,0.92,1,1,0.96,0.96,0.86,1,1,0.99,1,1,0.47,1,1,0.88,0.98,0.14,1,-0.94,-1,0.8,0.84,0.74,0.99,-0.99,0.99,1,-1,0.71,0.98,1,1,0.99,0.96,0.29,-0.75,0.93,0.99,0.98,-0.15,-0.18,0.98,0.93,1,1,0.26,0.55,0.99,-0.78,0.99,1,1,0.87,-0.42,1,1,0.98,0.93,1,-0.44,0.98,1,0.35,1,0.99,0.89,-0.42,1,0.6,1,0.89,1,-1,1,-0.94,1,-0.14,0.99,-0.98,1,0.85,0.79,-0.79,0.94,0,0.84,1,0.94,-0.97,0.9,-0.98,1,0.87,0.92,-0.71,1,-0.72,0.1,0.73,1,-0.32,0.99,-0.74,0.76,0.28,1,-0.07,0.99,-0.48,0.24,0.89,1,1,1,0.49,1,1,0.87,1,0.68,0.8,1,1,0.64,0.95,0.5,-0.48,0.97,1,1,1,0.99,-0.13,1,1,1,1,1,0.91,0.66,1,1,0.56,0.98,-0.67,-0.9,0.99,1,0.97,0.98,-0.46,-0.96,1,0.99
15_P1-60-0.22,1,1,1,1,1,1,1,1,1,1,1,1,1,1,1,1,1,1,1,1,0.95,1,1,1,1,1,1,1,0.78,1,0.94,1,1,1,1,1,0.92,1,1,1,1,1,1,1,0.67,1,1,1,1,0.97,1,1,1,1,1,0.98,1,0.78,1,1,1,0.99,0.99,1,1,1,1,1,1,0.95,1,1,0.99,0.99,1,0.99,1,-0.35,0.73,-0.16,0.69,0.99,0.3,-0.85,-1,0.17,-1,0.38,-1,-1,-1,0.97,-1,0.84,0,-1,-1,0.99,-1,0.84,-1,-1,-1,0.77,-1,-0.97,0.66,-0.92,-1,0.07,-1,0.94,-1,-0.72,-1,-0.79,-1,0.93,-0.27,1,0.99,0.98,1,0.96,0.99,1,-0.69,0.22,0.04,1,-0.66,-0.66,-0.82,-0.77,-0.28,0.75,-0.98,-0.93,-0.87,1,1,1,1,1,1,1,1,1,1,1,0.99,-0.89,-0.84,0.38,0.91,-0.82,-0.82,-0.72,-0.3,0.1,0.96,-0.39,-0.68
16_P1-20-0.22,1,1,1,1,1,1,1,1,1,1,1,1,1,1,1,1,1,1,1,1,0.99,1,1,1,1,1,1,1,0.97,1,1,1,1,1,1,1,1,1,1,1,1,1,1,1,0.99,1,1,1,1,1,0.99,1,1,1,1,1,1,0.96,1,1,1,1,1,1,1,0.95,1,1,1,0.94,1,1,0.82,0.99,1,1,0.97,0.18,-0.48,0.26,-0.36,1,-0.3,-0.05,-1,-0.3,-1,0.72,-1,-1,-1,0.99,-1,1,-1,0,-1,1,-1,0.98,-1,-1,-1,0.85,-1,-0.97,0.95,-0.68,-1,-0.36,-1,0.99,-1,-0.97,-1,-0.76,-1,0.96,-0.07,0.99,0.96,0.85,1,1,0.76,0.97,-0.53,-0.37,0.18,0.98,-0.61,-0.54,-0.88,-0.95,-0.35,0.49,-0.99,-0.97,-0.99,1,1,1,1,1,1,1,1,1,1,0.99,0.87,-0.91,-0.98,-0.39,0.31,-0.99,-0.98,-0.38,-0.44,0.14,1,-0.56,-0.51
16_P1-100-0.22,1,1,1,1,1,1,1,1,1,1,1,1,1,1,1,1,1,1,1,1,0.98,1,1,1,1,1,1,1,0.94,1,0.99,1,1,1,1,1,0.97,1,0.99,1,1,1,1,0.99,0.8,0.99,1,1,0.99,0.98,1,0.99,1,1,1,0.98,1,0.6,1,1,1,1,0.99,1,1,0.93,1,0.99,0.92,0.97,1,0.99,0.67,0.99,0.91,1,0.85,-0.37,-0.54,-0.63,-0.74,0.95,-0.76,-0.92,-1,-0.86,-1,0.39,-1,-1,-1,0.52,-1,0.94,-1,-1,0,0.83,-1,0.7,-1,-1,-1,0.26,-1,-0.83,0.83,-0.97,-1,-0.64,-1,0.87,-1,-1,-0.99,-0.96,-0.99,0.25,0.15,0.99,0.99,0.85,1,0.98,0.76,0.85,-0.63,-0.73,-0.51,0.5,-0.84,-0.86,-0.98,-0.65,-0.67,-0.08,-0.93,-0.89,-0.89,1,1,1,1,1,1,1,1,1,1,1,0.97,-0.97,-0.87,-0.7,-0.53,-0.9,-0.9,-0.96,-0.73,-0.13,0.93,-0.77,-0.79
16_P1-200-0.22,1,1,1,0.95,1,1,1,1,1,0.98,1,1,1,1,0.95,1,1,1,1,1,0.84,1,1,1,1,0.39,1,0.1,-0.74,1,1,0.99,1,-0.19,1,1,-0.92,0.99,1,1,1,1,1,0.64,-0.39,1,1,1,0.28,0.21,1,1,1,1,1,0.97,1,-0.29,1,1,1,0.99,0.66,1,1,1,1,1,-0.32,1,1,0.99,1,1,1,0.18,1,0.82,1,0.88,1,-0.99,1,0.64,1,-0.92,1,-1,1,0.96,0.93,-1,0.97,-0.97,0.99,1,0.83,0,1,-0.99,1,0.97,1,-1,1,-0.63,0.94,0.98,1,-1,0.98,-0.82,0.69,0.91,1,-0.86,0.99,-0.99,0.8,1,1,1,1,0.91,1,1,0.86,1,0.56,0.9,1,1,0.97,1,0.28,-0.18,0.99,1,1,1,1,0.77,1,1,1,1,1,1,0.8,1,1,0.45,1,0.52,-0.57,1,1,0.97,1,-0.45,0.12,1,1
16_P1-40-0.22,1,1,1,1,1,1,1,1,1,1,1,1,1,1,1,1,1,1,1,1,0.99,1,1,1,1,1,1,1,0.98,1,0.99,1,1,1,1,1,0.98,1,1,1,1,1,1,1,0.69,1,1,1,1,0.97,1,1,1,1,1,0.9,1,0.62,1,1,1,0.98,1,1,1,1,1,1,0.99,0.96,1,1,0.93,0.99,1,0.97,1,-0.26,0.61,-0.32,0.41,0.99,0.79,-0.71,-1,0.04,-1,0.62,-1,-1,-1,0.97,-1,0.9,-1,-1,-1,1,0,0.7,-1,-1,-1,0.79,-1,-0.99,0.45,-0.95,-1,-0.23,-1,0.81,-1,-0.23,-1,-0.6,-1,0.88,-0.65,1,0.98,0.88,1,0.99,0.91,0.98,-0.75,-0.44,0.32,1,-0.91,-0.95,-0.92,-0.79,-0.23,0.66,-1,-1,-0.94,1,1,1,1,1,1,1,1,1,1,1,0.99,-0.85,-0.95,0.2,0.91,-0.96,-0.97,-0.9,-0.75,0.42,0.97,-0.6,-0.92
16_P1-500-0.22,1,1,1,0.83,1,1,1,1,1,0.44,1,1,1,0.8,-0.2,1,1,1,1,1,0.52,1,1,1,0.99,-0.55,0.99,0.34,0.53,1,0.89,0.85,0.99,0.14,0.98,1,-0.92,1,0.95,1,1,1,0.95,-0.25,-0.96,0.83,0.97,0.98,-0.82,-0.77,0.97,0.89,1,1,1,0.37,0.98,-0.9,0.97,1,1,0.68,-0.5,0.99,0.99,0.95,0.97,0.98,-0.94,0.92,1,1,0.99,0.98,0.98,-0.69,1,0.89,1,0.67,1,-1,1,0.57,1,-0.83,0.98,-1,0.99,0.8,0.47,-1,0.85,-0.98,0.84,0.98,0.7,-0.99,0.7,0,0.99,0.67,0.83,-0.97,0.97,-0.96,-0.05,0.44,0.99,-0.9,0.92,-1,0.36,0.87,0.99,-0.42,0.97,-1,0.36,0.92,0.99,1,0.94,0.16,1,1,0.96,1,0.82,0.65,0.99,0.99,0.98,0.96,0.5,0.07,0.94,0.97,0.99,1,0.96,0.62,0.99,1,1,1,1,0.99,0.32,1,0.99,0.68,0.93,0.86,-0.45,1,1,0.94,1,0.69,0.32,1,1
16_P1-60-0.22,1,1,1,1,1,1,1,1,1,1,1,1,1,1,1,1,1,1,1,1,0.99,1,1,1,1,1,1,1,0.98,1,1,1,1,1,1,1,1,1,1,1,1,1,1,1,1,1,1,1,1,1,1,1,1,1,1,1,1,0.97,1,1,1,1,1,1,1,0.99,1,1,1,0.99,1,1,0.93,0.99,0.99,1,0.99,-0.36,0.01,-0.18,0.01,1,-0.45,-0.22,-1,0.12,-1,0.85,-1,-1,-1,1,-1,1,-1,-1,-1,1,-1,0.99,0,-1,-1,0.93,-1,-0.9,0.99,-0.53,-1,0.12,-1,1,-1,-0.85,-1,-0.75,-1,0.99,0.26,1,0.97,0.93,1,1,0.89,0.98,-0.78,-0.28,-0.02,1,-0.85,-0.76,-0.97,-0.88,-0.24,0.77,-1,-0.97,-0.99,1,1,1,1,1,1,1,1,1,1,1,0.97,-0.9,-0.96,-0.11,0.73,-0.97,-0.97,-0.8,-0.62,0.2,1,-0.59,-0.72
17_P1-100-0.22,1,1,1,1,1,1,1,1,1,1,1,1,1,1,1,1,1,1,1,1,0.99,1,1,1,1,1,1,1,0.98,1,0.99,1,1,1,1,1,0.97,1,1,1,1,1,1,1,0.55,1,1,1,0.98,0.91,1,1,1,1,1,0.82,1,0.21,1,1,1,0.98,0.98,1,1,1,1,1,0.98,0.99,1,1,0.99,1,0.99,0.99,1,0.41,0.7,-0.11,0.81,0.99,0.67,-0.18,-0.92,-0.12,-0.98,0.64,-0.98,-1,-1,0.72,-1,0.87,-1,-1,-1,0.97,-1,0.67,-1,0,-1,0.37,-1,-0.96,0.62,-0.97,-1,-0.22,-1,0.79,-1,-1,-1,-0.96,-1,0.59,-0.11,1,1,0.99,1,0.98,0.99,1,-0.34,0.45,-0.31,0.86,-0.01,-0.08,-0.97,-0.72,-0.86,0.22,-0.96,-0.94,-0.89,1,1,1,1,1,1,1,1,1,1,1,1,-0.97,-0.9,-0.63,0.15,-0.85,-0.83,-0.75,0.25,0.33,0.99,0.08,-0.04
17_P1-20-0.22,1,1,1,1,1,1,1,1,1,1,1,1,1,1,1,1,1,1,1,1,0.99,1,1,1,1,1,1,1,0.99,1,0.98,1,1,1,1,1,0.98,1,1,1,1,1,1,1,0.68,1,1,1,1,0.95,1,1,1,1,1,0.96,1,0.55,1,1,1,0.99,1,1,1,1,1,1,1,0.98,1,1,0.94,1,1,1,1,0.39,0.6,0.27,0.54,1,0.92,-0.13,-1,0.27,-1,0.73,-1,-1,-1,0.98,-1,0.92,-1,-1,-1,1,-1,0.83,-1,-1,0,0.78,-1,-1,0.66,-0.93,-1,-0.13,-1,0.86,-1,-0.16,-1,-0.6,-1,0.92,-0.8,1,0.99,0.89,1,0.99,0.89,0.99,-0.47,-0.4,0.57,1,-0.6,-0.53,-0.81,-0.91,-0.03,0.81,-1,-1,-0.99,1,1,1,1,1,1,1,1,1,1,1,1,-0.72,-0.99,0.48,0.96,-0.98,-0.99,-0.41,-0.47,0.5,1,-0.18,-0.48
17_P1-200-0.22,1,1,1,0.99,1,1,1,1,1,0.97,1,1,1,0.99,0.94,1,1,1,1,1,0.85,1,1,1,1,0.42,1,0.85,0.77,1,0.98,0.97,1,0.7,1,1,-0.02,1,1,1,1,1,0.99,0.6,-0.5,0.98,1,1,0.1,0.05,1,0.99,1,1,1,0.78,1,-0.56,1,1,1,0.93,0.53,1,1,0.99,1,1,-0.09,1,1,1,1,1,1,0.49,1,0.84,1,0.54,1,-0.93,1,0.77,0.99,-0.99,0.95,-0.92,0.98,0.59,0.42,-1,0.67,-0.71,0.77,0.85,0.26,-1,0.79,-0.97,0.93,0.37,0.78,0,0.85,-0.95,0.49,0.33,0.89,-1,0.7,-0.99,-0.32,0.63,0.86,-0.99,0.83,-1,0.67,0.99,1,1,0.99,0.65,1,1,0.85,0.98,0.44,0.28,0.94,0.99,0.95,0.96,-0.22,-0.12,0.77,0.94,0.96,1,0.99,0.94,1,1,1,1,1,1,0.68,1,1,-0.08,0.94,0.5,-0.67,0.96,0.99,0.91,0.99,0.41,0.65,1,1
17_P1-40-0.22,1,1,1,1,1,1,1,1,1,1,1,1,1,1,1,1,1,1,1,1,0.97,1,1,1,1,1,1,1,0.95,1,1,1,1,1,1,1,0.99,1,1,1,1,1,1,1,0.99,1,1,1,1,1,1,1,1,1,1,1,1,0.94,1,1,1,1,1,1,1,0.97,1,1,1,0.96,1,1,0.96,0.99,1,1,1,0.3,0.33,0.33,0.46,1,0,0.25,-1,0.07,-1,0.89,-1,-1,-1,0.99,-1,1,-1,-1,-1,1,-1,0.97,-1,-1,-1,0.85,0,-0.99,0.98,-0.68,-1,-0.43,-1,1,-1,-0.84,-1,-0.85,-1,0.97,-0.35,1,0.98,0.95,1,1,0.95,1,-0.45,0.06,0.3,1,-0.37,-0.14,-0.83,-0.95,-0.37,0.67,-1,-0.95,-0.99,1,1,1,1,1,1,1,1,1,1,1,0.94,-0.91,-0.98,0.09,0.71,-0.97,-0.99,-0.24,-0.18,0.29,1,-0.07,-0.11
17_P1-500-0.22,1,1,1,0.99,1,1,1,1,1,0.98,1,1,1,0.99,0.96,1,1,1,1,1,0.84,1,1,1,1,0.44,1,0.87,0.69,1,0.97,0.97,1,0.71,1,1,-0.25,1,1,1,1,1,0.99,0.57,-0.65,0.98,0.99,1,0.14,-0.01,1,0.99,1,1,1,0.75,1,-0.69,1,1,1,0.94,0.26,1,1,0.99,1,1,-0.04,0.99,1,1,0.99,1,0.99,0.59,1,0.8,0.58,0.52,0.7,-0.35,0.87,0.08,-0.49,-0.98,-0.54,-0.92,-0.44,-0.99,-0.96,-0.86,-0.98,-0.72,-0.97,-0.97,-0.83,-0.63,-0.99,-0.96,-0.9,-0.96,-1,-0.95,-0.99,0,0.25,-0.81,-0.98,-1,-0.98,-0.84,-0.98,-0.84,-0.99,-0.97,-0.99,-0.88,-0.2,0.99,1,1,1,0.8,0.99,1,0.52,0.35,0.65,0.87,0.22,0.03,-0.2,-0.44,-0.28,-0.02,-0.75,-0.59,-0.6,1,1,0.96,1,1,1,1,1,1,0.79,1,1,-0.48,-0.66,0.09,-0.56,-0.53,-0.46,0.21,0.1,0.51,0.9,0.08,0.18
17_P1-60-0.22,0.82,1,1,1,1,1,1,1,1,1,1,1,1,0.99,0.99,1,1,1,0.99,1,0.77,1,1,1,0.99,0.95,0.98,0.91,0.6,1,0.55,0.85,0.95,0.94,0.98,0.99,0.51,1,0.98,1,1,1,0.76,0.97,-0.31,0.86,0.92,0.99,0.04,0.22,0.97,0.89,0.98,1,0.85,0.09,0.97,-0.27,0.9,1,1,0.54,-0.94,0.99,1,0.97,0.98,1,0.87,0.75,1,0.99,0.99,0.99,0.87,0.05,1,0.94,1,0.97,1,0.68,1,-0.45,1,0.92,1,0.28,1,0.66,0.47,0.35,0.94,0.1,0.66,0.95,0.83,0.94,0.45,-0.05,0.99,0.62,0.66,0.49,0.98,0.25,0,-0.95,0.99,0.7,0.91,-0.8,0.03,-0.85,0.95,0.84,0.92,-0.33,-0.95,0.8,1,1,1,0.38,1,1,0.97,0.99,0.97,0.95,0.98,0.99,0.99,0.84,0.71,0.8,0.75,0.94,0.99,1,1,0.98,0.99,1,1,1,0.98,1,1,1,0.99,0.32,0.97,1,1,1,1,0.95,1,0.8,-0.47,1,1
18_P1-100-0.22,0.98,1,1,1,1,1,1,1,1,1,1,1,1,1,1,1,1,1,1,1,0.95,1,1,1,1,0.99,1,1,0.92,1,0.9,0.99,1,1,1,1,0.89,1,1,1,1,1,0.98,0.99,-0.13,0.99,0.99,1,0.58,0.77,1,0.98,1,1,0.91,0.6,1,-0.02,0.94,1,1,0.9,-0.89,1,1,0.98,1,1,0.97,0.93,1,1,0.99,1,0.95,0.77,1,0.72,0.87,0.36,0.94,0.87,0.97,-0.92,0.18,-0.08,0.31,0.46,0.18,-0.94,-0.98,0.45,-0.74,0.73,-0.92,-0.68,-0.97,0.98,-0.95,0.44,-0.53,-0.97,-0.93,0.33,-0.68,-0.81,-0.95,0,-0.57,-0.2,-0.93,-0.84,-1,-1,-0.71,-0.88,-0.7,-0.83,-0.79,0.97,1,0.99,1,0.71,0.99,1,0.2,0.52,0.37,-0.06,0.22,0.37,-0.22,-0.54,-0.82,0.05,-0.78,-0.34,-0.18,1,1,1,1,1,1,1,0.95,1,1,1,0.99,-0.93,-0.16,0.35,0.51,-0.08,0.03,-0.35,0.4,0.43,0.04,0.58,0.58
18_P1-20-0.22,1,1,1,1,1,1,1,1,1,1,1,1,1,1,1,1,1,1,1,1,0.99,1,1,1,1,1,1,1,0.98,1,1,1,1,1,1,1,1,1,1,1,1,1,1,1,0.99,1,1,1,1,1,1,1,1,1,1,1,1,0.96,1,1,1,1,1,1,1,0.99,1,1,1,0.99,1,1,0.88,0.99,1,1,1,0.13,0.59,0.06,0.52,1,0.83,0.32,-1,0.11,-1,0.89,-1,-1,-1,1,-1,1,-1,-1,-1,1,-1,0.99,-1,-1,-1,0.89,-1,-0.98,0.99,-0.57,0,-0.29,-1,1,-1,-0.2,-1,-0.79,-1,0.99,-0.43,1,0.94,0.88,1,1,0.92,0.99,-0.7,-0.22,0.34,1,-0.69,-0.53,-0.8,-0.82,-0.24,0.77,-1,-0.99,-0.98,1,1,1,1,1,1,1,1,1,1,1,0.98,-0.84,-0.97,0.09,0.81,-0.97,-0.98,-0.59,-0.49,0.24,1,-0.21,-0.45
18_P1-200-0.22,1,1,1,1,1,1,1,1,1,1,1,1,1,1,1,1,1,1,1,1,0.93,1,1,1,1,0.83,1,0.96,0.84,1,0.99,1,1,0.91,1,1,0.31,1,1,1,1,1,1,0.91,0.08,1,1,1,0.73,0.61,1,1,1,1,1,0.98,1,-0.09,1,1,1,1,0.89,1,1,1,1,1,0.22,1,1,1,1,1,1,0.84,1,0.83,1,0.37,1,-0.55,1,0.67,0.72,-0.99,0.7,-0.88,0.78,-0.73,-0.39,-1,-0.27,-0.32,0.07,-0.36,-0.64,-1,-0.23,-0.9,0.12,-0.22,-0.13,-1,-0.43,-1,0.7,-0.2,-0.29,0,-0.52,-0.8,-0.99,-0.04,-0.51,-1,-0.51,-0.99,0.24,1,1,1,1,0.91,1,1,0.73,0.87,0.63,0.76,0.81,0.91,0.79,0.8,-0.53,-0.14,-0.33,0.58,0.59,1,1,1,1,1,1,1,1,1,0.89,1,1,-0.5,0.6,0.46,-0.41,0.67,0.75,0.6,0.89,0.3,0.85,0.94,0.95
18_P1-40-0.22,1,1,1,1,1,1,1,1,1,1,1,1,1,1,1,1,1,1,1,1,0.97,1,1,1,1,1,1,1,0.93,1,1,1,1,1,1,1,0.97,1,1,1,1,1,1,1,0.94,1,1,1,1,1,1,1,1,1,1,0.99,1,0.89,1,1,1,1,1,1,1,0.95,1,1,0.98,0.95,1,1,0.79,0.97,0.98,1,0.95,0.14,-0.44,0,-0.5,1,-0.43,-0.22,-1,-0.35,-1,0.75,-1,-1,-1,0.96,-1,0.99,-1,-1,-1,0.98,-1,0.92,-1,-1,-1,0.7,-1,-0.98,0.91,-0.93,-1,-0.52,0,0.98,-1,-1,-1,-0.91,-1,0.84,-0.11,1,0.95,0.88,1,1,0.79,0.97,-0.45,-0.27,0.03,0.9,-0.53,-0.68,-0.98,-0.95,-0.55,0.42,-0.99,-0.99,-0.99,1,1,1,1,1,1,1,1,1,1,1,0.91,-0.94,-0.98,-0.56,-0.1,-0.99,-0.98,-0.61,-0.55,0.12,1,-0.78,-0.7
18_P1-500-0.22,1,1,1,1,1,1,1,1,1,0.98,1,1,1,0.98,0.72,1,1,1,1,1,0.88,1,1,1,1,0.1,1,0.85,0.79,1,0.92,0.97,1,0.73,1,1,-0.51,1,1,1,1,1,0.97,0.45,-0.89,0.99,1,1,-0.66,-0.63,1,0.99,1,1,0.99,0.4,1,-0.89,0.99,1,1,0.81,-0.93,1,1,1,1,1,-0.38,0.99,1,1,1,1,1,-0.19,1,0.99,1,0.95,1,-0.73,1,0.3,1,-0.27,1,-1,1,0.96,0.76,-0.99,0.99,-0.74,0.94,0.99,0.87,-0.82,0.81,-1,1,0.79,0.86,-0.99,1,-0.84,-0.8,-0.84,1,-0.8,0.98,0,0.35,-0.16,1,-0.42,0.99,-1,-0.14,0.99,1,1,0.99,0.15,1,1,1,1,0.94,0.72,1,1,0.99,0.96,0.42,0.46,0.97,1,1,1,0.99,0.92,1,1,1,1,1,1,0.64,1,1,0.55,0.99,0.97,0.44,1,1,0.99,1,0.76,0.11,1,1
18_P1-60-0.22,1,1,1,0.99,1,1,1,1,1,0.99,1,1,1,1,1,1,1,1,0.99,1,0.88,1,1,0.99,1,0.96,0.99,0.98,0.68,1,0.96,0.95,0.98,0.91,0.98,1,0.79,0.99,0.95,1,0.99,1,0.96,0.96,0.29,0.91,0.98,0.98,0.96,0.93,0.94,0.94,1,1,1,0.94,1,0.39,0.99,1,1,0.98,0.93,1,0.98,0.83,1,0.94,0.86,0.87,1,0.96,0.63,0.93,0.85,0.95,0.82,-0.15,-0.6,-0.81,-0.59,0.78,-0.68,-0.95,-1,-0.96,-1,0.32,-1,-1,-1,0.32,-1,0.76,-1,-1,-1,0.69,-1,0.36,-1,-1,-1,-0.32,-1,-0.98,0.03,-1,-1,-0.99,-1,0.35,0,-1,-1,-1,-1,-0.64,-0.44,0.94,0.94,0.63,0.98,0.9,0.33,0.78,-0.63,-0.7,-0.46,-0.41,-0.76,-0.75,-0.99,-0.88,-0.9,-0.77,-0.94,-0.97,-0.93,0.99,1,1,0.98,0.99,0.96,0.99,0.99,1,0.99,0.98,0.88,-0.98,-0.95,-0.96,-0.92,-0.95,-0.94,-0.95,-0.67,-0.25,0.71,-0.58,-0.7
19_P1-100-0.22,1,1,1,1,1,1,1,1,1,1,1,1,1,1,1,1,1,1,1,1,0.99,1,1,1,1,1,1,0.94,-0.3,1,0.98,1,1,0.9,1,1,0.58,1,1,1,1,1,1,1,0.57,1,1,1,0.94,0.97,1,1,1,1,1,0.92,1,0.44,1,1,1,0.99,-0.27,1,1,1,1,1,1,1,1,1,1,1,1,0.94,1,0.08,1,0.21,1,0.95,1,-0.99,0.18,0.3,0.7,0.25,0.28,-1,-1,0.93,-0.5,0.28,-0.72,-0.97,-1,0.91,-0.23,0.87,-0.85,-1,-0.16,0.63,-0.84,-0.84,-0.85,-1,-0.2,-0.04,-1,-0.16,-1,0,-0.97,-0.98,-0.98,0.2,-0.93,1,1,1,1,0.92,1,1,-0.43,0.86,-0.29,0.65,0.36,0.61,0.24,0.36,-0.94,-0.2,-0.95,-0.79,0.27,1,1,1,1,1,1,1,1,1,1,1,1,-1,0.4,-0.17,0.62,0.51,0.44,-0.63,0.7,-0.68,0.18,0.91,0.67
19_P1-20-0.22,1,1,1,1,1,1,1,1,1,1,1,1,1,1,1,1,1,1,1,1,0.99,1,1,1,1,1,1,1,0.94,1,1,1,1,1,1,1,1,1,1,1,1,1,1,1,0.99,1,1,1,1,1,0.99,1,1,1,1,1,1,0.97,1,1,1,1,1,1,1,0.95,1,0.99,1,0.93,1,1,0.82,0.96,0.98,1,0.97,0.08,-0.33,0.09,-0.19,1,-0.52,0.16,-1,-0.11,-1,0.88,-1,-1,-1,1,-1,1,-1,-1,-0.99,1,-1,0.99,-1,-1,-1,0.86,-1,-0.99,0.95,-0.71,-1,-0.51,-1,1,-1,-0.97,0,-0.82,-1,0.95,-0.54,0.99,0.91,0.76,1,1,0.72,0.96,-0.63,-0.4,0.16,0.98,-0.67,-0.56,-0.96,-0.99,-0.42,0.54,-1,-0.99,-1,1,1,1,1,1,1,1,1,1,1,0.99,0.88,-0.91,-1,-0.31,0.37,-1,-1,-0.45,-0.54,0.28,1,-0.61,-0.53
19_P1-200-0.22,1,1,1,0.99,1,1,1,1,1,1,1,1,1,1,1,1,1,1,1,1,0.92,1,1,1,1,0.95,1,0.93,0.25,1,1,0.98,1,0.85,1,1,0.56,1,1,1,1,1,1,0.98,0.49,1,1,1,0.93,0.98,1,1,1,1,1,0.99,1,0.54,1,1,1,1,0.87,1,1,1,1,1,0.82,1,1,1,0.99,1,1,0.94,1,0.41,0.82,-0.11,0.85,-0.5,0.92,-0.47,-0.17,-1,-0.43,-0.39,-0.34,-0.75,-0.78,-0.89,-0.84,-0.07,-0.79,-0.76,-0.96,-0.86,-0.6,-0.42,-0.75,-0.96,-0.6,-0.99,-0.85,-0.97,0.84,-0.88,-0.79,-1,-0.91,-0.42,-1,-0.98,-0.82,0,-0.82,-0.99,0.2,0.99,1,0.99,1,0.91,0.98,1,0.04,0.39,-0.41,-0.23,0.14,0.5,-0.33,0.34,-0.89,-0.85,-0.37,0.04,-0.06,1,1,0.99,1,1,1,1,1,1,1,1,1,-0.85,0.03,-0.89,-0.98,-0.19,-0.09,-0.36,0.24,-0.31,0.46,0.52,0.5
19_P1-40-0.22,1,1,1,1,1,1,1,1,1,1,1,1,1,1,1,1,1,1,1,1,0.96,1,1,1,1,1,1,1,0.88,1,1,1,1,1,1,1,0.99,1,0.99,1,1,1,1,1,0.97,0.99,1,1,1,0.99,0.98,1,1,1,1,0.99,1,0.92,1,1,1,1,1,1,1,0.93,1,0.99,0.99,0.9,1,1,0.82,0.96,0.98,1,0.95,0.18,-0.38,0.22,-0.21,1,-0.59,0.08,-1,-0.11,-1,0.84,-1,-1,-0.99,0.99,-1,0.99,-1,-1,-0.99,0.99,-1,0.97,-1,-1,-1,0.83,-1,-0.99,0.92,-0.7,-1,-0.51,-1,0.99,-1,-0.98,-1,-0.82,0,0.93,-0.4,0.99,0.9,0.77,1,0.99,0.72,0.95,-0.48,-0.43,0.28,0.98,-0.62,-0.59,-0.98,-0.99,-0.38,0.54,-1,-0.99,-1,1,1,1,1,1,1,1,1,1,1,0.99,0.89,-0.84,-1,-0.41,0.25,-1,-1,-0.35,-0.56,0.28,1,-0.66,-0.57
19_P1-500-0.22,1,1,1,1,1,1,1,1,1,1,1,1,1,1,0.96,1,1,1,1,1,0.94,1,1,1,1,0.54,1,0.97,0.89,1,0.98,1,1,0.9,1,1,-0.37,1,1,1,1,1,0.99,0.81,-0.77,1,1,1,-0.18,-0.36,1,1,1,1,1,0.63,1,-0.82,1,1,1,0.93,-0.25,1,1,1,1,1,-0.38,1,1,1,1,1,1,-0.08,1,0.95,1,0.72,1,-0.74,1,0.38,1,-0.73,1,-1,1,0.71,0.46,-1,0.94,-0.48,0.93,0.96,0.25,-0.99,0.88,-1,0.99,0.59,0.92,-1,0.97,-0.88,-0.33,-0.83,0.99,-0.99,0.84,-1,-0.64,0.2,0.95,-0.99,0.93,0,-0.06,1,1,1,1,0.46,1,1,0.9,1,0.63,0.53,0.98,1,0.97,0.94,-0.54,-0.14,0.74,0.98,0.98,1,1,0.98,1,1,1,1,1,1,0.84,1,1,-0.35,0.98,0.91,-0.06,0.99,1,0.85,1,0.48,0.31,1,1
19_P1-60-0.22,1,1,1,1,1,1,1,1,1,1,1,1,1,1,1,1,1,1,1,1,0.95,1,1,0.99,1,1,1,0.95,0.34,1,0.99,0.98,0.99,0.94,1,1,0.75,0.99,1,1,1,1,1,1,0.63,0.97,1,0.99,0.98,0.99,0.99,0.99,1,1,1,0.92,1,0.49,1,1,1,1,0.12,1,1,1,1,1,0.99,1,1,1,0.98,1,0.91,0.82,0.99,0.84,0.99,0.93,0.99,0.85,1,-0.45,0.82,0.71,0.7,0.7,0.67,-0.13,-0.05,0.61,-0.18,0.24,-0.27,-0.07,0.15,0.8,-0.65,0.36,0.26,-0.11,-0.8,0.67,-0.35,-0.2,-0.95,-0.79,-0.43,0.24,-0.11,-0.14,-0.44,-0.93,-0.54,0.2,-0.4,-0.06,0,0.98,1,0.99,1,1,0.99,1,0.75,0.88,0.87,0.99,0.81,0.86,0.52,0.25,0.64,0.79,0.3,0.39,0.3,1,1,1,1,1,1,1,1,1,1,1,1,-0.47,0.24,0.89,0.97,0.41,0.45,0.55,0.67,0.32,0.11,0.62,0.79
6_P2-20-0.22,0.99,0.63,1,1,0.79,-0.04,0.86,0.96,1,1,0.93,0.99,0.8,1,1,0.51,0.98,0.99,0.45,1,0.89,0.9,0.98,0.53,0.95,0.94,0.9,0.92,0.48,0.9,0.25,0.93,0.63,0.98,0.66,0.9,0.83,0.79,0.29,0.8,0.53,0.93,0.71,0.82,0.71,0.38,0.83,0.64,0.99,0.77,-0.05,0.5,0.98,0.89,0.92,0.9,0.82,0.55,0.82,1,0.96,0.98,0.96,0.75,1,-0.45,1,0.62,0.98,0.22,0.99,1,0.97,0.99,1,0.99,1,0.99,1,1,1,1,1,0.98,1,1,1,0.95,1,0.96,0.97,0.99,1,0.89,1,0.99,0.99,1,1,0.92,1,1,1,0.99,1,0.99,0.8,0.97,1,1,1,0.99,0.94,1,0.99,0.99,0.99,1,0.98,0,0.93,0.32,0.99,-0.48,0.5,0.95,0.99,1,0.98,0.58,0.99,0.99,0.96,0.77,0.67,0.71,0.95,0.96,0.99,0.07,0.06,-0.22,-0.98,-0.67,0.83,0.84,-1,0.96,0.91,-0.49,-0.38,0.78,0.97,1,1,1,1,1,1,0.92,0.85,1,1
12_P2-100-0.22,0.58,1,0.55,0.32,1,0.98,0.79,1,0.05,0.33,1,1,1,1,1,1,1,1,1,1,0.49,1,1,1,1,0.92,1,0.93,0.99,1,1,0.53,1,0.96,1,1,0.99,1,1,1,1,1,0.87,0.97,0.89,0.99,0.99,1,0.76,0.95,0.99,1,1,1,1,0.48,1,0.8,1,1,0.98,0.77,1,1,-0.31,0.52,-0.38,0.12,0.9,0.05,-0.61,-0.81,-0.1,-0.95,0.67,0.96,0.27,-0.18,0.55,0.44,0.62,1,0.5,1,0.99,0.99,1,1,1,0.99,0.98,0.98,0.92,1,0.99,0.96,0.99,1,0.98,0.99,0.97,1,0.99,1,0.98,1,1,1,0.94,1,0.95,1,0.94,1,0.91,1,0.9,1,1,0.93,0,-0.21,-0.99,0.16,-0.36,-0.82,-0.43,0.32,0.64,0.94,0.17,0.57,0.96,0.93,0.79,0.99,0.72,0.83,0.64,0.38,-0.59,0.89,0.88,0.77,-0.86,-0.66,0.82,-1,-0.15,0.86,0.18,0.34,0.81,0.95,0.98,0.78,0.86,0.84,0.74,0.78,1,0.79,0.89
12_P2-20-0.22,0.56,0.95,1,1,0.99,0.07,0.99,1,1,1,1,1,1,1,1,0.98,1,1,0.93,1,0.97,1,1,0.99,1,1,0.99,1,0.98,1,0.9,0.99,0.93,1,0.89,0.99,0.99,1,0.95,1,0.98,1,0.91,0.99,0.97,0.93,0.97,0.99,1,0.93,0.89,0.98,1,1,1,0.99,1,0.92,1,1,1,1,1,0.99,0.99,-0.98,1,-0.97,1,-0.18,0.83,0.79,-0.57,0.33,0,1,-0.16,0.21,-0.03,0.79,0.2,1,0.58,1,0.97,1,0.98,1,0.97,0.83,0.87,1,0.91,1,0.98,0.85,0.85,1,0.88,1,0.93,0.99,0.89,1,0.95,1,1,0.99,0.88,1,0.88,1,0.63,1,0.76,0.99,0.77,1,0.99,0.32,-0.21,0,0.99,0.98,-1,-1,-0.33,-0.77,0.93,1,-0.74,-0.14,0.94,0.67,0.85,1,0.15,0.6,0.08,-0.05,0.97,1,-0.88,-0.97,0.06,-0.07,-0.97,1,0.98,-0.98,-1,-0.17,0.58,1,1,0.48,0.54,0.81,-0.56,0.78,1,-0.39,0.23
12_P2-200-0.22,1,1,0.56,-0.12,1,1,0.97,1,0.5,0.42,1,1,1,0.96,0.71,1,1,1,1,1,0.12,1,1,1,1,0.1,1,0.77,0.98,1,1,0.95,1,0.51,1,1,0.8,1,1,1,1,1,0.98,0.89,0.51,1,1,1,0.07,0.85,1,1,1,1,1,0.26,1,0.31,1,1,1,0.65,0.99,1,0.97,1,0.74,1,0.39,0.97,1,0.92,0.95,0.41,1,0.71,1,0.64,1,0.81,1,0.99,1,1,1,0.95,1,0.99,1,1,1,0.93,1,1,1,1,1,1,1,0.94,1,1,1,0.99,1,1,1,1,1,1,1,0.99,0.98,1,1,1,1,1,1,0.99,-0.99,0.99,0,-0.36,0.99,0.98,0.49,1,0.71,0.9,0.99,1,1,1,0.63,0.93,0.96,1,1,1,-0.85,0.53,1,1,0.9,0.96,1,-1,-1,1,0.99,0.61,1,0.99,0.93,1,1,1,1,0.45,0.98,1,1
12_P2-300-0.22,1,1,1,0.35,1,1,1,1,0.9,0.55,1,1,1,0.95,0.55,1,1,1,1,1,0.19,1,1,0.99,1,0.02,0.99,0.54,0.48,1,0.75,0.6,1,0.24,1,1,0.09,1,0.99,1,1,1,0.77,0.39,-0.89,0.99,0.98,1,-0.8,-0.09,0.99,0.96,1,1,0.95,-0.4,1,-0.78,0.93,1,1,0.22,-0.63,0.98,0.99,0.96,0.81,1,-0.26,0.93,0.97,0.99,1,0.96,0.98,-0.18,1,0.84,1,0.92,1,0.62,1,0.82,1,0.87,1,0.41,1,0.99,0.95,0.46,0.99,0.49,0.96,1,0.98,0.91,0.99,0.16,1,0.98,0.99,0.65,1,0.8,0.38,0.71,1,0.91,1,0.15,0.9,0.92,1,0.91,0.99,0.46,1,-0.48,0.16,0.98,-0.36,0,1,1,0.76,1,0.61,-0.99,1,0.99,0.67,-0.22,-0.05,-0.12,0.94,0.95,0.96,0.99,-0.37,-0.93,0.48,0.86,0.99,0.99,-0.79,-0.53,-0.92,0.76,0.98,0.57,0.62,0.87,0.78,0.98,0.99,0.96,1,0.22,-0.49,1,1
12_P2-40-0.22,0.55,0.99,1,1,1,-0.17,0.92,1,1,1,1,1,1,1,1,0.97,1,1,0.96,1,0.99,1,1,1,1,1,0.99,1,1,1,0.98,1,0.91,1,0.87,0.99,1,1,0.98,1,0.99,1,0.89,1,1,0.91,0.96,1,1,0.96,0.88,0.99,1,1,1,1,1,0.99,1,1,1,1,1,1,0.99,-0.99,1,-0.99,1,-0.47,0.93,0.56,-0.38,0.13,0.17,1,0.08,0.01,-0.05,0.64,0.07,1,0.57,0.99,0.97,1,0.98,1,0.98,0.65,0.78,1,0.92,1,0.99,0.76,0.76,1,0.91,1,0.89,0.99,0.89,1,0.95,0.99,1,0.99,0.92,1,0.79,1,0.33,1,0.72,0.98,0.72,1,0.99,0.5,-0.36,-1,0.99,1,0,-1,-0.58,-0.9,0.85,1,-0.86,-0.14,0.97,0.84,0.8,1,-0.14,0.55,0.3,-0.2,0.95,1,-0.87,-0.85,0.06,0.16,-0.83,1,0.99,-0.96,-1,-0.21,0.75,1,1,0.37,0.55,0.68,-0.68,0.7,1,-0.5,0.11
12_P2-60-0.22,0.97,1,1,1,1,0.59,0.93,1,1,1,1,1,1,1,1,1,1,1,1,1,1,1,1,1,1,1,1,1,1,1,1,1,1,1,0.99,1,1,1,1,1,1,1,0.95,1,1,1,1,1,1,1,1,1,1,1,1,1,1,1,1,1,1,1,1,1,0.99,-0.52,1,-0.05,1,-0.63,0.84,-0.11,-0.68,-0.37,-0.81,1,-0.87,-0.32,-0.63,0.62,-0.58,1,-0.47,1,1,1,1,1,1,0.8,0.92,1,0.98,1,1,0.97,0.85,1,0.98,1,0.98,1,0.99,1,1,1,1,1,0.99,1,0.97,1,0.78,1,0.96,1,0.95,1,1,0.95,-0.82,-1,0.98,1,-1,0,-0.9,-0.75,0.86,1,-0.76,0.17,0.99,0.95,0.94,1,0.31,0.86,0.63,0.1,0.91,1,0.77,0.6,0.08,0.15,0.71,1,0.99,0.55,-0.88,0.25,0.88,1,1,0.57,0.78,0.82,-0.25,0.91,1,-0.12,0.53
15_P2-100-0.22,1,1,1,0.94,1,1,1,1,1,1,1,1,1,1,1,1,1,1,1,1,0.92,1,1,0.99,0.99,1,1,0.9,0.41,1,0.99,0.96,1,0.94,1,1,0.8,1,1,1,1,1,0.99,1,0.86,1,1,1,0.99,0.99,0.99,1,1,1,1,0.99,1,0.83,1,1,1,1,0.99,1,0.98,0.87,0.98,0.75,0.93,0.91,0.83,-0.06,-0.51,0.11,-0.61,0.94,-0.58,-0.98,-0.95,-0.98,-0.99,0.91,-1,-0.3,-0.77,0.39,-0.83,0.72,-0.8,-0.58,-0.66,0.89,-0.83,0.87,-0.69,-0.53,-0.63,0.86,-0.75,0.96,-0.78,-0.34,-0.47,0.85,-0.45,0.52,0.97,0.2,-0.7,0.73,-0.45,1,-0.63,-0.43,-0.63,0.04,-0.48,0.9,0.75,0.99,-0.43,-0.33,0.49,0.76,-0.58,-0.9,0,-0.99,-1,-0.42,-1,-1,-1,-0.89,-0.76,-0.2,-0.91,-0.96,-0.96,0.91,0.97,0.96,0.97,0.95,0.5,0.72,0.9,0.85,0.8,0.94,0.59,-1,-0.96,-0.98,-0.65,-0.99,-0.99,-1,-1,-0.84,0.7,-1,-1
15_P2-20-0.22,1,1,1,1,1,1,1,1,1,1,1,1,1,1,1,1,1,1,0.98,1,1,1,1,1,1,1,1,1,1,1,1,1,0.99,1,0.99,1,1,1,1,1,1,1,0.99,1,1,1,1,1,1,1,1,1,1,1,1,1,1,0.99,1,1,1,1,1,1,1,0.87,1,0.78,1,0.88,0.99,0.85,-0.53,0.69,-0.25,1,-0.3,-0.36,-0.92,-0.2,-0.86,1,-0.81,0.71,-0.07,0.81,-0.2,0.98,-0.14,-0.61,-0.5,1,-0.18,1,0.22,-0.37,-0.73,1,-0.44,1,-0.28,0.45,-0.4,0.98,0.06,0.35,0.99,0.52,-0.22,0.87,-0.27,1,-0.7,0.86,-0.4,0.39,-0.43,1,0.88,1,0.32,-0.77,1,1,-0.9,-0.75,-0.99,0,0.15,1,-1,-1,-0.52,-0.75,0.18,0.86,-0.99,-0.8,-0.97,0.96,1,1,0.99,0.94,0.9,0.92,0.93,1,1,0.89,0.63,-0.87,-0.84,0.68,0.93,-0.96,-0.94,-0.72,-1,0.38,1,-1,-1
15_P2-200-0.22,1,1,1,0.98,1,1,1,1,1,1,1,1,1,1,1,1,1,1,1,1,0.96,1,1,1,1,0.99,1,0.91,0.11,1,1,0.99,1,0.93,1,1,0.75,1,1,1,1,1,1,1,0.85,1,1,1,0.9,1,1,1,1,1,1,0.99,1,0.79,1,1,1,1,0.96,1,1,0.99,1,1,0.9,0.99,1,0.91,0.83,0.91,0.92,0.8,0.93,-0.96,0.69,-0.97,0.52,0.69,0.34,-0.02,0.34,0.02,0.24,0.25,0.23,-0.12,-0.46,0.23,-0.18,0.68,0.04,0.18,-0.51,0.56,0.32,0.82,-0.02,-0.31,0.57,0.44,0.3,0.65,0.97,0.37,0.34,0.63,0.03,0.94,-0.46,-0.29,0.16,-0.41,0.28,0.63,0.87,0.98,0.64,0.93,0.71,0.61,0.85,0.86,-1,0.15,0,-1,-0.29,-0.31,-0.93,0.32,-1,-0.85,-0.47,-0.13,0.05,1,0.99,0.96,1,1,0.99,1,1,0.98,0.82,1,0.96,-1,-0.04,-1,-0.98,-0.2,-0.08,-0.99,-0.15,-1,-0.03,0.01,-0.12
15_P2-300-0.22,1,1,1,1,1,1,1,1,1,1,1,1,1,1,1,1,1,1,1,1,0.98,1,1,1,1,0.99,1,0.99,0.8,1,0.98,1,1,0.99,1,1,0.85,1,1,1,1,1,1,1,0.09,1,1,1,0.86,0.94,1,1,1,1,1,0.9,1,0.1,1,1,1,0.99,0.63,1,1,1,1,1,0.86,1,1,1,1,1,1,0.9,1,0.13,1,-0.53,1,0.94,1,0.7,1,0.53,1,0.59,1,0.86,0.63,0.78,1,0.8,1,0.98,0.5,0.9,1,0.65,1,0.86,1,0.28,1,0.87,0.95,-0.06,1,0.76,0.9,0.72,-0.41,0.65,0.98,-0.23,0.98,0.53,0.99,0.58,0.94,1,0.9,-0.99,1,1,-0.42,1,-1,0,0.9,0.99,0.89,0.71,-1,-0.98,0.35,0.9,0.99,1,0.94,0.5,1,1,1,1,0.8,1,0.76,1,1,-1,0.95,0.04,-0.07,1,1,-0.06,1,-0.95,-0.12,1,1
15_P2-40-0.22,1,1,1,1,1,1,1,1,1,1,1,1,1,1,1,1,1,1,0.99,1,0.99,1,1,1,1,1,1,1,0.99,1,0.99,1,0.99,1,1,1,1,1,1,1,1,1,0.99,1,1,1,1,1,1,1,1,1,1,1,1,1,1,0.99,1,1,1,1,1,1,1,0.85,1,0.66,1,0.87,0.96,0.86,-0.5,0.66,-0.44,1,-0.18,-0.76,-0.97,-0.7,-0.97,1,-0.95,0.14,-0.74,0.68,-0.81,0.93,-0.82,-0.77,-0.76,1,-0.82,1,-0.66,-0.61,-0.84,1,-0.91,0.99,-0.85,-0.01,-0.6,0.94,-0.37,0.22,0.98,0.22,-0.69,0.81,-0.53,1,-0.76,0.36,-0.67,0.14,-0.62,0.98,0.81,0.99,0.17,-0.74,0.99,1,-0.86,-0.76,-1,-1,-0.29,0.9,0,-1,-0.97,-0.93,-0.17,0.68,-0.98,-0.95,-0.99,0.96,1,1,0.97,0.89,0.81,0.89,0.91,1,1,0.88,0.63,-0.93,-0.97,-0.06,0.59,-0.98,-0.98,-0.98,-1,-0.01,1,-1,-1
15_P2-60-0.22,1,1,1,1,1,1,1,1,1,1,1,1,1,1,1,1,1,1,1,1,0.99,1,1,1,1,1,1,1,0.95,1,0.99,1,1,1,1,1,1,1,1,1,1,1,1,1,0.99,1,1,1,1,1,1,1,1,1,1,1,1,0.97,1,1,1,1,1,1,1,0.95,1,0.98,1,0.96,1,0.97,0.22,0.87,0.51,1,0.64,-0.6,-0.67,-0.38,-0.74,1,-0.81,0.69,-0.74,0.81,-0.8,0.98,-0.81,-0.94,-0.94,1,-0.78,1,-0.66,-0.54,-0.86,1,-0.95,0.99,-0.76,-0.08,-0.53,0.99,-0.14,0.03,0.99,0.37,-0.53,0.91,-0.68,1,-0.75,0.61,-0.56,0.5,-0.59,1,0.86,0.99,0.57,-0.14,1,0.99,-0.14,0.17,-1,-1,-0.31,0.99,-1,0,-0.96,-0.96,-0.39,0.75,-1,-0.99,-1,1,1,1,1,1,0.99,1,0.99,1,0.99,0.99,0.88,-0.97,-0.97,0.33,0.84,-0.99,-0.99,-0.99,-1,0.13,1,-1,-1
17_P2-100-0.22,1,1,1,1,1,1,1,1,1,1,1,1,1,1,1,1,1,1,1,1,0.99,1,1,1,1,1,1,0.92,-0.52,1,0.98,1,1,0.91,1,1,0.46,1,1,1,1,1,1,1,0.79,1,1,1,1,0.99,1,1,1,1,1,0.99,1,0.75,1,1,1,0.99,1,1,1,1,1,1,1,0.99,1,0.99,0.97,1,0.99,1,1,-0.81,0.64,-0.76,0.54,0.99,0.64,-0.32,-0.98,0.74,-0.83,0.73,-0.95,-0.99,-0.99,1,-0.91,0.64,-0.82,-0.88,-0.98,0.97,-0.92,0.98,-0.97,-0.97,-0.81,0.95,-0.83,-0.2,0.99,-0.22,-0.8,0.79,-0.98,0.99,-0.99,0.24,-0.96,-0.33,-0.98,0.97,0.52,0.96,0.96,0.94,1,0.67,0.97,0.99,-1,-0.52,-0.93,0.89,-0.97,-0.96,0,-0.99,-1,-0.92,-1,-1,-0.99,1,1,0.96,1,1,1,1,1,1,0.99,1,1,-1,-1,-0.8,0.41,-1,-1,-1,-0.9,-0.89,0.6,-0.67,-0.98
17_P2-20-0.22,1,1,1,1,1,1,1,1,1,1,1,1,1,1,1,1,1,1,1,1,0.97,1,1,1,1,1,1,1,0.71,1,0.9,1,1,1,1,1,0.94,1,1,1,1,1,0.99,1,0.47,1,1,1,0.99,0.97,1,1,1,1,1,0.97,1,0.66,1,1,1,0.98,0.99,1,1,0.99,1,1,1,0.95,1,0.99,0.83,0.99,0.98,1,0.99,0.42,0.42,0.54,0.48,1,0.71,0.31,-0.78,0.83,-0.3,0.9,-0.65,-0.93,-0.86,1,-0.81,0.95,-0.77,-0.95,-0.65,1,-0.79,0.96,-0.88,-0.72,-0.91,0.96,-0.95,-0.44,0.84,-0.54,-0.82,0.8,-0.95,0.96,-0.88,0.36,-0.99,0.34,-0.99,0.94,0.25,0.77,0.93,0.67,1,-0.22,0.84,0.95,-0.89,-0.75,0.32,0.71,-0.93,-0.96,-0.99,0,-0.59,-0.12,-1,-1,-1,1,1,0.98,1,1,1,1,0.96,1,1,1,0.97,-0.97,-1,0.14,0.9,-1,-1,-0.84,-0.97,0.22,0.61,-0.82,-0.95
17_P2-200-0.22,1,1,1,0.94,1,1,1,1,1,0.97,1,1,1,1,0.99,1,1,1,1,1,0.71,1,1,0.97,0.99,0.67,1,0.63,0.08,1,0.97,0.92,1,0.68,1,1,0.3,0.99,0.98,1,1,1,0.99,0.9,0.06,0.99,1,1,0.69,0.91,1,0.99,1,1,1,0.93,1,-0.03,1,1,1,0.99,0.49,1,1,0.96,0.98,1,0.47,0.99,1,0.97,0.98,0.97,0.96,0.39,0.99,-0.43,0.78,-0.87,0.75,0.01,0.68,-0.25,0.34,-0.87,0,0.28,0.1,-0.42,-0.66,-0.24,-0.53,0.5,-0.28,-0.35,-0.67,0.28,-0.23,0.5,-0.24,-0.86,-0.03,-0.22,-0.37,-0.28,0.71,-0.82,-0.24,-0.53,-0.55,0.42,-0.9,-0.94,-0.42,-0.89,-0.38,-0.54,0.64,0.67,0.79,0.85,0.63,-0.05,0.8,0.94,-0.76,0.18,-1,-1,-0.17,-0.39,-1,-0.59,0,-1,-0.59,-0.74,-0.5,0.99,0.98,0.77,0.96,0.99,0.98,1,0.94,0.93,0.54,0.98,0.89,-1,-0.71,-1,-1,-0.67,-0.58,-0.99,-0.16,-0.92,-0.48,0,-0.11
17_P2-300-0.22,1,1,1,1,1,1,1,1,1,1,1,1,1,1,1,1,1,1,1,1,0.94,1,1,1,1,0.85,1,0.34,-0.76,1,0.99,0.98,1,0.26,1,1,-0.6,1,1,1,1,1,1,0.97,-0.07,1,1,1,0.74,0.76,1,1,1,1,1,0.97,1,-0.07,1,1,1,0.99,0.47,1,1,1,1,1,0.48,1,1,1,1,1,1,0.37,1,0.14,1,-0.21,1,-0.27,1,0,0.95,-0.62,0.94,-0.34,0.96,0.27,0.04,-0.18,0.56,-0.48,0.75,0.49,-0.08,-0.18,0.66,0.07,0.77,0.22,0.81,-0.12,0.67,-0.02,0.8,0.05,0.77,-0.14,0.42,0.46,-0.77,-0.2,0.54,-0.85,0.54,-0.14,0.79,0.71,0.99,1,0.93,-0.12,1,1,-0.2,0.86,-0.85,-0.98,0.68,0.75,-0.92,-0.12,-1,0,-0.01,0.37,0.5,1,0.99,0.6,1,1,1,1,0.96,0.98,0.65,1,1,-1,-0.05,-1,-1,0.49,0.67,-0.3,0.81,-1,-0.85,0.9,0.87
17_P2-40-0.22,1,1,1,1,1,1,1,1,1,1,1,1,1,1,1,1,1,1,0.99,1,0.92,1,1,1,1,1,1,0.99,0.83,1,0.96,0.99,1,0.99,0.99,1,0.96,1,0.98,1,1,1,0.98,1,0.93,0.97,1,1,1,0.99,0.97,0.98,1,1,1,0.98,1,0.83,1,1,1,1,1,1,1,0.79,1,0.92,0.99,0.81,1,0.95,0.11,0.87,0.5,1,0.27,0.02,-0.92,-0.07,-0.86,1,-0.8,0.11,-0.97,-0.12,-0.99,0.95,-0.99,-0.93,-0.92,0.95,-0.99,0.97,-0.98,-0.99,-0.93,0.99,-1,0.94,-1,-0.96,-1,0.77,-1,-0.75,0.75,-0.78,-1,-0.33,-0.99,0.97,-0.94,-0.95,-1,-0.37,-1,0.74,0.3,0.95,0.72,0.15,0.96,0.94,-0.14,0.31,-0.91,-0.99,-0.47,0.35,-0.98,-1,-1,-1,-0.59,-0.01,0,-1,-1,0.92,1,1,0.92,0.95,0.87,0.95,0.88,1,0.98,0.75,0.47,-0.98,-1,-0.74,-0.52,-1,-1,-1,-1,0.08,0.93,-1,-1
17_P2-60-0.22,1,1,1,1,1,1,1,1,1,1,1,1,1,1,1,1,1,1,1,1,0.99,1,1,1,1,1,1,1,0.96,1,0.97,1,1,1,1,1,0.98,1,1,1,1,1,0.99,1,0.93,1,1,1,1,0.99,1,1,1,1,1,0.99,1,0.87,1,1,1,1,1,1,1,0.98,1,1,1,0.95,1,0.99,0.62,0.98,0.81,1,0.79,0.03,-0.7,0.07,-0.46,1,-0.45,0.61,-0.89,0.56,-0.94,0.97,-0.95,-0.99,-0.98,0.99,-0.97,1,-0.93,-0.97,-0.89,1,-1,0.97,-0.97,-0.94,-1,0.94,-0.95,-0.59,0.94,-0.34,-0.99,0.58,-0.99,1,-0.97,-0.79,-0.99,0.04,-0.99,0.98,0.39,0.96,0.83,0.6,1,0.95,0.55,0.86,-0.96,-0.8,-0.13,0.9,-0.95,-0.99,-1,-1,-0.74,0.37,-1,0,-1,1,1,1,1,1,0.99,1,0.99,1,1,0.99,0.95,-0.99,-1,-0.65,0.34,-1,-1,-0.95,-0.96,0.14,0.99,-0.99,-0.99
17_2_P2-20-0.22,1,1,1,1,1,1,1,1,1,1,1,1,1,1,1,1,1,1,1,1,0.98,1,1,1,1,1,1,1,0.97,1,0.96,0.99,1,1,0.99,1,0.99,1,1,1,1,1,0.95,1,0.96,1,1,1,1,0.96,1,1,1,1,1,0.96,1,0.73,1,1,1,1,1,1,1,0.94,1,0.97,1,0.9,1,0.98,0.36,0.95,0.89,1,0.89,0.14,-0.43,0.09,-0.39,1,-0.23,0.77,-0.98,0.51,-0.88,0.98,-0.96,-0.97,-0.95,1,-0.97,1,-0.87,-0.99,-0.89,1,-0.94,0.99,-0.99,-0.89,-0.99,0.96,-0.99,-0.6,0.99,-0.18,-0.98,0.59,-0.99,1,-0.93,0.27,-1,-0.06,-1,0.98,0.3,0.99,0.64,0.08,1,0.96,0.3,0.63,-0.96,-0.97,0.05,0.99,-0.99,-1,-0.99,-1,-0.5,0.5,-1,-1,0,1,1,1,1,1,0.97,0.99,1,1,0.99,0.98,0.87,-0.98,-1,-0.2,0.73,-1,-1,-0.91,-1,0.28,1,-0.99,-1
6_P2-100-0.22,-0.99,0.99,1,1,1,-0.48,-0.63,1,1,1,1,1,1,1,1,0.98,1,0.99,0.93,0.96,0.98,0.99,0.97,1,0.88,1,0.86,1,1,1,0.99,1,0.89,1,0.69,0.82,1,1,1,1,1,0.99,0.25,1,1,0.96,0.77,1,1,0.97,0.98,1,0.98,1,1,1,1,1,1,0.64,0.18,0.95,1,1,0.85,-0.82,1,-0.14,1,-0.79,-0.99,0.8,0.8,0.44,0.97,1,0.91,0.97,0.99,1,1,1,1,1,1,1,1,1,1,1,1,1,1,1,1,1,1,1,1,1,1,1,1,1,1,1,1,1,1,1,1,1,0.99,1,1,1,1,1,1,0.07,0.38,-0.05,1,0.99,-0.2,0.1,0.91,0.96,1,1,0.96,1,1,1,0.99,1,0.92,1,1,0,0.13,1,-0.27,-0.62,-1,-1,0.01,0.98,0.98,-0.32,-0.9,0.92,1,1,1,1,1,1,0.99,0.99,1,0.99,1
6_P2-200-0.22,0.85,1,-0.18,-0.39,1,0.94,0.39,1,-0.61,-0.6,1,1,1,0.39,0.47,0.99,1,1,1,0.94,-0.36,1,1,1,0.97,0.02,0.99,0.49,0.99,1,1,0.57,1,0.59,1,0.99,0.92,1,1,1,1,1,0.71,0.81,0.61,0.97,0.97,1,0.11,0.66,0.99,0.99,0.99,1,1,-0.37,1,0.48,1,1,0.91,0.07,0.97,1,0.67,0.81,0.27,0.9,0.66,0.61,0.91,0.98,0.99,0.67,1,0.69,1,0.99,1,1,1,0.99,1,1,1,1,1,1,1,1,1,0.98,1,0.99,1,1,1,1,1,0.96,1,1,1,0.99,1,1,1,1,1,1,1,0.99,1,1,1,1,1,1,1,0.06,-0.59,0.97,-0.85,-0.37,0.95,0.91,0.97,1,0.99,0.94,1,1,1,1,0.98,0.99,1,1,1,0.13,0,-0.43,0.48,0.49,-0.01,0.16,0.85,-1,-0.9,0.89,0.65,1,1,1,1,1,1,1,1,1,1,1,1
6_P2-300-0.22,1,1,1,-0.31,1,1,1,1,0.85,0.3,1,1,1,0.67,0.18,1,1,1,1,1,-0.41,1,1,0.99,1,-0.55,1,-0.68,-0.59,0.99,0.98,0.74,1,-0.83,1,1,-0.84,1,1,1,1,1,0.91,0.36,-0.8,1,1,1,-0.53,0.01,1,1,1,1,0.99,-0.67,1,-0.78,1,1,1,0.34,-0.44,1,1,1,0.83,1,-0.3,1,1,0.99,1,1,1,0.05,1,0.97,1,1,1,0.51,1,0.94,1,0.97,1,0.42,1,1,1,0.9,1,-0.13,1,1,1,0.77,1,0.62,1,1,1,0.94,1,0.96,0.98,1,1,1,1,0.92,1,1,1,0.99,1,0.98,1,-0.22,0.89,1,0.53,-0.93,1,1,0.96,1,0.96,0.5,1,1,0.96,0.98,0.77,0.6,1,1,1,1,-0.43,0,0.55,0.97,1,1,-0.19,-0.79,-0.98,0.96,1,0.84,1,0.97,0.87,1,1,1,1,0.49,0.15,1,1
6_P2-40-0.22,0.82,0.69,1,1,0.94,-0.65,0.88,0.98,1,1,0.99,1,0.95,1,1,0.54,1,1,0.47,1,0.92,0.96,1,0.92,0.99,1,0.93,1,0.96,1,0.35,0.99,0.51,1,0.47,0.88,0.97,0.97,0.53,0.93,0.83,0.98,0.82,0.95,0.98,0.34,0.82,0.85,1,0.8,0.2,0.84,1,0.94,1,1,0.96,0.92,0.98,1,0.99,1,1,0.94,1,-1,1,-0.99,1,-0.01,1,0.99,0.98,0.95,1,1,1,0.99,1,1,1,1,1,1,1,1,1,1,1,1,1,1,1,1,1,1,1,1,1,0.99,1,1,1,1,1,1,0.99,1,1,1,1,1,0.98,1,1,1,1,1,1,-0.98,0.88,-0.88,1,0.48,-0.87,0.77,0.97,0.99,1,1,0.97,1,1,1,0.96,1,0.92,1,1,-0.27,0.48,0.55,0,-1,0.83,0.87,-1,1,0.98,-1,-1,0.94,1,1,1,1,1,1,1,0.99,1,1,1
6_P2-60-0.22,0.97,1,1,1,1,-0.72,0.66,1,1,1,1,1,1,1,1,0.88,1,1,0.83,1,0.98,1,1,1,0.99,1,0.96,1,0.97,1,0.54,1,0.86,1,0.71,0.91,0.99,1,0.88,0.99,0.98,1,0.67,0.99,0.98,0.72,0.82,0.99,1,0.91,0.68,0.99,1,0.99,1,1,1,0.96,1,1,0.98,1,1,1,1,-1,1,-1,1,-0.5,1,0.99,0.98,0.95,1,1,1,0.99,1,1,1,1,1,1,1,1,1,1,1,1,1,1,1,1,1,1,1,1,1,1,1,1,1,1,1,1,1,1,1,1,1,1,0.99,1,1,1,1,1,1,-0.67,0.77,-0.97,1,0.86,-0.85,0.6,0.95,0.94,1,1,0.89,1,1,1,0.99,1,0.95,1,1,-0.62,0.49,0.97,-1,0,0.54,0.85,-1,1,1,-1,-1,0.91,1,1,1,1,1,1,0.99,0.99,1,1,1
8_P2-100-0.22,-1,1,0.98,1,1,0.14,-0.91,1,0.85,1,1,1,1,1,1,0.99,1,0.98,0.99,0.93,0.96,1,0.99,1,0.69,1,0.66,1,1,1,1,0.95,0.96,1,0.6,0.6,1,1,1,1,1,1,-0.37,1,1,0.96,0.7,1,1,0.92,0.99,1,0.96,0.99,1,0.97,1,0.99,1,0.69,-0.66,0.62,1,1,0.3,-0.5,0.98,0.04,1,-0.99,-1,0.37,0.83,-0.34,0.99,1,0.94,0.81,0.99,0.98,1,1,1,1,1,1,1,1,1,1,0.99,1,1,1,1,1,1,1,1,1,1,1,1,1,1,1,1,1,1,1,1,1,0.96,1,1,1,1,1,1,0.83,-0.86,0.06,0.9,0.99,0.06,0.08,0.5,0.9,0.99,1,0.81,0.99,1,1,0.98,1,0.87,0.99,0.97,-1,-0.01,1,0.83,0.54,0,-1,0.86,0.9,0.88,0.76,-0.56,0.55,0.99,1,1,0.99,0.99,1,0.98,0.93,1,0.99,1
8_2_P2-100-0.22,-1,1,1,1,1,0.17,-0.87,1,0.95,1,1,1,1,1,1,1,1,0.99,0.99,0.96,0.98,1,1,1,0.76,1,0.72,1,1,1,0.99,0.97,0.99,1,0.76,0.7,1,1,1,1,1,1,-0.37,1,1,0.99,0.86,1,1,0.96,1,1,0.99,1,1,0.98,1,0.98,1,0.94,-0.7,0.71,1,1,0.44,-0.64,0.99,-0.05,1,-0.99,-0.91,0.39,0.84,-0.07,0.99,1,0.97,0.93,1,1,1,1,1,1,1,1,1,1,1,1,1,1,1,1,1,1,1,1,1,1,1,1,1,1,1,1,1,1,1,1,1,1,0.99,1,1,1,1,1,1,0.84,-0.66,-0.07,0.96,0.99,0.16,0.15,0.72,0.92,1,1,0.89,1,1,1,1,1,0.95,1,0.99,-1,0.16,1,0.87,0.85,-1,0,0.94,0.97,0.95,0.78,-0.71,0.81,1,1,1,1,1,1,0.99,0.99,1,1,1
8_P2-20-0.22,1,1,1,1,0.99,-0.25,0.97,1,1,1,1,1,0.98,1,1,0.88,1,1,0.19,1,0.93,0.98,0.99,0.86,1,1,0.96,1,0.94,1,0.38,0.99,0.8,1,0.62,0.94,0.97,0.99,0.85,0.96,0.87,1,0.78,0.98,0.31,0.78,0.88,0.96,0.99,0.71,0.59,0.97,1,0.99,1,0.84,0.99,0.51,0.97,1,1,0.93,0.94,0.96,1,-1,1,-0.99,1,-0.05,1,0.99,0.98,0.98,1,1,1,0.98,1,1,1,1,1,0.99,1,1,1,1,1,1,1,1,1,1,1,1,1,1,1,1,1,1,1,1,1,1,0.98,0.95,1,1,1,1,0.99,1,1,1,1,1,1,-1,0.82,-0.97,1,-0.79,-0.83,0.71,0.9,0.93,1,0.8,0.91,0.99,1,0.96,0.94,0.96,0.88,0.99,1,0.01,0.85,-0.19,-1,-1,0.86,0.94,0,1,0.99,-1,-1,0.9,0.99,1,1,1,1,0.99,0.99,0.99,0.78,1,1
8_P2-200-0.22,1,1,0.71,-1,1,1,0.85,1,-0.5,0.58,1,1,1,0.99,0.93,1,1,1,1,1,-0.25,1,1,1,1,0.43,1,-0.34,0.06,1,1,0.79,1,-0.27,1,1,0.07,1,1,1,1,1,0.85,0.97,0.76,1,1,1,0.87,0.55,1,1,1,1,1,-0.1,1,0.43,1,1,1,-0.24,1,1,1,0.99,0.58,1,0.55,0.72,1,0.85,1,0.5,1,0.75,1,0.74,1,0.99,1,1,1,1,1,1,1,0.98,1,1,1,1,1,0.91,1,1,1,1,1,0.99,1,1,1,1,1,1,1,1,1,1,1,1,1,1,1,1,1,1,1,0.96,-1,1,-1,-0.53,1,1,0.85,1,0.98,1,1,1,1,1,0.93,0.98,1,1,1,0.98,-1,-0.79,1,1,0.9,0.97,1,0,-1,1,0.99,0.93,1,1,1,1,1,1,1,0.37,0.99,1,1
8_P2-300-0.22,1,1,-0.39,-0.92,1,1,0.89,1,0.07,-0.97,1,1,1,-0.78,-0.97,0.99,1,1,0.99,0.99,-0.68,1,1,1,0.98,-0.99,0.99,-0.56,0.86,1,0.99,0.76,1,-0.79,0.99,1,-0.31,1,0.99,1,1,1,0.91,-0.47,-0.69,0.99,0.99,1,-0.9,-0.36,0.98,0.99,1,1,1,-0.46,1,-0.68,1,1,1,0.18,0.05,1,0.95,0.94,-0.26,1,-0.86,0.99,1,0.99,1,0.95,1,-0.88,1,0.91,1,0.91,1,0.34,1,1,1,0.46,1,0.7,1,1,0.99,0.31,1,0.66,1,1,1,0.8,1,0.32,1,1,1,0.68,1,0.79,1,1,1,0.89,1,0.64,0.99,1,1,1,1,0.84,1,0.91,-0.15,0.98,-1,-0.92,0.99,0.99,0.8,1,0.82,0.76,1,0.99,0.99,1,0.54,0.65,0.98,1,0.99,0.98,-0.9,-0.98,0.98,1,0.88,0.95,0.99,-1,0,0.97,0.85,0.92,0.99,0.92,0.66,0.99,1,0.99,1,0.81,0.87,1,1
8_P2-40-0.22,0.79,0.72,1,1,0.95,-0.5,0.97,0.98,1,1,0.99,1,0.98,1,1,0.8,1,1,0.34,1,0.98,0.92,1,0.85,1,1,0.96,1,0.99,0.99,0.57,0.99,0.73,1,0.56,0.86,0.99,0.96,0.71,0.92,0.8,0.96,0.73,0.97,0.97,0.69,0.91,0.86,1,0.82,0.51,0.94,1,0.98,0.99,0.97,0.95,0.8,0.99,1,1,1,1,0.92,1,-1,1,-1,1,0.01,1,0.99,0.94,0.97,0.99,1,1,0.99,1,1,1,1,1,1,1,1,1,1,1,0.99,0.99,1,1,1,1,0.99,1,1,1,1,1,1,1,1,1,1,1,1,1,1,1,1,0.98,1,0.99,1,0.99,1,1,-0.49,0.86,-0.98,1,0.76,-0.96,0.55,0.94,0.89,1,1,0.88,0.99,1,1,0.98,1,0.75,0.99,0.98,-0.32,0.89,0.96,-1,-1,0.76,0.78,-1,1,0.97,0,-1,0.88,1,1,1,1,1,1,0.97,0.99,1,0.99,1
8_P2-60-0.22,-0.75,-0.06,1,1,0.5,-0.71,0.74,0.91,0.99,1,0.89,0.99,0.97,1,1,0.39,1,1,0.55,1,0.86,0.92,0.98,0.91,0.98,1,0.91,0.99,0.99,0.99,0.85,0.96,0.71,1,0.61,0.9,0.98,0.98,0.82,0.94,0.72,0.83,0.5,0.95,0.98,0.4,0.72,0.8,1,0.73,0.48,0.77,0.98,0.89,0.96,0.98,0.78,0.93,0.91,0.63,0.94,0.98,1,0.71,0.91,-1,1,-1,0.99,-0.58,0.5,0.91,0.58,0.59,0.85,1,0.75,0.85,0.87,0.99,0.94,1,0.98,1,1,1,1,1,1,0.95,0.94,1,0.95,1,0.99,0.87,0.97,1,0.99,0.99,0.97,1,1,1,0.94,1,0.99,0.99,0.98,1,0.91,1,0.88,1,0.88,1,0.89,1,1,-0.38,0.18,-1,0.99,0.98,-1,-0.88,0.59,0.63,0.96,1,0.63,0.88,1,0.97,0.89,1,0.47,0.95,0.87,-0.9,0.65,1,-1,-1,-0.56,-0.71,-1,0.99,0.85,-1,0,0.69,0.95,1,1,0.94,0.96,0.98,0.88,0.95,1,0.91,0.96
18_P2-100-0.22,1,1,1,0.9,1,1,1,1,0.99,1,1,1,0.93,1,1,1,1,1,0.99,1,0.77,1,1,0.91,0.94,0.91,0.99,0.78,-0.16,0.99,0.88,0.84,0.93,0.71,0.99,1,0.38,0.91,0.97,0.97,1,1,1,0.99,0.73,0.99,0.99,0.93,0.95,0.99,0.99,0.99,1,1,1,0.99,1,0.66,1,1,1,1,0.75,1,0.98,0.88,0.91,0.93,0.93,0.8,0.99,0.53,-0.12,0.51,0.09,0.71,-0.3,-0.95,-0.38,-0.94,-0.55,-0.04,-0.53,-0.91,-0.83,-0.64,-0.95,-0.41,-0.92,-0.91,-0.94,0.23,-0.86,0.56,-0.89,-0.91,-0.97,0.45,-0.85,0.68,-0.9,-0.97,-0.72,-0.08,-0.91,-0.48,0.32,-0.93,-0.84,-0.5,-0.94,0.55,-0.98,-1,-0.91,-0.85,-0.84,-0.35,-0.47,0.78,0.34,-0.17,0.61,0.57,-0.21,0.25,-1,-0.87,-1,-1,-0.93,-0.97,-1,-0.97,-1,-1,-0.98,-0.99,-0.98,0.92,1,0.84,0.94,0.91,0.55,0.81,0.9,0.93,0.92,0.88,0.69,0,-0.98,-1,-1,-1,-1,-1,-0.99,-0.99,-0.52,-0.98,-0.99
18_P2-20-0.22,1,1,1,1,1,1,1,1,1,1,1,1,1,1,1,1,1,1,1,1,0.98,1,1,1,1,1,1,1,0.95,1,0.98,1,1,1,1,1,0.97,1,1,1,1,1,0.99,1,0.74,1,1,1,1,0.94,1,1,1,1,1,0.96,1,0.58,1,1,1,0.97,1,1,1,0.97,1,0.99,0.99,0.95,1,0.98,0.76,0.97,0.96,1,0.98,0.12,-0.01,0.13,0.09,1,0.24,0.71,-0.96,0.56,-0.75,0.92,-0.9,-0.98,-0.96,1,-0.94,0.98,-0.84,-0.98,-0.87,1,-0.95,0.93,-0.96,-0.9,-0.99,0.94,-0.98,-0.66,0.97,-0.16,-0.97,0.6,-0.98,0.99,-0.95,0.4,-1,0.03,-1,0.98,0.24,0.97,0.81,0.58,1,0.62,0.75,0.88,-0.96,-0.84,-0.04,0.95,-0.97,-0.97,-1,-1,-0.71,-0.05,-1,-1,-1,1,1,1,1,1,0.99,1,0.99,1,0.99,1,0.95,-0.98,0,-0.2,0.75,-1,-1,-0.94,-0.97,-0.13,0.88,-0.89,-0.98
18_P2-200-0.22,1,1,1,1,1,1,1,1,1,1,1,1,1,1,1,1,1,1,1,1,0.98,1,1,1,1,1,1,0.3,-0.96,1,1,1,1,0.03,1,1,0.08,1,1,1,1,1,1,1,0.87,1,1,1,1,0.99,1,1,1,1,1,1,1,0.67,1,1,1,1,1,1,1,1,1,1,0.91,1,1,0.99,1,1,1,0.94,1,-0.68,0.98,-0.9,0.99,0.8,0.98,-0.13,0.41,-0.25,0.61,0.41,0.53,-0.45,-0.73,0.85,-0.07,-0.67,0.38,-0.39,-0.7,0.52,0.2,0.86,-0.11,-0.63,0.48,0.5,0.09,0.09,1,0.35,0.09,0.46,-0.56,0.97,-0.96,-0.17,-0.31,-0.89,-0.41,0.91,0.89,1,0.95,1,0.99,0.87,1,1,-0.98,0.68,-1,0.04,-0.06,0.33,-0.8,0.14,-1,-1,-0.74,-0.65,-0.2,1,1,0.97,1,1,1,1,1,1,0.92,1,1,-1,-0.2,0,-1,-0.31,-0.17,-0.99,0.42,-1,-0.22,0.63,0.43
18_P2-300-0.22,1,1,1,0.99,1,1,1,1,1,1,1,1,1,1,1,1,1,1,1,1,0.91,1,1,1,1,0.81,1,0.13,-0.96,1,1,1,1,-0.51,1,1,-0.95,1,1,1,1,1,1,0.92,0.01,1,1,1,0.86,0.58,1,1,1,1,1,0.99,1,-0.04,1,1,1,1,0.99,1,1,1,1,1,-0.47,1,1,1,1,1,1,0.37,1,-0.17,1,-0.69,1,-0.43,1,0.31,0.94,-0.95,0.99,-0.88,0.98,-0.2,-0.57,-0.07,0.66,-0.9,0.91,0.31,-0.53,-0.57,0.91,-0.45,0.73,0.15,0.96,-0.67,0.71,-0.56,1,0.51,0.81,-0.41,-0.1,0.44,-0.92,0.62,0.37,-0.98,0.25,-0.06,0.97,1,0.98,1,0.93,0.78,1,1,-0.65,0.93,-0.98,-0.07,0.59,0.84,0.41,0.9,-1,-1,-0.52,0.34,0.73,1,1,0.87,1,1,1,1,1,1,0.66,1,1,-1,0.75,-1,0,0.69,0.79,-0.85,0.84,-1,-0.14,0.96,0.89
18_P2-40-0.22,1,1,1,1,1,1,1,1,1,1,1,1,1,1,1,1,1,1,1,1,0.96,1,1,1,1,1,1,0.99,0.8,1,0.99,1,1,1,1,1,0.97,1,1,1,1,1,1,1,0.95,1,1,1,1,0.99,1,1,1,1,1,0.98,1,0.81,1,1,1,0.99,1,1,1,0.97,1,0.99,1,0.97,1,0.98,0.66,0.96,0.92,1,0.93,-0.2,-0.44,-0.01,-0.46,1,-0.14,0.71,-1,0.54,-0.94,0.93,-0.97,-0.97,-0.95,1,-0.93,0.99,-0.82,-0.99,-0.9,1,-0.96,1,-0.97,-0.85,-0.98,0.96,-0.97,-0.53,1,-0.08,-0.97,0.67,-0.99,1,-0.95,0.51,-1,-0.19,-1,0.99,0.41,1,0.78,0.48,1,0.98,0.37,0.57,-0.99,-0.96,-0.2,1,-0.98,-0.99,-1,-1,-0.67,0.49,-1,-1,-1,1,1,1,1,1,0.99,1,1,1,0.99,1,0.94,-1,-1,-0.31,0.69,0,-1,-0.97,-1,-0.21,0.99,-0.97,-1
18_P2-60-0.22,1,1,1,1,1,1,1,1,1,1,1,1,1,1,1,1,1,1,1,1,0.98,1,1,1,1,1,1,1,0.88,1,1,1,1,1,1,1,0.99,1,1,1,1,1,1,1,0.98,1,1,1,1,1,1,1,1,1,1,0.99,1,0.92,1,1,1,1,1,1,1,0.98,1,0.99,1,0.97,1,0.99,0.58,0.96,0.91,1,0.9,0,-0.39,0.12,-0.3,1,-0.38,0.8,-0.95,0.65,-0.89,0.97,-0.94,-0.99,-0.94,1,-0.92,1,-0.82,-0.98,-0.9,1,-0.97,1,-0.97,-0.83,-0.99,0.99,-0.99,-0.46,1,0.03,-0.98,0.75,-0.98,1,-0.94,0.44,-1,-0.09,-1,1,0.45,1,0.86,0.54,1,0.99,0.55,0.78,-0.99,-0.94,-0.08,1,-0.98,-0.99,-1,-1,-0.58,0.67,-1,-1,-1,1,1,1,1,1,0.99,1,1,1,1,1,0.96,-1,-1,-0.17,0.79,-1,0,-0.95,-1,-0.22,1,-0.97,-1
20_P2-100-0.22,1,1,1,1,1,1,1,1,1,1,1,1,1,1,1,1,1,1,1,1,0.98,1,1,1,1,1,1,1,0.8,1,1,1,1,1,1,1,0.96,1,1,1,1,1,1,1,0.75,1,1,1,1,1,1,1,1,1,1,0.99,1,0.85,1,1,1,1,0.98,1,1,0.99,1,1,0.99,1,1,0.99,0.76,0.98,0.76,1,0.91,-0.93,-0.1,-0.97,-0.39,1,-0.43,0.1,-0.74,0.39,-0.81,0.92,-0.82,-0.86,-0.9,0.93,-0.87,0.97,-0.72,-0.38,-0.96,0.97,-0.9,0.94,-0.8,-0.75,-0.41,0.91,-0.24,0.21,0.95,-0.35,-0.59,0.6,-0.61,0.99,-0.95,-0.63,-0.45,-0.36,-0.35,0.85,0.55,1,0.84,0.81,1,0.96,0.68,0.82,-1,-0.72,-0.99,-0.06,-0.98,-0.99,-1,-0.84,-0.99,-0.3,-1,-0.95,-0.91,1,1,1,1,1,1,1,0.99,1,0.99,1,0.98,-1,-0.94,-0.99,-0.85,-0.97,-0.95,0,-0.96,-0.78,0.61,-0.98,-1
20_P2-20-0.22,1,1,1,1,1,1,1,1,1,1,1,1,1,1,1,1,1,1,1,1,0.97,1,1,1,1,1,1,0.99,0.5,1,1,1,1,1,1,1,0.95,1,1,1,1,1,1,1,1,1,1,1,1,1,1,1,1,1,1,1,1,0.99,1,1,1,1,1,1,1,0.96,1,0.95,1,0.98,1,0.93,-0.13,0.87,0.13,1,0.25,-0.6,-0.88,-0.22,-0.79,1,-0.67,0.56,-0.36,0.83,-0.4,0.93,-0.45,-0.9,-0.75,1,-0.52,0.98,-0.3,-0.44,-0.73,1,-0.75,1,-0.62,0.25,-0.47,0.99,-0.18,0.1,1,0.4,-0.49,0.89,-0.55,1,-0.67,0.7,-0.54,0.24,-0.56,1,0.67,1,0.74,-0.56,1,1,-0.68,-0.25,-1,-1,-0.15,1,-1,-1,-0.9,-0.97,-0.16,0.81,-1,-0.96,-1,0.99,1,1,1,0.99,0.98,0.99,0.99,1,1,0.97,0.88,-0.99,-0.97,0.42,0.84,-1,-1,-0.96,0,-0.22,1,-1,-1
20_P2-200-0.22,1,1,1,0.84,1,1,1,1,0.99,1,1,1,0.89,1,1,1,1,0.98,1,1,0.85,1,1,0.89,0.98,0.94,1,-0.14,-0.87,0.87,0.99,0.78,1,-0.25,1,1,-0.46,0.64,1,1,1,1,1,0.98,0.67,1,1,0.99,0.94,0.99,1,1,1,1,0.96,0.98,1,0.67,1,1,1,1,0.72,1,1,0.97,0.88,1,0.75,0.98,1,0,0.68,0.83,0.44,-0.16,0.84,-0.91,0.79,-0.57,0.78,-0.6,0.76,-0.81,0.52,-0.43,0.49,-0.5,0.66,-0.16,-0.04,0.24,0.02,-0.46,0.1,0.14,-0.13,-0.45,0.42,0.69,0.2,0.33,0.5,0.41,0.29,0.51,0.8,0.43,0.24,0.3,0.12,0.76,-0.25,-0.68,0.28,-0.31,0.28,0.48,0.32,0.92,0.78,0.78,0.45,0.22,0.7,0.91,-0.84,0.38,-1,-0.95,-0.01,0.13,-0.89,0.22,-0.92,-1,0.08,0.14,0.28,0.99,1,0.49,0.99,0.99,0.93,0.99,0.99,0.37,0.81,0.99,0.95,-0.99,-0.13,-1,-1,-0.21,-0.22,-0.78,-0.22,0,-0.99,0.06,-0.06
20_P2-300-0.22,1,1,1,0.96,1,1,1,1,1,1,1,1,1,1,1,1,1,1,1,1,0.74,1,1,1,1,0.98,1,-0.37,-1,0.97,0.85,0.95,1,-0.8,1,1,-0.74,0.99,1,1,1,1,0.99,0.99,-0.26,1,1,1,0.83,0.79,1,1,1,1,0.88,0.94,1,0.3,0.99,1,1,0.93,-0.45,1,1,1,0.99,1,0.67,0.99,1,0.84,1,1,1,0.01,1,0.42,1,0.72,1,-0.1,1,-0.71,1,0.8,1,-0.27,1,0.95,0.94,0.64,1,-0.96,0.96,1,0.93,0.12,0.97,0.32,1,0.99,1,0.65,1,0.9,-0.47,0.04,1,0.85,1,0.11,0.71,0.18,1,0.46,1,0.31,0.11,0.85,1,1,0.98,-0.49,1,1,0.7,1,-0.03,-0.12,1,1,0.6,0.61,-0.48,-0.85,0.93,0.99,1,1,1,0.15,1,1,1,1,0.78,0.99,0.87,1,1,-0.52,0.88,-0.22,-0.14,0.99,1,0.61,1,-0.99,0,1,1
20_P2-40-0.22,1,1,1,1,1,1,1,1,1,1,1,1,1,1,1,1,1,1,1,1,0.98,1,1,1,1,1,1,1,0.88,1,1,1,1,1,1,1,0.99,1,1,1,1,1,1,1,1,1,1,1,1,1,1,1,1,1,1,1,1,0.99,1,1,1,1,1,1,1,0.98,1,0.98,1,0.98,1,0.96,0.08,0.88,0.52,1,0.59,-0.47,-0.73,-0.22,-0.81,1,-0.71,0.76,-0.6,0.88,-0.41,0.98,-0.52,-0.91,-0.88,1,-0.52,1,-0.39,-0.56,-0.77,1,-0.6,1,-0.59,0.08,-0.18,1,-0.07,0.08,1,0.58,-0.21,0.94,-0.78,1,-0.58,0.91,-0.61,0.52,-0.66,1,0.62,1,0.79,-0.39,1,1,-0.5,-0.12,-1,-1,0.01,1,-1,-1,-0.67,-0.82,0,0.9,-1,-0.99,-0.99,0.99,1,1,1,1,0.99,1,1,1,1,0.99,0.91,-0.98,-0.89,0.63,0.96,-0.97,-0.97,-0.98,-1,0.06,1,0,-1
20_P2-60-0.22,1,1,1,1,1,1,1,1,1,1,1,1,1,1,1,1,1,1,1,1,0.99,1,1,1,1,1,1,1,0.81,1,1,1,1,1,1,1,0.98,1,1,1,1,1,1,1,0.99,1,1,1,1,1,1,1,1,1,1,1,1,0.98,1,1,1,1,1,1,1,0.99,1,0.99,1,0.99,1,0.99,0.45,0.98,0.57,1,0.77,-0.38,-0.68,-0.19,-0.72,1,-0.83,0.73,-0.75,0.88,-0.85,0.98,-0.86,-0.89,-0.89,1,-0.73,0.99,-0.68,-0.51,-0.79,1,-0.92,1,-0.72,-0.04,-0.48,1,-0.11,0.18,1,0.58,-0.45,0.95,-0.7,1,-0.7,0.67,-0.53,0.5,-0.57,1,0.79,1,0.89,0.23,1,1,0.11,0.53,-1,-1,-0.12,1,-1,-1,-0.98,-0.95,-0.11,0.87,-1,-0.99,-1,1,1,1,1,1,1,1,1,1,1,1,0.96,-0.99,-0.98,0.43,0.89,-1,-1,-1,-1,-0.06,1,-1,0