"","296-100-8","296-20-8","296-40-8","296-60-8","297-100-8","297-20-8","297-40-8","297-60-8","298-100-8","298-20-8","298-200-8","298-40-8","298-60-8","300-100-8","300-20-8","300-200-8","300-40-8","300-60-8","302-100-8","302-20-8","302-200-8","302-40-8","302-60-8","304-100-8","304-20-8","304-200-8","304-40-8","304-70-8","306-100-8","306-20-8","306-200-8","306-40-8","306-60-8","307-100-8","307-20-8","307-200-8","307-40-8","307-60-8","310-100-8","310-20-8","310-200-8","310-40-8","310-60-8","311-100-8","311-20-8","311-200-8","311-40-8","311-60-8","312-100-8","312-20-8","312-200-8","312-60-8","313-20-8","313-200-8","313-60-8","313-90-8","314-20-8","314-200-8","314-95-8","315-100-8","315-20-8","315-200-8","315-40-8","315-65-8","317-100-8","317-40-8","317-60-8","318-100-8","318-200-8","318-40-8","318-50-8","319-100-8","319-20-8","319-200-8","319-60-8","320-20-8","320-200-8","320-40-8","321-100-8","321-20-8","321-200-8","321-40-8","321-60-8","322-100-8","322-20-8","322-40-8","322-60-8","323-100-8","323-20-8","323-200-8","323-70-8","324-20-8","324-200-8","324-40-8","324-60-8","326-100-8","326-20-8","326-200-8","326-55-8","328-100-8","328-200-8","329-20-8","329-40-8","329-60-8","330-100-8","330-200-8","317-20-8","318-20-8","319-40-8","320-100-8","322-200-8","326-40-8","328-60-8","329-100-8","330-20-8","330-40-8","178-100-8","178-20-8","178-200-8","178-40-8","178-60-8","179-100-8","179-20-8","179-60-8","193-100-8","193-20-8","193-200-8","193-40-8","193-60-8","241-100-8","241-20-8","241-200-8","241-40-8","241-60-8","262-100-8","262-20-8","262-200-8","262-40-8","262-60-8","267-100-8","267-20-8","267-200-8","267-60-8","287-100-8","287-20-8","287-200-8","287-40-8","287-60-8"
"296-100-8",0,-1,-1,-1,-0.53,-0.79,-0.95,-0.95,0.24,-0.32,0.74,0.07,0.14,0.91,1,1,1,0.91,1,1,1,1,0.99,1,1,1,1,1,1,1,1,1,0.95,1,1,1,1,0.99,1,1,1,0.99,1,1,0.99,1,1,1,1,1,1,1,1,1,1,1,1,1,1,0.99,1,1,1,1,1,1,1,1,0.42,0.99,1,1,1,1,0.96,0.99,1,0.88,1,1,1,1,1,0.99,1,0.99,1,1,1,1,0.99,0.99,1,0.99,1,1,1,0.98,1,0.93,1,0.73,0.69,0.4,0.62,0.96,1,1,1,1,1,1,0.91,0.92,0.83,0.68,0.78,-0.01,0.81,0.58,0.36,0.93,0.86,0.83,0.91,0.92,0.9,0.93,1,0.91,0.84,0.88,0.92,0.88,0.9,0.87,0.95,0.93,0.92,0.96,0.93,0.42,0.92,0.65,0.8,0.97,0.88,0.7
"296-20-8",-1,0,-1,-1,-0.2,-0.85,-0.96,-1,0.39,0.16,0.96,0.11,-0.45,0.84,1,1,1,0.85,1,1,1,1,0.98,1,1,1,1,1,1,1,1,1,1,1,1,1,1,1,1,1,1,1,1,1,0.99,1,1,1,1,1,1,1,1,1,1,1,1,1,1,1,1,1,1,0.98,1,0.99,1,1,0.43,1,1,1,1,1,0.96,0.99,1,0.95,1,1,1,1,1,1,1,0.99,1,1,1,1,1,1,1,1,1,1,1,0.98,1,0.86,1,0.23,0.11,-0.38,0.17,0.83,1,1,1,1,1,1,0.98,0.75,0.75,0.44,0.87,-0.03,0.62,0.54,0.29,0.92,0.66,0.79,0.98,0.9,0.97,0.93,1,0.96,0.82,1,0.95,0.96,0.99,0.92,1,0.92,0.94,0.91,0.9,0.84,0.88,0.94,0.75,1,0.65,0.73
"296-40-8",-1,-1,0,-1,-0.65,-0.88,-0.8,-0.98,0.55,0.19,0.98,-0.02,0.08,1,1,1,1,1,1,1,1,1,1,1,1,1,1,1,1,1,1,1,1,1,1,1,1,1,1,1,1,1,1,1,1,1,1,1,1,1,1,1,1,1,1,1,1,1,1,1,1,1,1,1,1,1,1,1,0.91,1,1,1,1,1,1,1,1,0.99,1,1,1,1,1,1,1,1,1,1,1,1,1,1,1,1,1,1,1,1,1,0.98,1,0.71,0.55,0.24,0.67,0.98,1,1,1,1,1,1,0.98,0.93,0.77,0.56,0.84,-0.1,0.73,0.43,0.2,0.93,0.73,0.74,0.95,0.89,0.96,0.93,0.99,0.99,0.83,1,0.95,0.96,0.99,0.9,1,0.9,0.94,0.93,0.91,0.83,0.89,0.96,0.88,1,0.85,0.8
"296-60-8",-1,-1,-1,0,-0.71,-0.76,-0.85,-1,0.62,0.3,0.85,0.13,-0.35,0.92,1,1,1,0.96,0.93,1,1,1,0.84,1,1,0.99,1,1,1,1,0.98,1,1,1,1,1,1,1,1,1,1,1,1,1,0.99,1,1,1,1,1,1,1,1,0.99,1,1,1,0.99,1,1,1,0.98,1,0.99,1,0.99,1,1,0.88,1,1,1,1,0.98,0.99,1,1,0.98,1,1,1,1,1,1,1,1,1,1,1,1,1,1,1,1,1,1,1,1,1,0.95,1,0.49,0.46,-0.08,0.41,0.94,1,1,1,1,1,1,0.97,0.9,0.75,0.52,0.64,-0.05,0.8,0.54,0.38,0.91,0.78,0.83,0.98,0.9,0.96,0.93,1,0.99,0.9,0.99,0.98,0.99,0.99,0.94,1,0.95,0.97,0.96,0.95,0.91,0.92,0.96,0.92,0.98,0.75,0.82
"297-100-8",-0.53,-0.2,-0.65,-0.71,0,0.94,0.86,-1,-0.13,0.99,0.38,0.99,0.72,0.99,1,0.96,1,1,0.68,1,0.98,1,0.51,1,1,0.79,1,1,1,1,0.8,1,1,1,1,0.98,1,1,1,1,0.95,1,1,1,0.92,1,1,1,1,1,1,1,1,0.89,1,1,1,0.99,1,0.99,1,0.95,1,0.99,0.98,1,0.98,0.98,0.71,1,1,0.99,1,0.94,0.75,1,1,1,1,1,1,1,1,1,1,1,1,1,1,1,1,1,1,1,1,1,1,0.97,1,0.96,0.99,0.96,0.99,0.98,0.97,0.97,1,1,1,1,1,1,1,0.99,1,1,0.68,0.97,-0.12,0.97,0.81,0.96,0.91,0.98,0.99,0.99,0.97,1,1,0.95,0.99,0.95,0.99,0.99,0.92,0.98,0.98,0.99,0.99,0.99,1,0.86,0.99,0.99,0.98,0.79,0.95,0.97
"297-20-8",-0.79,-0.85,-0.88,-0.76,0.94,0,-1,-0.93,0.94,-0.86,1,-0.94,-0.81,0.94,0.92,1,1,0.91,1,1,1,1,1,1,1,1,1,1,1,1,1,1,1,1,1,1,1,1,1,1,1,1,1,1,1,1,1,1,1,1,1,1,1,1,1,1,1,1,1,1,1,1,1,1,1,0.99,1,1,0.95,0.96,1,1,0.99,1,1,0.97,1,0.89,1,1,1,1,1,1,0.93,0.88,1,1,0.99,1,1,0.99,1,0.97,0.98,1,1,1,1,0.88,1,0.17,-0.23,-0.62,0.37,0.93,1,1,1,1,1,0.99,0.86,0.86,0.1,-0.15,0.81,-0.63,0.94,-0.15,0.01,0.99,0.73,0.83,0.99,0.91,1,0.96,1,1,0.81,1,0.98,0.99,1,0.94,1,0.92,0.98,0.97,0.94,0.99,0.95,1,0.87,1,0.86,0.84
"297-40-8",-0.95,-0.96,-0.8,-0.85,0.86,-1,0,-0.97,0.83,-0.84,0.96,-0.91,-0.6,0.86,0.94,1,1,0.82,1,1,1,1,0.99,1,1,1,1,1,1,1,1,1,0.99,1,1,1,1,1,1,1,1,1,1,1,1,1,1,1,1,1,1,1,1,1,1,1,1,1,1,1,1,1,1,1,1,1,1,1,0.56,0.99,1,1,0.99,1,0.98,0.98,1,0.88,1,0.99,1,0.98,1,1,0.98,0.92,1,1,1,1,0.99,0.96,1,0.96,0.99,1,1,0.99,1,0.83,1,0.5,0.27,0.07,0.6,0.97,1,1,1,1,1,1,0.8,0.96,0.25,0.03,0.82,-0.53,0.95,0.02,0.17,0.99,0.85,0.89,0.98,0.95,1,0.97,1,0.99,0.87,0.99,0.98,0.99,0.99,0.95,1,0.96,0.98,0.99,0.97,0.96,0.97,0.94,0.86,1,0.93,0.84
"297-60-8",-0.95,-1,-0.98,-1,-1,-0.93,-0.97,0,-0.29,-0.41,0.33,-0.51,-0.3,0.96,1,0.99,1,0.95,1,1,1,1,0.98,1,1,1,1,1,1,1,1,1,1,1,1,1,1,1,1,1,1,1,1,1,0.97,1,1,1,1,1,1,1,1,1,1,1,1,1,1,0.99,1,0.99,1,1,0.98,1,0.99,1,0.79,0.99,1,1,1,0.99,0.97,1,1,0.96,1,1,1,1,1,1,1,0.99,1,1,1,1,1,0.99,1,0.99,0.98,1,1,0.99,1,0.9,1,0.91,0.78,0.8,0.89,0.98,1,1,1,1,1,1,0.96,0.84,0.8,0.63,-0.09,-0.34,-0.32,-0.12,-0.65,0.85,0.59,0.76,0.88,0.9,0.91,0.92,0.98,0.91,0.82,0.81,0.86,0.87,0.74,0.7,0.9,0.76,0.9,0.92,0.91,0.45,0.9,0.82,0.84,0.81,0.87,0.72
"298-100-8",0.24,0.39,0.55,0.62,-0.13,0.94,0.83,-0.29,0,0.89,-0.93,0.89,0.63,0.99,1,1,1,1,1,1,1,1,0.99,1,1,1,1,1,1,1,1,1,0.99,1,1,1,1,1,1,1,1,1,1,1,0.99,1,1,1,1,1,1,1,1,1,1,1,1,1,1,1,1,0.99,1,1,0.98,1,1,0.99,0.06,1,1,1,1,0.98,0.87,1,1,1,1,1,1,1,1,1,1,1,1,1,1,1,1,1,1,1,1,1,1,0.96,1,0.99,0.99,0.94,0.97,0.96,0.94,0.97,1,1,1,1,1,1,1,1,1,0.99,0.59,0.51,-0.24,0.53,-0.02,0.04,0.44,0.28,0.69,0.89,-0.09,0.94,0.97,0.51,0.83,0.73,0.77,0.46,0.6,0.77,0.95,0.82,0.72,0.87,0.85,-0.26,0.83,0.59,0.65,0.93,0.61,0.67
"298-20-8",-0.32,0.16,0.19,0.3,0.99,-0.86,-0.84,-0.41,0.89,0,0.98,-1,-0.99,0.64,0.91,1,0.98,0.57,0.99,1,1,1,0.78,1,1,1,1,0.82,1,1,1,1,0.81,1,1,0.98,1,0.97,0.99,1,0.99,0.97,1,1,0.99,1,1,1,1,1,1,0.99,1,1,1,1,1,1,1,1,1,1,1,0.96,1,0.85,0.99,1,0.44,0.61,0.98,0.99,0.91,1,0.92,0.9,1,0.28,1,0.95,1,0.93,0.96,0.98,0.63,0.56,0.87,1,0.98,1,0.95,0.83,1,0.75,0.89,1,0.96,0.99,0.91,0.52,1,-0.83,-0.83,-0.97,-0.87,0.71,1,1,1,1,1,0.88,0.24,0.14,-0.42,-0.63,0.98,0.06,0.99,0.71,0.8,1,0.99,1,1,1,1,1,1,1,0.98,1,1,1,1,0.99,1,1,1,1,1,1,1,0.97,0.96,1,0.99,0.97
"298-200-8",0.74,0.96,0.98,0.85,0.38,1,0.96,0.33,-0.93,0.98,0,1,0.78,0.98,1,0.75,1,1,0.56,1,0.19,1,0.48,0.75,1,0.4,1,1,1,0.95,-0.18,1,0.84,1,1,0.4,1,0.98,0.47,1,-0.22,0.95,0.98,1,0.59,0.58,1,1,1,1,0.74,0.99,0.99,0.37,1,1,1,0.93,1,0.88,1,0.87,1,0.98,0.92,1,0.84,0.46,-0.14,1,1,0.81,1,0.68,0.22,1,0.92,0.99,0.71,1,1,1,1,0.95,1,1,1,1,1,1,1,1,0.88,1,1,0.99,1,0.37,1,0.98,0.86,1,1,1,1,0.93,1,1,1,1,0.99,1,1,1,1,1,0.85,1,-0.29,1,0.95,0.56,0.99,0.99,0.95,0.98,0.95,0.99,1,0.34,0.95,-0.36,0.98,0.89,0.02,0.96,-0.25,0.99,1,1,1,0.5,1,0.49,0.88,-0.42,0.77,0.92
"298-40-8",0.07,0.11,-0.02,0.13,0.99,-0.94,-0.91,-0.51,0.89,-1,1,0,-1,0.82,0.94,1,1,0.8,1,1,1,1,0.93,1,1,1,1,0.94,1,1,1,1,0.99,1,1,1,1,0.99,1,1,1,1,1,1,0.99,1,1,1,1,1,1,0.99,1,1,1,1,1,1,1,1,1,1,1,0.97,1,0.95,1,1,0.85,0.59,0.99,1,0.94,1,0.97,0.95,1,0.64,1,0.99,1,0.98,0.97,1,0.77,0.39,0.94,1,0.99,1,1,0.93,1,0.85,0.92,1,0.97,1,0.95,0.55,1,-0.9,-0.9,-0.99,-0.62,0.78,1,1,1,1,1,0.85,0.49,0.25,-0.16,-0.59,0.88,-0.41,0.97,0.11,-0.06,1,0.96,0.99,1,1,1,1,1,1,0.97,1,1,1,1,0.99,1,0.99,1,1,1,1,1,1,0.95,1,0.93,0.96
"298-60-8",0.14,-0.45,0.08,-0.35,0.72,-0.81,-0.6,-0.3,0.63,-0.99,0.78,-1,0,0.93,0.97,1,0.99,0.96,0.86,1,1,0.99,0.58,1,1,0.99,1,0.98,1,1,0.95,1,0.98,1,1,0.97,1,0.99,1,1,0.96,0.97,0.98,1,0.77,1,1,1,1,1,1,0.95,0.99,0.98,1,0.99,1,0.96,1,0.99,1,0.97,1,0.84,0.96,0.97,0.98,1,0.45,0.91,0.99,0.99,0.99,0.89,0.74,0.95,0.99,0.87,1,1,1,1,1,0.99,0.92,0.82,0.99,1,0.98,1,1,0.92,1,0.87,0.91,1,0.95,0.93,0.92,0.68,1,-0.47,-0.3,-0.49,0.06,0.79,1,1,1,1,1,0.98,0.79,0.81,0,-0.19,0.55,-0.52,0.89,0.03,0.15,0.91,0.81,0.91,0.99,0.96,1,0.98,1,0.94,0.89,0.97,0.97,0.98,0.96,0.9,0.99,0.93,0.98,0.97,0.96,0.96,0.95,0.89,0.89,0.94,0.81,0.77
"300-100-8",0.91,0.84,1,0.92,0.99,0.94,0.86,0.96,0.99,0.64,0.98,0.82,0.93,0,0.35,0.81,-0.55,-1,-0.35,0.86,0.94,0.75,0.14,0.83,0.98,0.93,0.99,0.37,0.92,0.92,0.93,1,0.86,0.65,1,0.99,0.98,0.94,0.88,0.99,0.96,0.92,0.95,0.98,0.92,1,0.99,0.99,0.91,0.99,0.97,0.94,0.98,0.94,0.99,0.94,0.97,0.96,0.39,0.34,0.93,0.89,0.79,0.24,0.98,-0.08,0.4,0.98,0.49,0.29,0.38,0.99,0.55,1,0.89,0.75,1,0.51,1,0.55,0.94,0.46,0.84,0.81,0.86,0.79,0.54,0.87,0.97,0.99,0.65,0.73,1,0.59,0.71,0.99,0.95,0.98,0.72,0.42,0.96,0.92,0.82,0.66,0.8,0.95,0.59,0.85,0.87,0.99,1,0.89,0.55,0.96,0.92,0.77,1,0.99,1,1,1,1,1,1,1,1,1,1,1,1,1,1,1,1,1,1,1,1,1,1,1,1,1,1,1,1,1,1
"300-20-8",1,1,1,1,1,0.92,0.94,1,1,0.91,1,0.94,0.97,0.35,0,1,-0.87,0.15,1,-0.13,1,-0.05,-0.01,1,-0.37,1,-0.01,0.48,1,0.41,1,0.89,0.1,1,0.87,1,0.94,0.65,1,0.97,1,0.66,0.96,0.97,0.02,1,0.95,0.95,0.88,0.58,1,-0.3,0.82,1,0.9,0.86,0.9,1,1,1,0.63,1,0.96,0.78,1,0.61,1,1,0.98,-0.12,0.97,1,-0.34,1,1,-0.56,1,-0.58,1,-0.37,1,-0.47,-0.29,1,-0.02,-0.16,0.77,1,0.05,1,0.89,-0.05,1,0.03,-0.07,1,0.5,1,0.78,0.9,1,0.64,0.51,0.04,0.78,1,0,0.82,1,1,1,-0.18,0.55,0.99,0.78,0.59,1,0.99,1,1,1,1,1,1,1,1,1,1,1,1,1,1,1,1,1,1,1,1,1,1,1,1,1,1,1,1,1,1
"300-200-8",1,1,1,1,0.96,1,1,0.99,1,1,0.75,1,1,0.81,1,0,1,0.94,-0.22,1,-0.75,1,0.48,0.18,1,-1,1,0.99,1,0.99,-0.92,1,0.98,1,1,0.3,1,1,0.91,1,-0.18,0.98,0.99,1,0.73,0.49,1,1,1,1,-0.05,0.99,0.99,-0.81,1,1,1,0.15,1,0.31,1,-1,1,0.88,-0.39,0.97,0.4,0.64,-0.74,1,1,0.32,1,0.5,-0.61,1,0.53,1,0.03,1,0.93,1,1,0.86,1,1,1,1,1,0.96,1,1,0.54,1,1,0.86,1,-0.89,1,0.97,0.03,1,1,1,1,0.75,1,1,1,1,0.88,1,1,1,1,1,1,1,1,1,1,1,1,1,1,1,1,1,1,1,1,0.98,1,1,1,1,0.95,1,1,1,1,1,1,1,1,0.6,1,1
"300-40-8",1,1,1,1,1,1,1,1,1,0.98,1,1,0.99,-0.55,-0.87,1,0,-0.31,0.77,-0.99,1,-1,-0.93,1,-1,1,-1,-0.52,1,-0.71,1,-0.41,-1,0.99,-0.74,1,-0.3,-0.99,0.99,-0.38,0.99,-0.77,-0.63,-0.09,-0.85,1,-0.12,-0.06,-0.66,-0.62,1,-0.86,-0.2,0.99,-0.72,-0.89,-0.88,1,0.94,1,-0.56,1,-0.22,0.16,1,0.5,0.99,1,0.63,-0.28,0.97,1,0.06,1,0.97,0.21,1,-0.13,1,0.16,0.99,-0.06,-0.14,0.91,0.77,0.46,0.51,0.98,0.7,1,0.81,0.83,1,0.59,0.76,1,0.8,0.99,0.71,0.87,1,0.91,0.95,0.78,0.86,0.99,-0.81,-0.38,1,1,1,0.44,0.86,1,1,0.98,1,1,1,1,1,1,1,1,1,1,1,1,1,1,1,1,1,1,1,1,1,1,1,1,1,1,1,1,1,1,1,1
"300-60-8",0.91,0.85,1,0.96,1,0.91,0.82,0.95,1,0.57,1,0.8,0.96,-1,0.15,0.94,-0.31,0,-0.35,0.86,0.98,0.87,0.23,0.92,0.98,0.99,0.98,0.27,0.94,0.94,0.99,1,0.84,0.64,1,0.99,0.99,0.92,0.9,1,0.98,0.94,0.96,0.99,0.97,1,1,1,0.93,0.99,1,0.98,0.99,0.99,0.99,0.97,0.98,1,0.3,0.65,0.95,0.98,0.83,0.2,0.98,-0.02,0.72,0.97,0.36,0.11,0.29,0.99,0.62,1,0.88,0.78,1,0.49,1,0.54,0.95,0.47,0.87,0.86,0.9,0.87,0.65,0.86,0.98,1,0.74,0.69,1,0.63,0.78,0.98,0.97,0.99,0.66,0.3,0.96,0.83,0.74,0.71,0.74,0.94,0.63,0.94,0.86,0.99,1,0.92,0.52,0.95,0.87,0.75,1,0.98,1,1,1,1,1,1,1,1,1,1,1,1,1,1,1,1,1,1,1,1,1,1,1,1,1,1,1,1,1,1
"302-100-8",1,1,1,0.93,0.68,1,1,1,1,0.99,0.56,1,0.86,-0.35,1,-0.22,0.77,-0.35,0,0.99,-0.54,0.89,-0.75,-1,1,-0.03,1,0.56,0.16,0.96,-0.1,1,0.95,0.38,0.99,0.54,1,0.96,0.04,0.99,0.05,0.95,0.84,0.99,0.44,0.52,0.98,1,0.93,0.98,-0.18,0.87,0.71,0.15,0.99,0.95,0.98,-0.02,-0.5,-0.39,0.99,-0.09,0.89,-0.35,0.7,0.29,-0.14,0.51,0.45,0.5,0.56,0.84,0.98,0.65,0.01,0.99,0.92,0.9,0.89,1,0.84,1,0.98,0.48,1,1,0.9,0.86,1,0.89,0.97,0.99,0.9,0.93,0.98,0.51,0.95,0.73,0.1,0.67,0.26,1,0.99,0.97,0.97,0.9,0.94,0.94,0.8,0.65,0.44,0.93,0.96,1,1,0.99,0.99,1,1,1,1,1,1,1,1,1,1,1,1,1,1,0.92,1,1,0.99,0.99,0.89,1,1,1,1,1,1,0.98,1,0.44,1,1
"302-20-8",1,1,1,1,1,1,1,1,1,1,1,1,1,0.86,-0.13,1,-0.99,0.86,0.99,0,1,-1,-0.17,1,-1,1,-1,0.35,1,-0.96,1,-0.99,-1,1,-1,0.98,-0.99,-0.99,0.96,-0.97,0.99,-0.92,-0.89,-0.82,-0.93,1,-0.89,-0.77,-0.93,-0.93,1,-0.97,-0.4,0.99,-0.89,-0.95,-0.96,1,1,1,-0.69,1,-0.34,0.91,0.98,0.97,1,1,0.45,0.53,1,0.99,0.79,0.99,0.96,0.85,1,0.67,1,0.85,1,0.68,0.82,0.98,0.96,0.74,0.98,1,0.73,1,0.98,0.92,1,0.87,0.95,1,0.76,0.97,0.99,0.97,1,1,1,1,1,1,-0.74,-0.94,1,1,1,0.64,1,1,1,1,1,1,1,1,1,1,1,1,1,1,1,1,1,1,1,1,1,1,1,1,1,1,1,1,1,1,1,1,1,1,1,1
"302-200-8",1,1,1,1,0.98,1,1,1,1,1,0.19,1,1,0.94,1,-0.75,1,0.98,-0.54,1,0,1,0.24,-0.98,1,-0.95,1,0.99,0.99,0.97,-0.82,1,0.96,1,1,-0.57,1,1,0.64,1,-0.56,0.99,0.98,1,0.81,0.03,0.98,1,1,1,-0.41,1,1,-0.65,1,1,1,-0.25,1,0.47,1,0.01,1,0.95,-0.56,0.99,0.76,0,-0.79,1,1,-0.16,1,0.55,-0.67,1,-0.08,1,-0.6,1,0.77,1,1,0.82,1,1,1,1,1,0.85,1,1,-0.06,1,1,0.75,1,-0.92,1,0.99,-0.02,1,1,1,1,0.92,1,1,1,0.98,0.73,1,1,1,1,1,1,1,1,1,1,1,1,1,1,1,1,1,1,1,1,0.98,1,1,1,1,0.59,1,1,1,1,1,1,0.99,1,0.21,1,1
"302-40-8",1,1,1,1,1,1,1,1,1,1,1,1,0.99,0.75,-0.05,1,-1,0.87,0.89,-1,1,0,-0.68,1,-1,1,-1,0.04,1,-0.95,0.98,-0.86,-1,1,-0.98,0.97,-0.91,-0.98,0.97,-0.89,0.93,-0.99,-0.94,-0.21,-0.95,1,-0.65,-0.44,-0.92,-0.93,1,-0.95,-0.48,0.99,-0.92,-0.98,-0.92,1,1,1,-0.46,1,0.24,0.7,0.99,0.96,1,1,0.48,0.54,1,0.99,0.86,0.98,0.93,0.89,1,0.77,1,0.96,1,0.9,0.88,0.96,0.96,0.79,0.94,1,0.89,1,0.99,0.9,1,0.85,0.93,0.99,0.66,0.96,0.93,0.96,1,1,1,0.99,1,1,-0.16,-0.62,1,1,1,0.68,1,1,1,1,1,1,1,1,1,1,1,1,1,1,1,1,1,1,1,1,1,1,1,1,1,1,1,1,1,1,1,1,1,1,1,1
"302-60-8",0.99,0.98,1,0.84,0.51,1,0.99,0.98,0.99,0.78,0.48,0.93,0.58,0.14,-0.01,0.48,-0.93,0.23,-0.75,-0.17,0.24,-0.68,0,0.05,0.07,-0.05,0.5,-0.98,0.92,0.62,-0.14,0.91,0.04,0.52,0.9,0.85,0.9,0.5,0.84,0.91,0.59,0.69,0.46,0.17,-0.45,0.86,0.73,0.9,0.05,0.75,0.58,0.21,0.08,0.35,0.63,0.26,0.65,0.11,-0.57,0.47,0.54,-0.06,0.26,-0.4,0.89,-0.07,0.52,0.89,0.16,-0.49,0.46,0.95,0.61,0.58,0.48,0.59,0.88,0.07,0.99,0.31,0.98,0.34,0.35,0.85,0.1,0.25,0.48,0.66,0.16,0.99,0.39,-0.19,1,-0.37,-0.08,0.88,-0.16,0.75,-0.17,0.54,0.91,0.93,0.89,0.84,0.91,0.88,0.07,-0.36,0.98,0.99,0.61,-0.04,0.54,0.98,0.96,0.88,0.95,1,1,1,1,1,1,1,1,1,1,1,1,1,1,0.93,1,1,0.98,0.98,0.93,1,1,1,1,1,1,0.98,0.99,0.42,0.99,0.97
"304-100-8",1,1,1,1,1,1,1,1,1,1,0.75,1,1,0.83,1,0.18,1,0.92,-1,1,-0.98,1,0.05,0,1,-0.53,1,0.93,0.9,1,-0.7,1,0.99,1,1,0.54,1,1,-0.39,1,-0.05,1,1,1,0.95,0.48,1,1,1,1,0.21,1,1,-0.32,1,1,1,0.39,0.99,0.63,1,0.52,1,0.49,0.76,0.87,0.59,0.76,-0.28,0.9,1,0.86,1,0.92,0.04,1,0.92,1,0.51,1,0.75,1,1,0.61,1,1,1,1,1,0.96,1,1,0.82,1,1,0.62,1,0.4,0.96,0.99,-0.08,1,1,1,1,0.99,1,1,1,0.98,0.97,1,1,1,1,1,1,1,1,1,1,1,1,1,1,1,1,1,1,1,1,1,1,1,1,1,0.94,1,1,1,1,1,1,1,1,0.73,1,1
"304-20-8",1,1,1,1,1,1,1,1,1,1,1,1,1,0.98,-0.37,1,-1,0.98,1,-1,1,-1,0.07,1,0,1,-1,0.42,1,-0.86,1,-0.98,-0.99,1,-0.9,1,-0.96,-0.88,1,-0.93,1,-0.74,-0.7,-0.89,-0.85,1,-0.97,-0.85,-0.79,-0.88,1,-0.9,-0.51,1,-0.81,-0.55,-0.74,1,1,1,-0.83,1,0.1,0.99,1,0.99,1,1,0.61,0.85,1,1,0.96,0.99,0.98,0.96,1,0.93,1,0.57,1,0.4,0.92,1,0.89,0.87,0.99,1,-0.04,1,0.96,0.8,1,0.68,0.87,1,0.72,0.99,0.99,0.99,1,1,1,0.99,1,1,-0.54,-0.8,1,1,1,0.82,1,1,1,1,1,1,1,1,1,1,1,1,1,1,1,1,1,1,1,1,1,1,1,1,1,1,1,1,1,1,1,1,1,1,1,1
"304-200-8",1,1,1,0.99,0.79,1,1,1,1,1,0.4,1,0.99,0.93,1,-1,1,0.99,-0.03,1,-0.95,1,-0.05,-0.53,1,0,1,0.99,1,0.99,-1,1,0.87,1,1,-0.52,1,0.99,0.93,1,-0.57,0.99,0.99,1,0.25,-0.33,1,1,1,1,-0.84,0.98,0.83,-0.99,1,1,1,-0.98,0.95,-0.47,1,-1,1,0.92,0.08,0.99,-0.35,0.51,-0.65,1,1,0.27,1,-0.4,-0.34,1,-0.01,0.98,0.1,1,0.97,1,1,0.85,1,1,1,1,1,0.84,1,1,0.56,1,1,0.63,1,-0.94,1,0.98,0.31,1,1,1,1,0.53,1,0.98,1,0.98,-0.19,1,1,1,1,1,1,1,1,1,1,1,1,1,1,1,1,1,1,1,1,0.96,1,1,0.99,1,0.8,1,1,1,1,1,1,0.98,1,0.13,1,1
"304-40-8",1,1,1,1,1,1,1,1,1,1,1,1,1,0.99,-0.01,1,-1,0.98,1,-1,1,-1,0.5,1,-1,1,0,0.58,1,-0.79,1,-0.98,-0.99,1,-0.88,1,-0.95,-0.94,1,-0.89,1,-0.56,-0.38,-0.69,-0.67,1,-0.9,-0.64,-0.52,-0.82,1,-0.86,0.15,1,-0.61,-0.46,-0.58,1,1,1,-0.78,1,0.48,1,1,0.99,1,1,0.85,0.79,1,1,0.96,1,1,0.97,1,0.93,1,0.79,1,0.63,0.94,0.99,0.94,0.86,0.98,1,0.14,1,0.98,0.82,1,0.7,0.89,1,0.77,1,0.98,1,1,1,0.99,0.95,0.99,1,-0.38,-0.44,1,1,1,0.77,1,1,1,1,1,1,1,1,1,1,1,1,1,1,1,1,1,1,1,1,1,1,1,1,1,1,1,1,1,1,1,1,1,1,1,1
"304-70-8",1,1,1,1,1,1,1,1,1,0.82,1,0.94,0.98,0.37,0.48,0.99,-0.52,0.27,0.56,0.35,0.99,0.04,-0.98,0.93,0.42,0.99,0.58,0,0.97,0.64,0.98,0.92,0.32,0.78,0.95,1,0.93,0.39,0.84,0.94,0.99,0.58,0.63,0.6,0.68,1,0.9,0.93,0.37,0.91,1,0.65,0.9,1,0.91,0.73,0.93,0.98,0.65,0.98,0.91,0.99,0.73,0.18,0.98,0.34,0.98,1,0.48,-0.19,0.8,1,0.8,0.99,0.92,0.85,1,0.51,1,0.66,1,0.56,0.84,0.92,0.82,0.83,0.56,0.87,0.67,1,0.6,0.37,1,0.05,0.37,0.99,0.57,0.99,0.12,0.87,1,0.89,0.83,0.73,0.84,0.97,0.82,0.95,1,1,1,0.33,0.68,0.99,0.95,0.87,1,1,1,1,1,1,1,1,1,1,1,1,1,1,1,1,1,1,1,1,1,1,1,1,1,1,1,1,1,0.94,1,0.99
"306-100-8",1,1,1,1,1,1,1,1,1,1,1,1,1,0.92,1,1,1,0.94,0.16,1,0.99,1,0.92,0.9,1,1,1,0.97,0,0.95,0.95,1,0.52,-0.86,1,0.61,1,0.97,-0.99,1,0.38,0.88,0.98,1,0.91,0.84,1,1,0.99,0.99,0.99,0.95,1,0.96,1,0.99,1,0.99,0.91,0.99,1,1,1,-0.16,0.87,0.71,0.97,0.99,-0.36,0.81,0.95,0.97,1,0.99,0.87,1,1,0.98,0.74,1,0.85,1,1,0.72,1,1,1,1,1,1,1,1,1,1,1,0.93,1,0.89,0.9,0.99,0.95,1,1,1,1,1,1,1,1,1,1,1,1,1,1,1,1,1,1,1,1,1,1,1,1,1,1,1,1,1,1,1,1,1,1,1,1,1,1,1,1,1,1,1,1,0.99,1,1
"306-20-8",1,1,1,1,1,1,1,1,1,1,0.95,1,1,0.92,0.41,0.99,-0.71,0.94,0.96,-0.96,0.97,-0.95,0.62,1,-0.86,0.99,-0.79,0.64,0.95,0,0.82,-1,-1,0.94,-1,0.97,-1,-0.96,0.61,-0.99,0.94,-1,-0.81,-0.33,-0.93,0.96,-1,-0.84,-0.7,-0.99,0.98,-0.95,-0.81,0.98,-0.83,-0.47,-0.95,0.9,1,0.9,-1,0.98,0.11,0.91,0.96,0.96,0.99,0.99,0.5,0.7,1,0.96,0.95,0.97,0.94,0.91,0.99,0.83,0.94,0.78,0.98,0.65,0.94,0.93,0.99,0.98,1,1,0.93,1,0.99,0.99,1,0.99,1,1,1,0.95,1,0.99,1,1,1,1,1,1,-0.79,-0.85,1,1,1,1,1,1,1,1,1,1,1,1,1,1,1,1,1,1,1,1,1,1,1,0.99,1,1,1,0.96,0.96,1,1,1,1,1,1,0.99,0.99,0.8,1,0.99
"306-200-8",1,1,1,0.98,0.8,1,1,1,1,1,-0.18,1,0.95,0.93,1,-0.92,1,0.99,-0.1,1,-0.82,0.98,-0.14,-0.7,1,-1,1,0.98,0.95,0.82,0,1,0.73,0.99,0.99,-0.67,0.97,0.91,0.49,1,-0.97,0.71,0.88,1,-0.03,-0.9,0.95,0.98,0.98,0.99,-0.95,0.95,0.56,-1,1,0.99,0.99,-1,0.9,-0.67,1,-0.99,1,0.8,-0.14,0.99,-0.38,0.2,-0.72,1,1,0.06,1,-0.78,-0.33,1,-0.27,0.95,-0.69,1,0.89,1,1,0.73,1,1,1,1,1,0.6,1,1,0.17,1,1,0.2,0.99,-0.96,1,0.92,0.48,1,1,1,1,0.3,1,0.95,1,0.99,0.04,1,1,1,1,1,0.99,1,1,1,1,1,1,1,1,1,1,1,1,0.98,1,0.78,1,1,0.95,0.97,0.06,0.99,1,1,1,0.98,1,0.83,1,-0.49,1,0.99
"306-40-8",1,1,1,1,1,1,1,1,1,1,1,1,1,1,0.89,1,-0.41,1,1,-0.99,1,-0.86,0.91,1,-0.98,1,-0.98,0.92,1,-1,1,0,-1,1,-1,1,-1,-1,0.99,-1,1,-1,-0.96,-1,-0.95,1,-0.78,-0.99,-1,-1,1,-1,-0.87,1,-1,-0.98,-1,1,1,1,-0.94,1,-0.77,0.97,1,1,1,1,0.9,0.83,1,1,0.95,1,1,0.98,1,0.98,1,0.99,1,0.97,0.97,1,1,1,1,1,1,1,1,1,1,1,1,1,1,1,1,1,1,1,1,1,1,1,-0.04,-0.47,1,1,1,1,1,1,1,1,1,1,1,1,1,1,1,1,1,1,1,1,1,1,1,1,1,1,1,1,1,1,1,1,1,1,1,1,1,1,1,1
"306-60-8",0.95,1,1,1,1,1,0.99,1,0.99,0.81,0.84,0.99,0.98,0.86,0.1,0.98,-1,0.84,0.95,-1,0.96,-1,0.04,0.99,-0.99,0.87,-0.99,0.32,0.52,-1,0.73,-1,0,0.03,-1,0.82,-1,-1,0.62,-1,0.82,-1,-1,-1,-0.95,0.95,-1,-1,-1,-1,0.93,-0.99,-0.99,0.95,-1,-1,-1,0.89,0.84,0.71,-1,0.88,-1,0.87,0.92,0.9,0.89,0.91,0.11,0.66,0.98,0.85,0.93,0.96,0.85,0.84,1,0.5,0.92,-0.65,0.94,-0.63,0.39,0.68,0.83,0.82,0.95,1,-0.06,1,0.73,0.83,0.98,0.89,0.97,0.96,0.96,0.87,0.99,0.93,0.98,1,1,1,1,1,-1,-1,1,1,0.98,0.98,0.99,1,1,1,1,1,1,1,1,1,1,1,1,1,1,1,1,1,0.99,0.98,1,1,0.99,0.89,0.92,0.99,1,1,1,0.97,1,0.88,0.93,0.9,1,0.94
"307-100-8",1,1,1,1,1,1,1,1,1,1,1,1,1,0.65,1,1,0.99,0.64,0.38,1,1,1,0.52,1,1,1,1,0.78,-0.86,0.94,0.99,1,0.03,0,0.99,0.93,0.99,0.74,-0.93,1,0.91,0.81,0.91,0.99,0.7,0.96,0.98,0.99,0.92,0.97,1,0.79,0.98,0.99,0.98,0.94,0.99,1,0.65,0.99,1,1,0.88,-0.53,0.96,0.47,0.98,1,-0.1,0.53,0.88,0.98,1,0.99,0.93,1,1,0.85,0.99,1,0.96,1,0.99,0.89,1,1,0.97,0.99,1,1,1,1,1,1,1,0.98,1,0.97,0.78,0.97,0.99,1,1,1,1,1,0.99,1,1,1,1,0.99,1,1,1,1,1,1,1,1,1,1,1,1,1,1,1,1,1,1,1,1,1,1,1,1,1,1,1,1,1,1,1,1,1,1,1,1
"307-20-8",1,1,1,1,1,1,1,1,1,1,1,1,1,1,0.87,1,-0.74,1,0.99,-1,1,-0.98,0.9,1,-0.9,1,-0.88,0.95,1,-1,0.99,-1,-1,0.99,0,1,-1,-1,0.88,-1,1,-0.99,-0.98,-0.97,-0.98,1,-1,-0.97,-0.98,-1,1,-1,-0.81,1,-1,-0.93,-1,1,1,1,-1,1,-0.54,0.98,1,1,1,1,0.72,0.86,1,1,1,0.99,0.99,0.99,1,0.97,1,0.97,1,0.94,0.99,0.99,1,1,1,1,1,1,1,1,1,1,1,1,1,0.99,1,1,1,1,1,1,1,1,-0.99,-1,1,1,1,1,1,1,1,1,1,1,1,1,1,1,1,1,1,1,1,1,1,1,1,1,1,1,1,1,1,1,1,1,1,1,1,1,1,0.99,1,1
"307-200-8",1,1,1,1,0.98,1,1,1,1,0.98,0.4,1,0.97,0.99,1,0.3,1,0.99,0.54,0.98,-0.57,0.97,0.85,0.54,1,-0.52,1,1,0.61,0.97,-0.67,1,0.82,0.93,1,0,0.99,0.96,0.38,0.99,-1,0.95,0.93,0.99,0.69,-1,0.95,0.98,0.97,0.99,-0.68,0.97,0.98,-0.83,1,0.99,1,-0.24,0.99,0.39,1,-0.21,1,0.97,-0.06,1,0.78,-0.15,-0.75,1,1,0,1,0.32,0.28,1,0.32,0.99,-0.32,1,0.78,1,1,0.77,1,1,1,1,1,0.97,1,1,0.68,1,1,0.93,1,-0.56,1,0.99,0.87,1,1,1,1,0.95,1,1,0.99,0.72,0.56,1,1,1,1,1,1,1,1,1,1,1,1,1,1,1,1,1,1,1,1,0.7,1,1,0.97,0.98,0.67,1,1,1,1,0.98,1,0.5,0.99,0.59,1,0.98
"307-40-8",1,1,1,1,1,1,1,1,1,1,1,1,1,0.98,0.94,1,-0.3,0.99,1,-0.99,1,-0.91,0.9,1,-0.96,1,-0.95,0.93,1,-1,0.97,-1,-1,0.99,-1,0.99,0,-1,0.8,-1,0.98,-1,-1,-0.96,-0.99,0.99,-1,-1,-1,-1,1,-1,-0.88,1,-1,-0.99,-1,1,1,1,-0.92,1,-0.61,0.93,0.99,0.99,1,1,0.4,0.82,1,0.99,0.99,1,0.99,0.98,1,0.88,0.97,0.99,1,0.96,0.97,0.95,1,1,1,1,1,1,1,1,1,1,1,1,1,0.96,1,1,1,1,1,1,1,1,-0.76,-0.64,1,1,1,1,1,1,1,1,1,1,1,1,1,1,1,1,1,1,1,1,1,1,1,1,1,1,1,1,1,1,1,1,1,1,1,1,1,0.99,1,1
"307-60-8",0.99,1,1,1,1,1,1,1,1,0.97,0.98,0.99,0.99,0.94,0.65,1,-0.99,0.92,0.96,-0.99,1,-0.98,0.5,1,-0.88,0.99,-0.94,0.39,0.97,-0.96,0.91,-1,-1,0.74,-1,0.96,-1,0,0.88,-1,0.95,-0.99,-1,-1,-0.92,0.98,-1,-1,-1,-0.96,0.99,-0.93,-0.71,0.99,-1,-1,-1,0.98,0.95,0.97,-1,0.99,-0.99,0.86,0.95,0.82,0.98,0.99,0.5,0.31,1,0.94,0.93,0.98,0.87,0.9,1,0.56,0.98,0.32,0.98,0.52,0.85,0.9,0.98,0.95,0.99,1,0.79,1,0.99,0.98,1,0.97,0.99,1,0.99,0.96,0.99,0.94,1,0.99,0.99,0.95,0.99,1,-0.99,-1,1,1,1,1,0.99,1,1,0.99,1,1,1,1,1,1,1,1,1,1,1,1,1,1,1,1,1,1,1,0.98,0.99,1,1,1,1,1,1,0.99,1,0.97,1,0.99
"310-100-8",1,1,1,1,1,1,1,1,1,0.99,0.47,1,1,0.88,1,0.91,0.99,0.9,0.04,0.96,0.64,0.97,0.84,-0.39,1,0.93,1,0.84,-0.99,0.61,0.49,0.99,0.62,-0.93,0.88,0.38,0.8,0.88,0,0.95,-0.21,0.71,0.69,0.98,0.85,-0.09,0.64,0.91,0.83,0.97,0.25,0.96,0.99,0.55,0.99,0.98,0.98,0.33,0.56,0.63,1,0.68,0.96,0,0.65,0.85,0.77,0.78,-0.67,0.83,0.82,0.7,1,0.8,0.66,1,0.93,0.98,0.48,1,0.73,1,1,0.59,1,1,0.99,0.98,1,0.99,0.98,1,0.73,0.99,1,0.8,1,0.57,0.93,0.94,0.87,1,1,1,1,0.99,0.99,0.98,0.91,0.99,0.98,1,0.99,1,1,1,1,1,1,1,1,1,1,1,1,1,1,1,1,1,1,0.87,1,1,0.99,0.93,0.7,1,1,1,1,1,1,0.96,0.98,0.54,1,0.99
"310-20-8",1,1,1,1,1,1,1,1,1,1,1,1,1,0.99,0.97,1,-0.38,1,0.99,-0.97,1,-0.89,0.91,1,-0.93,1,-0.89,0.94,1,-0.99,1,-1,-1,1,-1,0.99,-1,-1,0.95,0,0.98,-1,-1,-0.99,-1,1,-1,-1,-1,-1,1,-1,-0.81,0.99,-1,-0.99,-1,1,1,1,-0.94,1,-0.61,0.89,0.97,0.99,1,1,0.4,0.87,1,0.99,0.99,0.99,0.95,0.99,1,0.95,0.99,0.97,1,0.95,0.97,0.95,1,1,1,1,0.98,1,1,1,1,0.99,1,1,0.99,0.95,1,1,1,1,1,1,1,1,-0.86,-0.93,1,1,1,1,1,1,1,1,1,1,1,1,1,1,1,1,1,1,1,1,1,1,1,1,1,1,1,1,1,1,1,1,1,1,1,1,1,1,1,1
"310-200-8",1,1,1,1,0.95,1,1,1,1,0.99,-0.22,1,0.96,0.96,1,-0.18,0.99,0.98,0.05,0.99,-0.56,0.93,0.59,-0.05,1,-0.57,1,0.99,0.38,0.94,-0.97,1,0.82,0.91,1,-1,0.98,0.95,-0.21,0.98,0,0.78,0.78,0.99,0.55,-0.99,0.87,0.95,0.91,0.99,-0.87,0.97,0.93,-0.95,0.99,0.99,0.99,-0.85,0.9,0.03,1,-0.63,1,0.87,0.02,0.99,0.17,0.13,-0.86,1,1,0.25,1,0.03,-0.03,1,0.28,0.99,-0.58,1,0.76,1,1,0.63,1,1,1,1,1,0.91,1,1,0.53,1,1,0.84,1,-0.66,1,0.98,0.79,1,1,1,1,0.92,1,0.98,0.99,0.83,0.49,1,1,1,1,1,1,1,1,1,1,1,1,1,1,1,1,1,1,0.99,1,0.41,1,1,0.97,0.96,0.38,0.99,1,1,1,0.98,1,0.47,0.99,0.39,1,0.99
"310-40-8",0.99,1,1,1,1,1,1,1,1,0.97,0.95,1,0.97,0.92,0.66,0.98,-0.77,0.94,0.95,-0.92,0.99,-0.99,0.69,1,-0.74,0.99,-0.56,0.58,0.88,-1,0.71,-1,-1,0.81,-0.99,0.95,-1,-0.99,0.71,-1,0.78,0,-1,-0.98,-0.98,0.95,-1,-1,-1,-1,0.96,-1,-0.87,0.98,-1,-0.97,-0.99,0.78,0.97,0.88,-0.95,0.95,-0.62,0.85,0.89,0.92,0.96,0.98,0.08,0.74,1,0.89,0.99,0.97,0.86,0.92,1,0.76,0.84,0.48,0.94,0.38,0.9,0.79,0.94,0.95,0.98,1,0.59,1,0.95,0.9,0.99,0.91,0.94,0.98,0.95,0.85,0.98,0.96,0.99,1,1,0.98,0.98,1,-0.59,-0.83,1,1,0.99,0.99,0.99,1,1,1,1,1,1,1,1,1,0.99,1,1,1,1,1,1,1,1,0.99,1,1,0.99,0.94,0.93,0.99,1,1,1,0.99,1,0.96,0.98,0.88,1,0.99
"310-60-8",1,1,1,1,1,1,1,1,1,1,0.98,1,0.98,0.95,0.96,0.99,-0.63,0.96,0.84,-0.89,0.98,-0.94,0.46,1,-0.7,0.99,-0.38,0.63,0.98,-0.81,0.88,-0.96,-1,0.91,-0.98,0.93,-1,-1,0.69,-1,0.78,-1,0,-1,-0.99,0.95,-1,-0.92,-1,-0.85,0.99,-0.98,-0.53,0.97,-0.99,-1,-0.98,0.72,0.96,0.96,-0.83,0.96,-0.9,0.3,0.92,0.81,0.99,0.98,0.09,0.56,1,0.88,0.99,0.93,0.73,0.96,0.97,0.72,0.89,0.92,0.95,0.88,0.93,0.75,0.99,0.99,0.99,1,0.93,1,0.99,0.99,0.99,0.99,0.99,0.98,0.99,0.84,0.98,0.97,0.98,1,1,0.99,1,0.99,-0.62,-0.82,1,1,0.99,1,0.99,1,1,1,1,1,1,1,1,1,1,1,1,1,1,1,1,1,1,0.99,1,1,1,0.99,0.94,1,1,1,1,1,1,0.99,1,0.84,1,1
"311-100-8",1,1,1,1,1,1,1,1,1,1,1,1,1,0.98,0.97,1,-0.09,0.99,0.99,-0.82,1,-0.21,0.17,1,-0.89,1,-0.69,0.6,1,-0.33,1,-1,-1,0.99,-0.97,0.99,-0.96,-1,0.98,-0.99,0.99,-0.98,-1,0,-1,1,-0.86,-0.91,-1,-0.95,1,-1,-0.54,1,-1,-1,-0.98,1,0.99,1,0.06,1,-0.9,0.65,0.99,0.95,1,1,0.82,0.76,1,1,0.99,0.98,0.96,0.98,1,0.73,1,0.99,1,0.98,0.95,0.95,1,1,0.99,1,1,1,1,1,1,1,1,1,1,0.97,0.99,1,1,1,1,0.99,1,1,-0.73,0.13,1,1,1,0.99,1,1,1,1,1,1,1,1,1,1,1,1,1,1,1,1,1,1,1,1,1,1,1,1,1,1,1,1,1,1,1,1,1,1,1,1
"311-20-8",0.99,0.99,1,0.99,0.92,1,1,0.97,0.99,0.99,0.59,0.99,0.77,0.92,0.02,0.73,-0.85,0.97,0.44,-0.93,0.81,-0.95,-0.45,0.95,-0.85,0.25,-0.67,0.68,0.91,-0.93,-0.03,-0.95,-0.95,0.7,-0.98,0.69,-0.99,-0.92,0.85,-1,0.55,-0.98,-0.99,-1,0,0.52,-1,-1,-0.99,-1,0.57,-1,-1,0.2,-1,-0.96,-0.99,0.13,0.19,0.16,-0.98,-0.13,-0.77,0.48,0.74,0.91,0.41,0.63,0.12,0.69,0.96,0.77,0.94,-0.43,0.25,0.89,0.34,0.75,0.67,-0.53,0.95,-0.33,0.35,0.8,0.45,0.7,0.97,0.91,-0.15,0.89,0.89,0.8,0.93,0.81,0.9,0.83,0.42,-0.04,0.97,0.78,0.63,0.99,0.99,0.98,0.99,0.71,-0.95,-1,1,0.95,0.1,0.94,0.96,1,1,0.99,1,1,1,1,1,1,1,1,1,1,1,1,1,0.93,0.99,0.66,1,1,0.82,0.92,0.67,0.97,1,1,1,0.99,1,0.73,0.98,0.13,0.92,0.89
"311-200-8",1,1,1,1,1,1,1,1,1,1,0.58,1,1,1,1,0.49,1,1,0.52,1,0.03,1,0.86,0.48,1,-0.33,1,1,0.84,0.96,-0.9,1,0.95,0.96,1,-1,0.99,0.98,-0.09,1,-0.99,0.95,0.95,1,0.52,0,0.96,1,0.99,1,-0.94,0.99,0.89,-0.97,1,1,1,-0.9,0.94,0.07,1,-0.7,1,0.91,0.42,1,0.63,0.31,-0.77,1,1,0.25,1,-0.31,0.27,1,0.2,0.99,-0.56,1,0.88,1,1,0.84,1,1,1,1,1,0.87,1,1,0.55,1,1,0.71,1,-0.52,1,0.99,0.86,1,1,1,1,0.92,1,0.96,1,0.77,0.36,1,1,1,1,1,1,1,1,1,1,1,1,1,1,1,1,1,1,1,1,0.94,1,1,0.99,1,0.22,1,1,1,1,1,1,0.96,1,-0.14,1,1
"311-40-8",1,1,1,1,1,1,1,1,1,1,1,1,1,0.99,0.95,1,-0.12,1,0.98,-0.89,0.98,-0.65,0.73,1,-0.97,1,-0.9,0.9,1,-1,0.95,-0.78,-1,0.98,-1,0.95,-1,-1,0.64,-1,0.87,-1,-1,-0.86,-1,0.96,0,-1,-0.98,-1,1,-1,-0.83,0.99,-1,-0.99,-1,1,1,1,-0.26,1,-0.11,0.88,0.96,0.98,1,0.99,0.47,0.85,1,0.94,0.97,0.98,0.95,0.95,0.99,0.68,0.76,0.98,0.99,0.92,0.9,0.9,1,0.97,1,1,0.99,1,1,0.99,0.99,0.98,0.99,1,0.97,0.92,1,1,1,1,1,0.99,1,1,0.69,0.24,1,1,1,0.99,1,1,1,1,1,1,1,1,1,1,1,1,1,1,1,1,1,1,1,1,1,1,1,1,1,1,1,1,1,1,1,1,1,0.96,1,1
"311-60-8",1,1,1,1,1,1,1,1,1,1,1,1,1,0.99,0.95,1,-0.06,1,1,-0.77,1,-0.44,0.9,1,-0.85,1,-0.64,0.93,1,-0.84,0.98,-0.99,-1,0.99,-0.97,0.98,-1,-1,0.91,-1,0.95,-1,-0.92,-0.91,-1,1,-1,0,-0.84,-1,1,-1,-0.55,0.99,-1,-0.85,-0.89,0.99,1,0.99,-0.58,1,0.16,0.96,0.98,0.99,1,0.98,0.38,0.88,1,0.88,0.99,0.99,0.98,0.98,1,0.88,0.92,0.96,1,0.92,0.97,0.95,1,0.99,1,1,0.99,1,1,0.99,1,0.99,1,1,0.99,0.94,1,1,1,1,1,1,1,1,0.3,-0.1,1,1,1,1,1,1,1,1,1,1,1,1,1,1,1,1,1,1,1,1,1,1,1,1,1,1,1,1,1,1,1,1,1,1,1,1,1,1,1,1
"312-100-8",1,1,1,1,1,1,1,1,1,1,1,1,1,0.91,0.88,1,-0.66,0.93,0.93,-0.93,1,-0.92,0.05,1,-0.79,1,-0.52,0.37,0.99,-0.7,0.98,-1,-1,0.92,-0.98,0.97,-1,-1,0.83,-1,0.91,-1,-1,-1,-0.99,0.99,-0.98,-0.84,0,-0.91,1,-1,-0.63,0.99,-1,-1,-0.98,0.99,0.98,1,-0.74,0.99,-1,0.06,0.94,0.71,1,1,0,0.62,0.99,0.98,0.97,0.98,0.74,0.92,1,0.63,0.97,0.92,0.98,0.89,0.85,0.85,0.99,0.98,0.97,1,0.95,1,0.99,0.99,1,0.97,0.98,0.99,0.99,0.89,0.96,0.97,0.99,1,1,0.99,0.99,1,-0.96,-0.76,1,1,1,0.99,0.98,1,1,1,1,1,1,1,1,1,1,1,1,1,1,1,1,1,1,1,1,1,1,1,1,1,1,1,1,1,1,1,1,1,1,1
"312-20-8",1,1,1,1,1,1,1,1,1,1,1,1,1,0.99,0.58,1,-0.62,0.99,0.98,-0.93,1,-0.93,0.75,1,-0.88,1,-0.82,0.91,0.99,-0.99,0.99,-1,-1,0.97,-1,0.99,-1,-0.96,0.97,-1,0.99,-1,-0.85,-0.95,-1,1,-1,-1,-0.91,0,1,-1,-0.92,1,-1,-0.73,-0.97,1,1,1,-0.99,1,-0.28,0.9,0.98,0.98,1,1,0.41,0.73,1,0.99,0.96,0.99,0.97,0.89,1,0.84,1,0.76,1,0.66,0.93,0.99,0.93,0.89,1,1,0.87,1,1,0.97,1,0.96,0.99,1,0.98,0.97,1,0.99,1,1,1,0.99,1,1,-0.9,-0.93,1,1,1,0.99,1,1,1,1,1,1,1,1,1,1,1,1,1,1,1,1,1,1,1,1,1,1,1,0.99,1,1,1,1,1,1,1,1,1,0.99,1,1
"312-200-8",1,1,1,1,1,1,1,1,1,1,0.74,1,1,0.97,1,-0.05,1,1,-0.18,1,-0.41,1,0.58,0.21,1,-0.84,1,1,0.99,0.98,-0.95,1,0.93,1,1,-0.68,1,0.99,0.25,1,-0.87,0.96,0.99,1,0.57,-0.94,1,1,1,1,0,0.99,0.49,-1,1,1,1,-1,0.91,-0.67,1,-0.99,1,0.96,-0.96,0.98,0.1,-0.91,-1,1,1,-0.96,1,-0.99,-0.79,1,-0.98,0.99,-0.96,1,0.9,1,1,0.81,1,1,1,1,1,0.58,1,1,-0.01,1,1,0.32,1,-0.99,1,0.99,0.24,1,1,1,1,0.42,1,0.97,1,0.54,-0.49,1,1,1,1,1,1,1,1,1,1,1,1,1,1,1,1,1,1,1,1,0.98,1,1,1,1,0.69,1,1,1,1,1,1,0.99,1,0.15,1,1
"312-60-8",1,1,1,1,1,1,1,1,1,0.99,0.99,0.99,0.95,0.94,-0.3,0.99,-0.86,0.98,0.87,-0.97,1,-0.95,0.21,1,-0.9,0.98,-0.86,0.65,0.95,-0.95,0.95,-1,-0.99,0.79,-1,0.97,-1,-0.93,0.96,-1,0.97,-1,-0.98,-1,-1,0.99,-1,-1,-1,-1,0.99,0,-1,0.97,-1,-0.98,-0.99,0.95,0.85,0.92,-1,0.9,-0.93,0.43,0.85,0.78,0.97,0.97,0.12,0.55,0.96,0.95,0.83,0.68,0.84,0.78,0.96,0.68,0.98,-0.6,0.98,-0.46,0.42,0.96,0.29,0.48,0.94,0.99,-0.22,1,0.93,0.77,1,0.68,0.81,0.99,0.73,0.79,0.98,0.95,0.96,0.98,0.97,0.9,0.96,0.98,-0.98,-0.98,1,1,0.95,0.8,0.95,1,0.99,0.98,1,1,1,1,1,1,1,1,1,1,1,1,1,1,1,1,1,1,1,0.98,1,1,1,1,1,1,1,0.99,0.99,0.95,0.96,0.96
"313-20-8",1,1,1,1,1,1,1,1,1,1,0.99,1,0.99,0.98,0.82,0.99,-0.2,0.99,0.71,-0.4,1,-0.48,0.08,1,-0.51,0.83,0.15,0.9,1,-0.81,0.56,-0.87,-0.99,0.98,-0.81,0.98,-0.88,-0.71,0.99,-0.81,0.93,-0.87,-0.53,-0.54,-1,0.89,-0.83,-0.55,-0.63,-0.92,0.49,-1,0,0.75,-0.94,-0.58,-0.91,0.03,0.08,0.11,-0.95,-0.36,-0.34,0.32,0.98,0.87,0.91,0.98,0.58,0.7,1,1,0.98,-0.7,0.82,0.97,0.87,0.87,1,0.77,1,0.89,0.91,0.99,0.97,0.97,0.99,1,0.86,0.97,1,1,1,1,1,0.96,0.97,0.72,1,0.98,0.96,1,1,1,1,0.85,-0.57,-1,1,1,0.08,1,1,1,1,1,1,1,1,1,1,1,1,1,1,1,1,1,1,1,1,0.99,1,1,1,1,0.97,1,1,1,1,1,1,1,1,0.79,1,1
"313-200-8",1,1,1,0.99,0.89,1,1,1,1,1,0.37,1,0.98,0.94,1,-0.81,0.99,0.99,0.15,0.99,-0.65,0.99,0.35,-0.32,1,-0.99,1,1,0.96,0.98,-1,1,0.95,0.99,1,-0.83,1,0.99,0.55,0.99,-0.95,0.98,0.97,1,0.2,-0.97,0.99,0.99,0.99,1,-1,0.97,0.75,0,1,0.99,1,-0.97,0.81,-0.85,1,-0.99,1,0.85,-0.26,0.97,-0.7,-0.15,-0.85,1,1,0.24,1,-0.44,-0.13,1,-0.4,0.99,-0.09,1,0.96,1,1,0.86,1,1,1,1,1,0.84,1,1,0.36,1,1,0.66,0.99,-0.97,1,0.94,0.72,1,1,1,1,0.81,1,0.94,1,0.57,-0.15,1,1,1,1,1,1,1,1,1,1,1,1,1,1,1,1,1,1,1,1,0.93,1,1,0.97,0.99,0.76,1,1,1,1,1,1,0.97,1,0.32,1,0.99
"313-60-8",1,1,1,1,1,1,1,1,1,1,1,1,1,0.99,0.9,1,-0.72,0.99,0.99,-0.89,1,-0.92,0.63,1,-0.81,1,-0.61,0.91,1,-0.83,1,-1,-1,0.98,-1,1,-1,-1,0.99,-1,0.99,-1,-0.99,-1,-1,1,-1,-1,-1,-1,1,-1,-0.94,1,0,-1,-1,1,0.98,1,-1,1,-0.94,0.62,0.92,0.92,1,1,0.49,0.74,1,1,0.94,0.99,0.92,0.84,1,0.78,0.99,0.88,1,0.88,0.88,0.97,0.97,0.97,0.97,1,0.88,1,1,0.99,1,0.98,0.98,1,0.97,0.95,0.99,0.99,1,1,1,0.99,0.99,1,-0.98,-0.94,1,1,1,0.99,0.99,1,1,1,1,1,1,1,1,1,1,1,1,1,1,1,1,1,1,1,1,1,1,1,1,1,1,1,1,1,1,1,1,1,1,1
"313-90-8",1,1,1,1,1,1,1,1,1,1,1,1,0.99,0.94,0.86,1,-0.89,0.97,0.95,-0.95,1,-0.98,0.26,1,-0.55,1,-0.46,0.73,0.99,-0.47,0.99,-0.98,-1,0.94,-0.93,0.99,-0.99,-1,0.98,-0.99,0.99,-0.97,-1,-1,-0.96,1,-0.99,-0.85,-1,-0.73,1,-0.98,-0.58,0.99,-1,0,-1,1,0.93,0.99,-0.97,0.99,-1,-0.11,0.96,0.71,0.99,1,0.66,0.54,0.99,0.99,0.98,0.96,0.72,0.91,0.99,0.75,0.99,0.8,0.98,0.8,0.84,0.85,0.96,0.96,0.95,1,0.8,1,0.99,0.97,1,0.96,0.98,0.99,0.96,0.91,0.89,0.98,0.98,1,1,0.98,0.99,0.99,-0.98,-0.92,1,1,1,0.99,0.99,1,1,1,1,1,1,1,1,1,1,1,1,1,1,1,1,1,1,1,1,1,1,1,1,1,1,1,1,1,1,1,1,1,1,1
"314-20-8",1,1,1,1,1,1,1,1,1,1,1,1,1,0.97,0.9,1,-0.88,0.98,0.98,-0.96,1,-0.92,0.65,1,-0.74,1,-0.58,0.93,1,-0.95,0.99,-1,-1,0.99,-1,1,-1,-1,0.98,-1,0.99,-0.99,-0.98,-0.98,-0.99,1,-1,-0.89,-0.98,-0.97,1,-0.99,-0.91,1,-1,-1,0,1,0.98,0.99,-1,0.99,-0.99,0.57,0.99,0.97,1,1,0.66,0.57,1,0.99,0.91,0.97,0.88,0.93,1,0.8,1,0.68,1,0.77,0.88,0.96,1,0.99,1,1,0.97,1,1,1,1,1,1,1,1,0.88,1,0.97,0.99,1,1,1,1,1,-1,-1,1,1,1,1,1,1,1,1,1,1,1,1,1,1,1,1,1,1,1,1,1,1,1,1,1,1,1,1,1,1,1,1,1,1,1,1,1,1,1,1
"314-200-8",1,1,1,0.99,0.99,1,1,1,1,1,0.93,1,0.96,0.96,1,0.15,1,1,-0.02,1,-0.25,1,0.11,0.39,1,-0.98,1,0.98,0.99,0.9,-1,1,0.89,1,1,-0.24,1,0.98,0.33,1,-0.85,0.78,0.72,1,0.13,-0.9,1,0.99,0.99,1,-1,0.95,0.03,-0.97,1,1,1,0,0.36,-0.46,1,-0.96,1,0.83,-0.54,0.98,0.35,-0.71,-1,1,1,-0.94,1,-1,-0.82,1,-1,0.99,-0.92,1,0.85,1,1,0.66,1,1,1,1,1,-0.32,1,1,0.17,1,1,-0.16,0.99,-0.96,1,0.95,0.38,1,1,1,1,-0.01,1,0.95,1,0.89,-0.96,1,1,1,1,1,1,1,1,1,1,1,1,1,1,1,1,1,1,0.99,1,0.96,1,1,0.98,1,0.62,1,1,1,1,1,1,0.99,1,-0.52,1,1
"314-95-8",1,1,1,1,1,1,1,1,1,1,1,1,1,0.39,1,1,0.94,0.3,-0.5,1,1,1,-0.57,0.99,1,0.95,1,0.65,0.91,1,0.9,1,0.84,0.65,1,0.99,1,0.95,0.56,1,0.9,0.97,0.96,0.99,0.19,0.94,1,1,0.98,1,0.91,0.85,0.08,0.81,0.98,0.93,0.98,0.36,0,0.56,0.97,0.43,0.18,-1,0.94,-0.98,0.66,0.99,0.33,-0.75,-0.22,0.97,0.76,-0.47,0.13,0.59,0.95,0.3,1,0.96,0.96,0.96,0.76,0.74,1,1,0.66,0.8,1,0.92,0.99,1,1,0.99,1,0.55,0.98,0.88,-0.06,0.94,0.94,0.99,0.99,0.97,0.95,0.58,0.56,0.76,0.98,1,0.27,0.99,0.97,1,1,1,1,1,1,1,1,1,1,1,1,1,1,1,1,1,1,1,1,1,1,1,1,1,1,1,1,1,1,1,1,0.97,1,1
"315-100-8",0.99,1,1,1,0.99,1,1,0.99,1,1,0.88,1,0.99,0.34,1,0.31,1,0.65,-0.39,1,0.47,1,0.47,0.63,1,-0.47,1,0.98,0.99,0.9,-0.67,1,0.71,0.99,1,0.39,1,0.97,0.63,1,0.03,0.88,0.96,1,0.16,0.07,1,0.99,1,1,-0.67,0.92,0.11,-0.85,1,0.99,0.99,-0.46,0.56,0,1,-0.85,0.99,-0.37,-0.24,0.33,-0.92,-0.26,-0.91,0.92,0.96,-0.59,1,-0.93,-0.99,1,-0.13,0.88,0.15,1,0.67,1,1,0.22,1,1,1,0.97,1,0.27,1,1,0.6,1,1,0.02,0.99,-0.59,0.92,0.8,-0.49,1,1,1,0.98,-0.12,1,0.88,0.98,0.74,0.15,1,1,1,1,1,1,1,1,1,1,1,1,1,1,1,1,1,1,1,1,0.98,1,1,0.98,1,0.85,1,1,1,1,1,1,0.99,1,0.45,1,1
"315-20-8",1,1,1,1,1,1,1,1,1,1,1,1,1,0.93,0.63,1,-0.56,0.95,0.99,-0.69,1,-0.46,0.54,1,-0.83,1,-0.78,0.91,1,-1,1,-0.94,-1,1,-1,1,-0.92,-1,1,-0.94,1,-0.95,-0.83,0.06,-0.98,1,-0.26,-0.58,-0.74,-0.99,1,-1,-0.95,1,-1,-0.97,-1,1,0.97,1,0,1,-0.67,0.32,0.93,0.55,1,1,0.56,0.2,1,0.98,0.43,0.97,0.97,0.55,1,0.47,1,0.88,0.99,0.86,0.64,0.99,1,0.96,0.98,1,1,1,1,1,1,0.99,1,1,1,0.97,0.99,0.99,1,1,1,0.99,1,1,-0.49,-0.63,1,1,1,0.99,0.99,1,1,1,1,1,1,1,1,1,1,1,1,1,1,1,1,1,1,1,1,1,1,1,1,1,1,1,1,1,1,1,1,1,1,1
"315-200-8",1,1,1,0.98,0.95,1,1,0.99,0.99,1,0.87,1,0.97,0.89,1,-1,1,0.98,-0.09,1,0.01,1,-0.06,0.52,1,-1,1,0.99,1,0.98,-0.99,1,0.88,1,1,-0.21,1,0.99,0.68,1,-0.63,0.95,0.96,1,-0.13,-0.7,1,1,0.99,1,-0.99,0.9,-0.36,-0.99,1,0.99,0.99,-0.96,0.43,-0.85,1,0,1,0.38,-0.89,0.85,-0.74,-0.77,-1,1,1,-0.97,1,-1,-0.99,1,-1,0.99,-0.63,1,0.85,1,1,0.64,1,1,1,0.99,1,-0.07,1,1,0.08,1,1,0.1,0.98,-0.99,0.99,0.88,-0.19,1,1,1,1,-0.73,1,0.93,1,0.68,-0.87,1,1,1,1,1,1,1,1,1,1,1,1,1,1,1,1,1,1,0.99,1,0.95,1,1,0.98,1,0.68,1,1,1,1,1,1,0.99,1,-0.2,1,1
"315-40-8",1,1,1,1,1,1,1,1,1,1,1,1,1,0.79,0.96,1,-0.22,0.83,0.89,-0.34,1,0.24,0.26,1,0.1,1,0.48,0.73,1,0.11,1,-0.77,-1,0.88,-0.54,1,-0.61,-0.99,0.96,-0.61,1,-0.62,-0.9,-0.9,-0.77,1,-0.11,0.16,-1,-0.28,1,-0.93,-0.34,1,-0.94,-1,-0.99,1,0.18,0.99,-0.67,1,0,-0.99,0.97,-0.47,1,1,0.24,0.13,0.94,0.99,0.58,0.99,0.88,0.46,1,0.26,1,0.81,0.97,0.78,0.46,0.86,1,0.99,0.87,1,1,1,1,1,1,0.99,1,1,1,0.98,0.88,0.96,0.99,1,1,0.97,0.99,0.99,-1,-0.6,1,1,1,0.99,0.98,1,1,1,1,1,1,1,1,1,1,1,1,1,1,1,1,1,1,1,1,1,1,1,1,1,1,1,1,1,1,1,1,1,1,1
"315-65-8",1,0.98,1,0.99,0.99,1,1,1,1,0.96,0.98,0.97,0.84,0.24,0.78,0.88,0.16,0.2,-0.35,0.91,0.95,0.7,-0.4,0.49,0.99,0.92,1,0.18,-0.16,0.91,0.8,0.97,0.87,-0.53,0.98,0.97,0.93,0.86,0,0.89,0.87,0.85,0.3,0.65,0.48,0.91,0.88,0.96,0.06,0.9,0.96,0.43,0.32,0.85,0.62,-0.11,0.57,0.83,-1,-0.37,0.32,0.38,-0.99,0,0.73,-0.92,-0.04,0.9,0.21,-0.58,-0.96,0.91,0.23,0.57,0.07,0.36,0.92,0.07,0.93,0.21,0.81,0.64,0.11,0.5,0.65,0.81,-0.06,0.31,0.87,0.92,0.65,0.51,0.96,0.38,0.53,0.7,0.41,0.82,-0.18,0.68,0.76,0.93,0.86,0.76,0.86,0.77,-0.94,0.23,0.25,0.9,0.85,0.66,0.45,0.96,0.94,0.86,1,1,1,1,1,1,0.99,1,1,1,1,1,1,1,1,0.99,1,1,0.99,0.99,0.99,0.99,1,1,1,1,1,0.99,1,0.93,0.99,0.99
"317-100-8",1,1,1,1,0.98,1,1,0.98,0.98,1,0.92,1,0.96,0.98,1,-0.39,1,0.98,0.7,0.98,-0.56,0.99,0.89,0.76,1,0.08,1,0.98,0.87,0.96,-0.14,1,0.92,0.96,1,-0.06,0.99,0.95,0.65,0.97,0.02,0.89,0.92,0.99,0.74,0.42,0.96,0.98,0.94,0.98,-0.96,0.85,0.98,-0.26,0.92,0.96,0.99,-0.54,0.94,-0.24,0.93,-0.89,0.97,0.73,0,0.78,0.21,-1,-0.97,0.98,0.85,-1,1,-0.52,-0.92,0.99,-0.95,0.92,-0.96,0.99,0.54,1,1,0.74,0.99,1,0.99,0.99,1,0.87,1,0.98,-0.04,0.98,0.98,0.82,0.98,-0.68,0.98,0.93,0.55,1,1,1,1,0.69,1,0.99,0.62,-0.98,0.36,1,0.98,1,1,1,1,1,1,1,1,1,1,1,1,1,1,1,1,0.99,1,0.94,1,1,0.94,0.95,0.71,0.99,1,1,1,0.98,1,0.97,0.99,0.6,0.99,0.95
"317-40-8",1,0.99,1,0.99,1,0.99,1,1,1,0.85,1,0.95,0.97,-0.08,0.61,0.97,0.5,-0.02,0.29,0.97,0.99,0.96,-0.07,0.87,0.99,0.99,0.99,0.34,0.71,0.96,0.99,1,0.9,0.47,1,1,0.99,0.82,0.85,0.99,0.99,0.92,0.81,0.95,0.91,1,0.98,0.99,0.71,0.98,0.98,0.78,0.87,0.97,0.92,0.71,0.97,0.98,-0.98,0.33,0.55,0.85,-0.47,-0.92,0.78,0,-0.47,0.96,0.24,-1,-1,0.97,-0.45,0.91,0.7,-0.21,0.99,-0.3,1,-0.09,0.71,-0.12,-0.25,0.4,0.52,0.69,-0.2,0.03,0.71,0.87,0.17,0.09,0.98,-0.25,0.13,0.59,0.52,0.96,-0.56,0.55,0.75,0.83,0.66,0.57,0.69,0.87,-0.89,0.44,-0.62,0.9,0.98,0.33,0.25,0.9,0.76,0.68,1,0.99,1,1,1,1,1,1,1,1,1,1,1,1,1,1,1,1,1,1,1,1,1,1,1,1,1,1,1,1,1,1
"317-60-8",1,1,1,1,0.98,1,1,0.99,1,0.99,0.84,1,0.98,0.4,1,0.4,0.99,0.72,-0.14,1,0.76,1,0.52,0.59,1,-0.35,1,0.98,0.97,0.99,-0.38,1,0.89,0.98,1,0.78,1,0.98,0.77,1,0.17,0.96,0.99,1,0.41,0.63,1,1,1,1,0.1,0.97,0.91,-0.7,1,0.99,1,0.35,0.66,-0.92,1,-0.74,1,-0.04,0.21,-0.47,0,0.45,-0.52,0.63,0.42,0.36,0.96,-0.61,-0.93,0.99,0.18,0.83,0.64,1,0.76,1,0.99,0.2,1,1,0.97,0.99,1,0.83,1,0.99,0.11,0.99,1,0.23,0.97,-0.45,0.43,0.41,-0.7,0.96,1,0.96,0.91,-0.12,0.99,0.97,0.44,0.19,0.72,1,0.98,0.99,1,1,1,1,1,1,1,1,1,1,1,1,1,1,1,1,1,0.99,1,1,1,1,0.97,1,1,1,1,1,1,0.99,1,0.87,1,1
"318-100-8",1,1,1,1,0.98,1,1,1,0.99,1,0.46,1,1,0.98,1,0.64,1,0.97,0.51,1,0,1,0.89,0.76,1,0.51,1,1,0.99,0.99,0.2,1,0.91,1,1,-0.15,1,0.99,0.78,1,0.13,0.98,0.98,1,0.63,0.31,0.99,0.98,1,1,-0.91,0.97,0.98,-0.15,1,1,1,-0.71,0.99,-0.26,1,-0.77,1,0.9,-1,0.96,0.45,0,-1,1,1,-1,1,-0.73,-0.99,1,-0.98,0.98,-0.91,1,0.79,1,1,0.72,1,1,1,1,1,0.77,1,1,0.46,1,1,0.55,1,-0.84,1,0.98,-0.02,1,1,1,1,0.63,1,0.95,0.98,-0.85,0.25,1,1,1,1,1,1,1,1,1,1,1,1,1,1,1,1,1,1,1,1,0.97,1,1,0.95,1,0.58,1,1,1,1,1,1,0.95,1,0.46,1,1
"318-200-8",0.42,0.43,0.91,0.88,0.71,0.95,0.56,0.79,0.06,0.44,-0.14,0.85,0.45,0.49,0.98,-0.74,0.63,0.36,0.45,0.45,-0.79,0.48,0.16,-0.28,0.61,-0.65,0.85,0.48,-0.36,0.5,-0.72,0.9,0.11,-0.1,0.72,-0.75,0.4,0.5,-0.67,0.4,-0.86,0.08,0.09,0.82,0.12,-0.77,0.47,0.38,0,0.41,-1,0.12,0.58,-0.85,0.49,0.66,0.66,-1,0.33,-0.91,0.56,-1,0.24,0.21,-0.97,0.24,-0.52,-1,0,0.86,0.22,-0.96,0.84,-0.99,-0.94,0.76,-1,0.65,-0.94,0.79,-0.02,0.8,0.9,0.03,0.91,0.93,0.87,0.92,0.94,0.09,0.8,0.57,-0.84,0.55,0.79,0.14,0.42,-0.99,0.8,-0.08,-0.42,0.84,0.97,0.95,0.75,-0.33,0.89,0.17,0.31,-0.95,-0.8,0.9,0.58,0.75,0.91,0.86,0.97,1,0.93,1,1,0.98,0.99,0.99,0.77,0.96,0.83,1,0.99,0.6,0.79,0.24,0.67,0.67,0.22,0.57,-0.32,0.7,0.55,0.85,0.78,0.29,0.9,0.03,0,-0.48,0.71,0.23
"318-40-8",0.99,1,1,1,1,0.96,0.99,0.99,1,0.61,1,0.59,0.91,0.29,-0.12,1,-0.28,0.11,0.5,0.53,1,0.54,-0.49,0.9,0.85,1,0.79,-0.19,0.81,0.7,1,0.83,0.66,0.53,0.86,1,0.82,0.31,0.83,0.87,1,0.74,0.56,0.76,0.69,1,0.85,0.88,0.62,0.73,1,0.55,0.7,1,0.74,0.54,0.57,1,-0.75,0.92,0.2,1,0.13,-0.58,0.98,-1,0.63,1,0.86,0,-1,0.99,-0.84,0.98,0.93,-0.55,1,-0.52,1,-0.82,0.89,-0.82,-0.75,0.73,-0.6,-0.5,-0.66,-0.15,-0.38,0.93,-0.79,-0.82,0.99,-0.79,-0.78,0.9,-0.53,1,-0.49,0.7,0.98,0.59,0.23,0.28,0.68,0.97,-0.95,-0.85,0.04,0.99,0.98,-0.76,0.23,0.75,0.36,0.01,1,0.94,1,1,1,1,1,1,1,1,1,1,1,1,1,1,1,1,1,1,1,1,1,1,1,1,1,1,1,1,1,1
"318-50-8",1,1,1,1,1,1,1,1,1,0.98,1,0.99,0.99,0.38,0.97,1,0.97,0.29,0.56,1,1,1,0.46,1,1,1,1,0.8,0.95,1,1,1,0.98,0.88,1,1,1,1,0.82,1,1,1,1,1,0.96,1,1,1,0.99,1,1,0.96,1,1,1,0.99,1,1,-0.22,0.96,1,1,0.94,-0.96,0.85,-1,0.42,1,0.22,-1,0,0.98,0.35,0.99,0.04,0.42,1,0.21,1,0.91,0.96,0.89,0.76,0.67,0.94,0.96,0.09,0.72,1,1,0.7,0.93,1,0.83,0.89,0.89,0.97,0.97,-0.74,0.67,0.83,0.74,0.93,0.68,0.61,0.89,0.72,0.99,0.09,1,1,0.81,0.82,0.98,0.98,0.94,1,1,1,1,1,1,1,1,1,1,1,1,1,1,1,1,1,1,1,1,1,1,1,1,1,1,1,1,1,1,1,1
"319-100-8",1,1,1,1,0.99,1,1,1,1,0.99,0.81,1,0.99,0.99,1,0.32,1,0.99,0.84,0.99,-0.16,0.99,0.95,0.86,1,0.27,1,1,0.97,0.96,0.06,1,0.85,0.98,1,0,0.99,0.94,0.7,0.99,0.25,0.89,0.88,1,0.77,0.25,0.94,0.88,0.98,0.99,-0.96,0.95,1,0.24,1,0.99,0.99,-0.94,0.97,-0.59,0.98,-0.97,0.99,0.91,-1,0.97,0.36,-1,-0.96,0.99,0.98,0,1,-0.5,-0.99,1,-0.95,0.94,-0.98,1,0.82,1,1,0.6,1,1,1,1,1,0.92,1,1,0.16,0.99,1,0.81,0.99,-0.33,1,0.97,0.72,1,1,1,1,0.82,1,0.98,0.84,-0.98,0.49,1,1,1,1,1,1,1,1,1,1,1,1,1,1,1,1,1,1,1,1,0.96,1,1,0.97,0.98,0.57,1,1,1,1,0.99,1,0.94,0.99,0.39,1,0.99
"319-20-8",1,1,1,1,1,0.99,0.99,1,1,0.91,1,0.94,0.99,0.55,-0.34,1,0.06,0.62,0.98,0.79,1,0.86,0.61,1,0.96,1,0.96,0.8,1,0.95,1,0.95,0.93,1,1,1,0.99,0.93,1,0.99,1,0.99,0.99,0.99,0.94,1,0.97,0.99,0.97,0.96,1,0.83,0.98,1,0.94,0.98,0.91,1,0.76,1,0.43,1,0.58,0.23,1,-0.45,0.96,1,0.84,-0.84,0.35,1,0,0.99,0.95,-0.99,1,-0.95,1,-0.98,0.95,-0.93,-0.83,0.75,-0.57,-0.32,-0.23,0.71,0.06,1,0.1,0.26,1,0,0.08,1,0.56,1,0.64,0.63,1,0.73,0.71,0.54,0.65,0.97,-0.35,0.24,0.93,1,1,0.19,0.04,0.96,0.84,0.8,1,1,1,1,1,1,1,1,1,1,1,1,1,1,1,1,1,1,1,1,1,1,1,1,1,1,1,1,1,1,1,1
"319-200-8",1,1,1,0.98,0.94,1,1,0.99,0.98,1,0.68,1,0.89,1,1,0.5,1,1,0.65,0.99,0.55,0.98,0.58,0.92,0.99,-0.4,1,0.99,0.99,0.97,-0.78,1,0.96,0.99,0.99,0.32,1,0.98,0.8,0.99,0.03,0.97,0.93,0.98,-0.43,-0.31,0.98,0.99,0.98,0.99,-0.99,0.68,-0.7,-0.44,0.99,0.96,0.97,-1,-0.47,-0.93,0.97,-1,0.99,0.57,-0.52,0.91,-0.61,-0.73,-0.99,0.98,0.99,-0.5,0.99,0,-0.81,1,-0.99,0.96,-0.19,0.99,0.88,1,0.99,0.75,1,1,1,0.79,1,-0.57,1,0.99,-0.37,0.98,0.99,-0.39,0.68,-0.94,0.97,0.77,-0.22,1,1,0.99,0.99,-0.77,0.99,-0.57,0.99,-0.89,-1,1,0.98,0.99,1,1,1,1,1,1,1,1,1,1,1,1,1,1,1,0.97,1,0.72,1,1,0.91,0.99,0.11,1,1,1,1,1,1,0.9,0.99,-0.31,0.96,0.97
"319-60-8",0.96,0.96,1,0.99,0.75,1,0.98,0.97,0.87,0.92,0.22,0.97,0.74,0.89,1,-0.61,0.97,0.88,0.01,0.96,-0.67,0.93,0.48,0.04,0.98,-0.34,1,0.92,0.87,0.94,-0.33,1,0.85,0.93,0.99,0.28,0.99,0.87,0.66,0.95,-0.03,0.86,0.73,0.96,0.25,0.27,0.95,0.98,0.74,0.97,-0.79,0.84,0.82,-0.13,0.92,0.72,0.88,-0.82,0.13,-0.99,0.97,-0.99,0.88,0.07,-0.92,0.7,-0.93,-0.99,-0.94,0.93,0.04,-0.99,0.95,-0.81,0,0.93,-0.83,0.8,-0.87,0.94,0.44,0.98,0.91,-0.3,0.94,0.98,0.94,0.73,0.97,-0.06,0.97,0.78,-0.57,0.77,0.93,0.03,0.5,-0.65,0.66,0.41,-0.54,0.97,0.98,0.96,0.89,-0.32,0.96,0.84,-0.92,-1,-0.62,0.97,0.89,0.9,0.99,0.98,0.99,1,0.98,1,1,1,0.99,1,1,1,1,1,1,0.89,0.99,0.35,0.99,1,0.39,0.89,0.03,0.98,0.99,1,1,0.94,1,0.63,0.93,-0.47,0.98,0.93
"320-20-8",0.99,0.99,1,1,1,0.97,0.98,1,1,0.9,1,0.95,0.95,0.75,-0.56,1,0.21,0.78,0.99,0.85,1,0.89,0.59,1,0.96,1,0.97,0.85,1,0.91,1,0.98,0.84,1,0.99,1,0.98,0.9,1,0.99,1,0.92,0.96,0.98,0.89,1,0.95,0.98,0.92,0.89,1,0.78,0.97,1,0.84,0.91,0.93,1,0.59,1,0.55,1,0.46,0.36,0.99,-0.21,0.99,1,0.76,-0.55,0.42,1,-0.99,1,0.93,0,1,-1,1,-1,0.96,-1,-0.91,0.88,-0.69,-0.28,-0.04,0.86,-0.17,1,0.14,0.06,1,-0.07,-0.03,1,0.56,1,0.58,0.9,1,0.9,0.79,0.53,0.81,0.98,0.1,0.78,0.98,1,1,0.44,0.16,0.99,0.83,0.74,1,0.98,1,1,1,1,1,1,1,1,1,1,1,1,1,1,1,1,1,1,1,1,1,1,1,1,1,1,1,1,1,1
"320-200-8",1,1,1,1,1,1,1,1,1,1,0.92,1,0.99,1,1,0.53,1,1,0.92,1,-0.08,1,0.88,0.92,1,-0.01,1,1,1,0.99,-0.27,1,1,1,1,0.32,1,1,0.93,1,0.28,1,0.97,1,0.34,0.2,0.99,1,1,1,-0.98,0.96,0.87,-0.4,1,0.99,1,-1,0.95,-0.13,1,-1,1,0.92,-0.95,0.99,0.18,-0.98,-1,1,1,-0.95,1,-0.99,-0.83,1,0,0.99,-0.79,1,0.86,1,1,0.84,1,1,1,0.99,1,0.24,1,1,-0.14,1,1,0.68,0.97,-0.99,1,0.98,0.19,1,1,1,1,-0.21,1,0.88,1,-0.95,-0.71,1,1,1,1,1,1,1,1,1,1,1,1,1,1,1,1,1,1,1,1,0.95,1,1,0.95,1,0.74,1,1,1,1,1,1,0.98,1,0.4,1,1
"320-40-8",0.88,0.95,0.99,0.98,1,0.89,0.88,0.96,1,0.28,0.99,0.64,0.87,0.51,-0.58,1,-0.13,0.49,0.9,0.67,1,0.77,0.07,1,0.93,0.98,0.93,0.51,0.98,0.83,0.95,0.98,0.5,0.85,0.97,0.99,0.88,0.56,0.98,0.95,0.99,0.76,0.72,0.73,0.75,0.99,0.68,0.88,0.63,0.84,0.99,0.68,0.87,0.99,0.78,0.75,0.8,0.99,0.3,0.88,0.47,0.99,0.26,0.07,0.92,-0.3,0.83,0.98,0.65,-0.52,0.21,0.94,-0.95,0.96,0.8,-1,0.99,0,0.99,-1,0.91,-1,-0.87,0.6,-0.83,-0.56,-0.27,0.58,-0.24,0.99,-0.62,-0.34,1,-0.42,-0.49,0.97,0.31,0.94,0.48,0.73,0.97,0.74,0.51,0.32,0.78,0.92,-0.41,0.64,0.94,0.99,0.99,-0.01,-0.54,0.96,0.51,0.53,1,0.95,1,1,1,1,1,1,1,1,1,1,1,1,1,1,1,1,1,1,0.99,1,1,1,1,0.99,1,0.99,1,1,0.99,0.98
"321-100-8",1,1,1,1,1,1,1,1,1,1,0.71,1,1,1,1,0.03,1,1,0.89,1,-0.6,1,0.99,0.51,1,0.1,1,1,0.74,0.94,-0.69,1,0.92,0.99,1,-0.32,0.97,0.98,0.48,0.99,-0.58,0.84,0.89,1,0.67,-0.56,0.76,0.92,0.97,1,-0.96,0.98,1,-0.09,0.99,0.99,1,-0.92,1,0.15,1,-0.63,1,0.93,-0.96,1,0.64,-0.91,-0.94,1,1,-0.98,1,-0.19,-0.87,1,-0.79,0.99,0,1,0.42,1,1,0.42,1,1,1,0.99,1,0.74,1,1,-0.89,1,1,0.44,0.99,-0.92,1,0.98,0.28,1,1,1,1,0.84,1,1,0.99,-0.31,0.36,1,1,1,1,1,1,1,1,1,1,1,1,1,1,1,1,1,1,1,1,0.97,1,1,0.99,0.99,0.41,1,1,1,1,1,1,0.89,1,0.53,1,1
"321-20-8",1,1,1,1,1,1,0.99,1,1,0.95,1,0.99,1,0.55,-0.37,1,0.16,0.54,1,0.85,1,0.96,0.31,1,0.57,1,0.79,0.66,1,0.78,1,0.99,-0.65,1,0.97,1,0.99,0.32,1,0.97,1,0.48,0.92,0.99,-0.53,1,0.98,0.96,0.92,0.76,1,-0.6,0.77,1,0.88,0.8,0.68,1,0.96,1,0.88,1,0.81,0.21,0.99,-0.09,1,1,0.79,-0.82,0.91,1,-0.98,0.99,0.94,-1,1,-1,1,0,0.95,-1,-1,0.76,-0.35,-0.49,-0.13,0.89,0.22,1,0.3,0.45,1,0.26,0.1,1,0.46,0.99,0.64,0.53,1,0.71,0.58,-0.22,0.73,0.93,0.19,0.83,1,1,1,-0.03,0.46,0.96,0.95,0.86,1,1,1,1,1,1,1,1,1,1,1,1,1,1,1,1,1,1,1,1,1,1,1,1,1,1,1,1,1,1,1,1
"321-200-8",1,1,1,1,1,1,1,1,1,1,1,1,1,0.94,1,0.93,0.99,0.95,0.84,1,0.77,1,0.98,0.75,1,0.97,1,1,0.85,0.98,0.89,1,0.94,0.96,1,0.78,1,0.98,0.73,1,0.76,0.94,0.95,1,0.95,0.88,0.99,1,0.98,1,0.9,0.98,1,0.96,1,0.98,1,0.85,0.96,0.67,0.99,0.85,0.97,0.81,0.54,0.71,0.76,0.79,-0.02,0.89,0.96,0.82,0.95,0.88,0.44,0.96,0.86,0.91,0.42,0.95,0,0.94,0.86,-1,0.98,1,0.5,-0.19,1,-0.65,0.83,0.96,0.79,0.97,0.98,0.2,0.99,0.7,0.83,0.84,0,1,1,1,0.99,0.97,1,1,0.81,0.9,0.9,1,0.98,1,1,1,1,1,1,1,1,1,1,1,1,1,1,1,1,1,1,1,1,1,1,1,0.99,1,1,1,1,1,1,1,1,0.97,1,1
"321-40-8",1,1,1,1,1,1,0.98,1,1,0.93,1,0.98,1,0.46,-0.47,1,-0.06,0.47,1,0.68,1,0.9,0.34,1,0.4,1,0.63,0.56,1,0.65,1,0.97,-0.63,1,0.94,1,0.96,0.52,1,0.95,1,0.38,0.88,0.98,-0.33,1,0.92,0.92,0.89,0.66,1,-0.46,0.89,1,0.88,0.8,0.77,1,0.96,1,0.86,1,0.78,0.64,1,-0.12,1,1,0.8,-0.82,0.89,1,-0.93,1,0.98,-1,1,-1,1,-1,0.94,0,-1,0.83,-0.28,-0.32,-0.16,0.93,0,1,0.32,0.33,1,0.12,0.11,1,0.59,0.99,0.73,0.77,1,0.67,0.47,-0.17,0.6,0.99,0.19,0.85,1,1,1,0.2,0.54,0.98,0.92,0.78,1,1,1,1,1,1,1,1,1,1,1,1,1,1,1,1,1,1,1,1,1,1,1,1,1,1,1,1,1,1,1,1
"321-60-8",1,1,1,1,1,1,1,1,1,0.96,1,0.97,1,0.84,-0.29,1,-0.14,0.87,0.98,0.82,1,0.88,0.35,1,0.92,1,0.94,0.84,1,0.94,1,0.97,0.39,0.99,0.99,1,0.97,0.85,1,0.97,1,0.9,0.93,0.95,0.35,1,0.9,0.97,0.85,0.93,1,0.42,0.91,1,0.88,0.84,0.88,1,0.76,1,0.64,1,0.46,0.11,1,-0.25,0.99,1,0.9,-0.75,0.76,1,-0.83,0.99,0.91,-0.91,1,-0.87,1,-1,0.86,-1,0,0.68,-0.77,-0.31,-0.25,0.65,-0.69,1,-0.3,-0.04,1,-0.1,-0.17,1,0.36,1,0.59,0.88,1,0.9,0.84,0.34,0.86,0.98,-0.32,0.6,1,1,1,0.1,0.49,0.99,0.92,0.84,1,1,1,1,1,1,1,1,1,1,1,1,1,1,1,1,1,1,1,1,1,1,1,1,1,1,1,1,1,1,1,1
"322-100-8",0.99,1,1,1,1,1,1,1,1,0.98,0.95,1,0.99,0.81,1,0.86,0.91,0.86,0.48,0.98,0.82,0.96,0.85,0.61,1,0.85,0.99,0.92,0.72,0.93,0.73,1,0.68,0.89,0.99,0.77,0.95,0.9,0.59,0.95,0.63,0.79,0.75,0.95,0.8,0.84,0.9,0.95,0.85,0.99,0.81,0.96,0.99,0.86,0.97,0.85,0.96,0.66,0.74,0.22,0.99,0.64,0.86,0.5,0.74,0.4,0.2,0.72,0.03,0.73,0.67,0.6,0.75,0.75,-0.3,0.88,0.84,0.6,0.42,0.76,-1,0.83,0.68,0,0.85,0.94,-0.71,-0.99,0.92,-0.96,-0.22,0.69,0.43,0.69,0.8,-0.7,0.75,0.4,0.03,0.6,-0.08,0.99,0.99,0.98,0.96,0.78,0.99,0.96,0.68,0.88,0.79,0.91,0.87,0.99,1,1,1,1,1,1,1,1,1,1,1,1,1,1,1,1,1,1,1,1,1,0.99,0.97,1,1,1,1,1,1,0.98,1,0.93,1,1
"322-20-8",1,1,1,1,1,0.93,0.98,1,1,0.63,1,0.77,0.92,0.86,-0.02,1,0.77,0.9,1,0.96,1,0.96,0.1,1,0.89,1,0.94,0.82,1,0.99,1,1,0.83,1,1,1,1,0.98,1,1,1,0.94,0.99,1,0.45,1,1,1,0.99,0.93,1,0.29,0.97,1,0.97,0.96,1,1,1,1,1,1,1,0.65,0.99,0.52,1,1,0.91,-0.6,0.94,1,-0.57,1,0.94,-0.69,1,-0.83,1,-0.35,0.98,-0.28,-0.77,0.85,0,-1,-0.76,0.78,-0.25,1,-0.21,-0.13,1,-0.3,-0.42,1,-0.19,1,0.35,0.03,1,0.41,0.34,-0.02,0.53,0.95,0.86,0.99,1,1,1,-0.58,-0.37,0.89,0.82,0.73,1,1,1,1,1,1,1,1,1,1,1,1,1,1,1,1,1,1,1,1,1,1,1,1,1,1,1,1,1,1,1,1
"322-40-8",0.99,0.99,1,1,1,0.88,0.92,0.99,1,0.56,1,0.39,0.82,0.79,-0.16,1,0.46,0.87,1,0.74,1,0.79,0.25,1,0.87,1,0.86,0.83,1,0.98,1,1,0.82,1,1,1,1,0.95,1,1,1,0.95,0.99,1,0.7,1,0.97,0.99,0.98,0.89,1,0.48,0.97,1,0.97,0.96,0.99,1,1,1,0.96,1,0.99,0.81,1,0.69,1,1,0.93,-0.5,0.96,1,-0.32,1,0.98,-0.28,1,-0.56,1,-0.49,1,-0.32,-0.31,0.94,-1,0,-0.26,0.88,-0.94,1,-0.54,-0.77,1,-0.79,-0.83,1,-0.16,1,0.68,0.52,1,0.57,0.17,-0.03,0.63,0.99,0.71,0.84,1,1,1,-0.63,0.13,0.95,0.34,0.29,1,0.99,1,1,1,1,1,1,1,1,1,1,1,1,1,1,1,1,1,1,1,1,1,1,1,1,1,1,1,1,1,1
"322-60-8",1,1,1,1,1,1,1,1,1,0.87,1,0.94,0.99,0.54,0.77,1,0.51,0.65,0.9,0.98,1,0.94,0.48,1,0.99,1,0.98,0.56,1,1,1,1,0.95,0.97,1,1,1,0.99,0.99,1,1,0.98,0.99,0.99,0.97,1,1,1,0.97,1,1,0.94,0.99,1,0.97,0.95,1,1,0.66,1,0.98,1,0.87,-0.06,0.99,-0.2,0.97,1,0.87,-0.66,0.09,1,-0.23,1,0.94,-0.04,1,-0.27,1,-0.13,0.5,-0.16,-0.25,-0.71,-0.76,-0.26,0,-1,0.54,0.94,-1,0.46,1,0.18,0.44,0.96,0.74,1,-0.23,0.5,0.98,0.64,0.75,0.7,0.59,0.96,0.85,0.99,0.67,1,1,0.32,0.02,0.91,0.9,0.84,1,1,1,1,1,1,1,1,1,1,1,1,1,1,1,1,1,1,1,1,1,1,1,1,1,1,1,1,1,1,1,1
"323-100-8",1,1,1,1,1,1,1,1,1,1,1,1,1,0.87,1,1,0.98,0.86,0.86,1,1,1,0.66,1,1,1,1,0.87,1,1,1,1,1,0.99,1,1,1,1,0.98,1,1,1,1,1,0.91,1,1,1,1,1,1,0.99,1,1,1,1,1,1,0.8,0.97,1,0.99,1,0.31,0.99,0.03,0.99,1,0.92,-0.15,0.72,1,0.71,0.79,0.73,0.86,0.99,0.58,0.99,0.89,-0.19,0.93,0.65,-0.99,0.78,0.88,-1,0,0.96,-0.12,-0.77,0.97,1,0.92,0.93,-0.44,0.92,0.94,-0.89,0.52,0.56,0.95,0.99,0.96,0.94,0.65,0.99,1,0.98,1,0.99,0.9,0.87,1,1,1,1,1,1,1,1,1,1,1,1,1,1,1,1,1,1,1,1,1,1,1,1,1,1,1,1,1,1,1,1,1,1,1
"323-20-8",1,1,1,1,1,0.99,1,1,1,0.98,1,0.99,0.98,0.97,0.05,1,0.7,0.98,1,0.73,1,0.89,0.16,1,-0.04,1,0.14,0.67,1,0.93,1,1,-0.06,1,1,1,1,0.79,1,0.98,1,0.59,0.93,1,-0.15,1,0.99,0.99,0.95,0.87,1,-0.22,0.86,1,0.88,0.8,0.97,1,1,1,1,1,1,0.87,1,0.71,1,1,0.94,-0.38,1,1,0.06,1,0.97,-0.17,1,-0.24,1,0.22,1,0,-0.69,0.92,-0.25,-0.94,0.54,0.96,0,1,0.09,-0.7,1,-0.83,-0.82,1,-0.88,1,0.2,0.74,1,0.8,0.68,0.22,0.79,0.99,1,1,1,1,1,-0.94,0.84,0.99,0.98,0.93,1,1,1,1,1,1,1,1,1,1,1,1,1,1,1,1,1,1,1,1,1,1,1,1,1,1,1,1,1,1,1,1
"323-200-8",1,1,1,1,1,1,1,1,1,1,1,1,1,0.99,1,0.96,1,1,0.89,1,0.85,1,0.99,0.96,1,0.84,1,1,1,1,0.6,1,1,1,1,0.97,1,1,0.99,1,0.91,1,1,1,0.89,0.87,1,1,1,1,0.58,1,0.97,0.84,1,1,1,-0.32,0.92,0.27,1,-0.07,1,0.92,0.87,0.87,0.83,0.77,0.09,0.93,1,0.92,1,-0.57,-0.06,1,0.24,0.99,0.74,1,-0.65,1,1,-0.96,1,1,0.94,-0.12,1,0,0.98,1,0.39,1,1,-0.92,0.99,-0.37,0.84,0.82,-0.95,1,1,1,1,0.23,1,0.9,0.99,0.49,-0.58,1,0.98,1,1,1,1,1,1,1,1,1,1,1,1,1,1,1,1,1,1,1,1,1,1,1,0.99,1,1,1,1,1,1,1,1,0.91,1,1
"323-70-8",0.99,1,1,1,1,1,0.99,1,1,0.95,1,1,1,0.65,0.89,1,0.81,0.74,0.97,0.98,1,0.99,0.39,1,0.96,1,0.98,0.6,1,0.99,1,1,0.73,1,1,1,1,0.99,0.98,1,1,0.95,0.99,1,0.89,1,1,1,0.99,1,1,0.93,1,1,1,0.99,1,1,0.99,1,1,1,1,0.65,1,0.17,1,1,0.8,-0.79,0.7,1,0.1,1,0.97,0.14,1,-0.62,1,0.3,0.83,0.32,-0.3,-0.22,-0.21,-0.54,-1,-0.77,0.09,0.98,0,0.73,1,0.6,0.7,0.95,0.76,0.99,-0.41,-0.18,0.99,0.75,0.84,0.61,0.78,0.98,0.99,1,0.99,1,1,-0.02,0.54,0.96,0.99,0.97,1,1,1,1,1,1,1,1,1,1,1,1,1,1,1,1,1,1,1,1,1,1,1,1,1,1,1,1,1,1,1,1
"324-20-8",0.99,1,1,1,1,0.99,0.96,0.99,1,0.83,1,0.93,0.92,0.73,-0.05,1,0.83,0.69,0.99,0.92,1,0.9,-0.19,1,0.8,1,0.82,0.37,1,0.99,1,1,0.83,1,1,1,1,0.98,1,1,1,0.9,0.99,1,0.8,1,0.99,0.99,0.99,0.97,1,0.77,1,1,0.99,0.97,1,1,1,1,1,1,1,0.51,0.98,0.09,0.99,1,0.57,-0.82,0.93,1,0.26,0.99,0.78,0.06,1,-0.34,1,0.45,0.96,0.33,-0.04,0.69,-0.13,-0.77,0.46,0.97,-0.7,1,0.73,0,1,-1,-1,0.95,-1,0.96,-0.56,0.35,0.98,0.05,-0.3,-0.79,0.25,0.9,0.99,1,1,1,1,-1,0.68,0.86,0.23,0.19,1,1,1,1,1,1,1,1,1,1,1,1,1,1,1,1,1,1,1,1,1,1,1,1,1,1,1,1,1,1,1,1
"324-200-8",1,1,1,1,1,1,1,1,1,1,0.88,1,1,1,1,0.54,1,1,0.9,1,-0.06,1,1,0.82,1,0.56,1,1,1,1,0.17,1,0.98,1,1,0.68,1,1,0.73,1,0.53,0.99,0.99,1,0.93,0.55,0.99,1,1,1,-0.01,1,1,0.36,1,1,1,0.17,1,0.6,1,0.08,1,0.96,-0.04,0.98,0.11,0.46,-0.84,0.99,1,0.16,1,-0.37,-0.57,1,-0.14,1,-0.89,1,0.79,1,1,0.43,1,1,1,1,1,0.39,1,1,0,1,1,-0.52,1,-1,0.99,0.96,-0.94,1,1,1,1,0.25,1,1,1,0.91,0.76,1,1,1,1,1,1,1,1,1,1,1,1,1,1,1,1,1,1,1,1,1,1,1,1,1,0.9,1,1,1,1,1,1,0.99,1,0.87,1,1
"324-40-8",0.99,1,1,1,1,0.97,0.96,0.99,1,0.75,1,0.85,0.87,0.59,0.03,1,0.59,0.63,0.93,0.87,1,0.85,-0.37,1,0.68,1,0.7,0.05,1,0.99,1,1,0.89,1,1,1,1,0.97,0.99,0.99,1,0.91,0.99,1,0.81,1,0.98,0.99,0.97,0.96,1,0.68,1,1,0.98,0.96,1,1,0.99,1,0.99,1,0.99,0.38,0.98,-0.25,0.99,1,0.55,-0.79,0.83,0.99,0,0.98,0.77,-0.07,1,-0.42,1,0.26,0.97,0.12,-0.1,0.69,-0.3,-0.79,0.18,0.92,-0.83,1,0.6,-1,1,0,-1,0.94,-1,0.97,-0.79,0.41,0.95,-0.18,-0.45,-0.84,-0.08,0.84,0.97,0.98,1,1,1,-1,0.36,0.69,-0.04,-0.08,1,0.99,1,1,1,1,1,1,1,1,1,1,1,1,1,1,1,1,1,1,1,1,1,1,1,1,1,1,1,1,1,1
"324-60-8",1,1,1,1,1,0.98,0.99,0.98,1,0.89,1,0.92,0.91,0.71,-0.07,1,0.76,0.78,0.98,0.95,1,0.93,-0.08,1,0.87,1,0.89,0.37,1,1,1,1,0.97,1,1,1,1,0.99,1,1,1,0.94,0.99,1,0.9,1,0.99,1,0.98,0.99,1,0.81,1,1,0.98,0.98,1,1,1,1,1,1,1,0.53,0.98,0.13,1,1,0.79,-0.78,0.89,1,0.08,0.99,0.93,-0.03,1,-0.49,1,0.1,0.98,0.11,-0.17,0.8,-0.42,-0.83,0.44,0.93,-0.82,1,0.7,-1,1,-1,0,0.96,-1,0.99,-0.65,0.32,0.99,0.1,-0.2,-0.76,0.28,0.91,0.99,1,1,1,1,-1,0.14,0.81,0.29,0.24,1,1,1,1,1,1,1,1,1,1,1,1,1,1,1,1,1,1,1,1,1,1,1,1,1,1,1,1,1,1,1,1
"326-100-8",1,1,1,1,1,1,1,1,1,1,0.99,1,1,0.99,1,0.86,1,0.98,0.51,1,0.75,0.99,0.88,0.62,1,0.63,1,0.99,0.93,1,0.2,1,0.96,0.98,1,0.93,1,1,0.8,1,0.84,0.98,0.98,1,0.83,0.71,1,1,0.99,1,0.32,0.99,0.96,0.66,1,0.99,1,-0.16,0.55,0.02,1,0.1,1,0.7,0.82,0.59,0.23,0.55,0.14,0.9,0.89,0.81,1,-0.39,0.03,1,0.68,0.97,0.44,1,0.2,1,1,-0.7,1,1,0.96,-0.44,1,-0.92,0.95,0.95,-0.52,0.94,0.96,0,0.75,-0.41,-0.33,0.8,-0.77,1,1,1,0.99,0.32,1,0.92,0.98,0.35,0.08,0.99,0.99,1,1,1,1,1,1,1,1,1,1,1,1,1,1,1,1,1,1,1,1,1,1,1,0.94,1,1,1,1,1,1,1,1,0.81,1,1
"326-20-8",1,1,1,1,1,1,1,1,1,0.96,1,0.97,0.95,0.95,0.5,1,0.8,0.97,0.95,0.76,1,0.66,-0.16,1,0.72,1,0.77,0.57,1,1,0.99,1,0.96,1,1,1,1,0.99,1,0.99,1,0.95,0.99,1,0.42,1,0.97,0.99,0.99,0.98,1,0.73,0.97,0.99,0.97,0.96,1,0.99,0.98,0.99,1,0.98,1,0.41,0.98,0.52,0.97,1,0.42,-0.53,0.97,0.99,0.56,0.68,0.5,0.56,0.97,0.31,0.99,0.46,0.99,0.59,0.36,0.75,-0.19,-0.16,0.74,0.92,-0.88,0.99,0.76,-1,1,-1,-1,0.75,0,0.79,-0.62,0.38,0.94,0.63,0.12,-0.54,0.65,0.74,0.96,0.95,1,1,0.98,-1,0.78,0.94,0.41,0.34,1,1,1,1,1,1,1,1,1,1,1,1,1,1,1,1,1,1,1,1,1,1,1,1,1,1,1,1,1,1,1,1
"326-200-8",0.98,0.98,1,1,0.97,1,0.99,0.99,0.96,0.99,0.37,1,0.93,0.98,1,-0.89,0.99,0.99,0.73,0.97,-0.92,0.96,0.75,0.4,0.99,-0.94,1,0.99,0.89,0.95,-0.96,1,0.87,0.97,0.99,-0.56,0.96,0.96,0.57,0.95,-0.66,0.85,0.84,0.97,-0.04,-0.52,0.92,0.94,0.89,0.97,-0.99,0.79,0.72,-0.97,0.95,0.91,0.88,-0.96,0.88,-0.59,0.97,-0.99,0.98,0.82,-0.68,0.96,-0.45,-0.84,-0.99,1,0.97,-0.33,1,-0.94,-0.65,1,-0.99,0.94,-0.92,0.99,0.7,0.99,1,0.4,1,1,1,0.94,1,-0.37,0.99,0.96,-1,0.97,0.99,-0.41,0.79,0,0.97,0.61,-0.85,1,1,1,1,-0.58,0.99,0.68,0.96,-0.45,-0.77,1,0.97,0.99,1,1,1,1,1,1,1,1,1,1,1,1,1,1,1,0.91,0.99,0.74,1,0.99,0.77,0.96,0.44,0.99,1,1,1,0.97,1,0.64,0.92,0.11,0.98,0.91
"326-55-8",1,1,1,1,1,1,1,1,1,0.91,1,0.95,0.92,0.72,0.78,1,0.71,0.66,0.1,0.99,1,0.93,-0.17,0.96,0.99,1,0.98,0.12,0.9,1,1,1,0.99,0.78,1,1,1,0.99,0.93,1,1,0.98,0.98,0.99,0.97,1,1,1,0.96,1,1,0.98,1,1,0.99,0.89,1,1,-0.06,0.92,0.99,0.99,0.88,-0.18,0.98,-0.56,0.43,1,0.8,-0.49,-0.74,1,0.64,0.97,0.66,0.58,1,0.48,1,0.64,0.83,0.73,0.59,0.03,0.35,0.68,-0.23,-0.89,0.2,0.84,-0.41,-0.56,0.99,-0.79,-0.65,-0.33,-0.62,0.97,0,0.51,0.71,0.65,0.44,0.44,0.6,0.83,0.87,0.99,0.61,0.99,0.99,-0.79,0.48,0.86,0.74,0.56,1,1,1,1,1,1,1,1,1,1,1,1,1,1,1,1,1,1,1,1,1,1,1,1,1,1,1,1,1,1,1,1
"328-100-8",0.93,0.86,0.98,0.95,0.96,0.88,0.83,0.9,0.99,0.52,0.98,0.55,0.68,0.42,0.9,0.97,0.87,0.3,0.67,0.97,0.99,0.96,0.54,0.99,0.99,0.98,1,0.87,0.99,0.99,0.92,1,0.93,0.97,1,0.99,1,0.94,0.94,1,0.98,0.96,0.97,1,0.78,0.99,1,1,0.97,0.99,0.99,0.95,0.98,0.94,0.99,0.98,0.97,0.95,0.94,0.8,0.99,0.88,0.96,0.68,0.93,0.55,0.41,0.98,-0.08,0.7,0.67,0.97,0.63,0.77,0.41,0.9,0.98,0.73,0.98,0.53,0.84,0.77,0.88,0.6,0.03,0.52,0.5,0.52,0.74,0.82,-0.18,0.35,0.96,0.41,0.32,0.8,0.38,0.61,0.51,0,0.37,-0.19,0.3,0.09,-0.06,0.34,0.98,0.97,0.66,0.99,0.95,0.83,-0.61,-0.31,0.12,0.08,1,0.96,1,0.99,0.99,1,1,1,1,1,1,1,1,1,1,1,1,1,1,1,0.99,1,1,1,1,1,1,0.99,1,0.94,1,0.99
"328-200-8",1,1,1,1,0.99,1,1,1,0.99,1,0.86,1,1,0.96,1,0.03,1,0.96,0.26,1,-0.02,1,0.91,-0.08,1,0.31,1,1,0.95,1,0.48,1,0.98,0.99,1,0.87,1,1,0.87,1,0.79,0.99,0.98,1,0.63,0.86,1,1,0.99,1,0.24,0.96,0.96,0.72,1,0.98,0.99,0.38,0.94,-0.49,1,-0.19,0.99,0.76,0.55,0.75,-0.7,-0.02,-0.42,0.98,0.83,0.72,1,-0.22,-0.54,1,0.19,0.97,0.28,1,0,1,1,-0.08,1,1,0.98,0.56,1,-0.95,0.99,0.98,-0.94,0.95,0.99,-0.77,0.94,-0.85,0.71,0.37,0,0.99,0.99,0.97,0.93,-0.44,1,0.99,0.6,-0.81,0.01,1,0.97,0.95,1,0.99,1,1,1,1,1,1,1,1,1,1,1,1,1,1,1,0.99,1,1,0.99,1,0.94,1,1,1,1,1,1,0.99,1,0.75,1,1
"329-20-8",0.73,0.23,0.71,0.49,0.96,0.17,0.5,0.91,0.94,-0.83,1,-0.9,-0.47,0.92,0.64,1,0.91,0.83,1,1,1,1,0.93,1,1,1,1,0.89,1,1,1,1,1,1,1,1,1,0.99,1,1,1,1,1,1,0.99,1,1,1,1,1,1,0.98,1,1,1,1,1,1,0.99,1,1,1,1,0.93,1,0.83,0.96,1,0.84,0.59,0.74,1,0.73,1,0.97,0.9,1,0.74,1,0.71,1,0.67,0.9,0.99,0.41,0.57,0.64,0.95,0.8,1,0.75,0.05,1,-0.18,0.1,1,0.63,1,0.65,-0.19,0.99,0,-1,-1,-1,-0.23,0.91,1,0.82,1,1,0.57,-0.83,-1,-1,-1,0.98,0.12,1,0.81,0.84,1,0.99,1,1,1,1,1,1,1,1,1,1,1,1,1,1,1,1,1,1,1,1,1,1,1,1,1
"329-40-8",0.69,0.11,0.55,0.46,0.99,-0.23,0.27,0.78,0.97,-0.83,1,-0.9,-0.3,0.82,0.51,1,0.95,0.74,0.99,1,1,1,0.89,1,1,1,0.99,0.83,1,1,1,1,1,1,1,1,1,0.99,1,1,1,1,1,1,0.99,1,1,1,1,1,1,0.97,1,1,1,1,1,1,0.99,1,1,1,1,0.86,1,0.66,1,1,0.97,0.23,0.93,1,0.71,1,0.98,0.79,1,0.51,1,0.58,1,0.47,0.84,0.99,0.34,0.17,0.75,0.99,0.68,1,0.84,-0.3,1,-0.45,-0.2,1,0.12,1,0.44,0.3,0.99,-1,0,-1,-1,-0.11,0.9,1,0.99,1,1,-0.02,-0.52,-0.98,-1,-1,0.99,-0.05,0.99,0.64,0.8,1,0.98,0.98,1,1,1,1,1,1,1,1,1,1,1,1,1,1,1,1,1,1,1,1,0.99,1,0.99,1
"329-60-8",0.4,-0.38,0.24,-0.08,0.98,-0.62,0.07,0.8,0.96,-0.97,1,-0.99,-0.49,0.66,0.04,1,0.78,0.71,0.97,1,1,0.99,0.84,1,0.99,1,0.95,0.73,1,1,1,1,1,1,1,1,1,0.95,1,1,1,0.98,0.99,0.99,0.98,1,0.99,1,0.99,0.99,1,0.9,1,1,0.99,0.98,1,1,0.97,1,0.99,1,0.97,0.76,1,0.57,0.96,1,0.95,0.28,0.68,1,0.54,0.99,0.96,0.53,1,0.32,1,-0.22,1,-0.17,0.34,0.98,-0.02,-0.03,0.7,0.96,0.22,1,0.61,-0.79,1,-0.84,-0.76,1,-0.54,1,0.44,0.09,0.97,-1,-1,0,-0.99,-0.35,0.72,0.99,0.92,1,1,-0.56,-0.82,-1,-1,-1,0.88,-0.51,0.93,0.16,0.46,0.97,0.88,0.91,1,0.99,1,1,1,1,1,1,1,1,1,0.99,1,1,1,1,1,1,1,1,0.99,1,0.99,1
"330-100-8",0.62,0.17,0.67,0.41,0.97,0.37,0.6,0.89,0.94,-0.87,1,-0.62,0.06,0.8,0.78,1,0.86,0.74,0.97,1,1,1,0.91,1,1,1,0.99,0.84,1,1,1,1,1,1,1,1,1,0.99,1,1,1,0.98,1,1,0.99,1,1,1,0.99,1,1,0.96,1,1,0.99,0.99,1,1,0.95,0.98,1,1,0.99,0.86,1,0.69,0.91,1,0.75,0.68,0.61,1,0.65,0.99,0.89,0.81,1,0.78,1,0.73,0.99,0.6,0.86,0.96,0.53,0.63,0.59,0.94,0.79,1,0.78,0.25,1,-0.08,0.28,0.99,0.65,1,0.6,-0.06,0.93,-1,-1,-0.99,0,-0.94,0.92,1,0.41,1,1,0.73,-0.81,-1,-1,-1,0.97,0.48,0.96,0.84,0.88,1,0.98,0.99,1,1,1,1,1,1,1,1,1,1,1,1,1,1,1,1,1,1,1,1,0.99,1,1,0.99
"330-200-8",0.96,0.83,0.98,0.94,0.97,0.93,0.97,0.98,0.97,0.71,0.93,0.78,0.79,0.95,1,0.75,0.99,0.94,0.9,1,0.92,1,0.88,0.99,1,0.53,1,0.97,1,1,0.3,1,1,1,1,0.95,1,1,0.99,1,0.92,1,0.99,1,0.71,0.92,1,1,1,1,0.42,0.98,0.85,0.81,1,0.99,1,-0.01,0.58,-0.12,1,-0.73,0.99,0.77,0.69,0.87,-0.12,0.63,-0.33,0.97,0.89,0.82,0.97,-0.77,-0.32,0.98,-0.21,0.92,0.84,0.93,0.97,0.99,0.98,0.78,0.95,0.99,0.96,0.65,0.99,0.23,0.98,0.9,0.25,0.84,0.91,0.32,0.74,-0.58,0.83,0.34,-0.44,-0.23,-0.11,-0.35,-0.94,0,0.99,0.93,0.89,0.29,-0.15,0.99,0.33,-0.79,-0.02,-0.3,0.99,0.98,0.97,1,0.99,1,1,1,1,1,1,1,1,1,1,0.95,1,1,0.98,1,0.84,1,1,1,1,1,1,0.99,1,0.54,1,1
"317-20-8",1,1,1,1,1,1,1,1,1,1,1,1,1,0.59,0,1,-0.81,0.63,0.94,-0.74,1,-0.16,0.07,1,-0.54,1,-0.38,0.82,1,-0.79,1,-0.04,-1,0.99,-0.99,1,-0.76,-0.99,0.99,-0.86,1,-0.59,-0.62,-0.73,-0.95,1,0.69,0.3,-0.96,-0.9,1,-0.98,-0.57,1,-0.98,-0.98,-1,1,0.56,1,-0.49,1,-1,-0.94,1,-0.89,0.99,1,0.89,-0.95,0.72,1,-0.35,0.99,0.96,0.1,1,-0.41,1,0.19,1,0.19,-0.32,0.99,0.86,0.71,0.85,0.99,1,1,0.99,0.99,1,0.97,0.99,1,0.96,0.99,0.87,0.98,1,0.91,0.9,0.72,0.92,0.99,0,-0.96,1,1,1,0.87,0.95,1,1,0.98,1,1,1,1,1,1,1,1,1,1,1,1,1,1,1,1,1,1,1,1,1,1,1,1,1,1,1,1,1,1,1,1
"318-20-8",1,1,1,1,1,1,1,1,1,1,1,1,1,0.85,0.82,1,-0.38,0.94,0.94,-0.94,1,-0.62,-0.36,1,-0.8,0.98,-0.44,0.95,1,-0.85,0.95,-0.47,-1,1,-1,1,-0.64,-1,0.98,-0.93,0.98,-0.83,-0.82,0.13,-1,0.96,0.24,-0.1,-0.76,-0.93,0.97,-0.98,-1,0.94,-0.94,-0.92,-1,0.95,0.76,0.88,-0.63,0.93,-0.6,0.23,0.99,0.44,0.97,0.95,0.17,-0.85,0.99,0.98,0.24,-0.57,0.84,0.78,0.88,0.64,1,0.83,1,0.85,0.6,0.96,0.99,0.84,0.99,1,1,0.9,1,1,1,0.98,1,0.92,0.95,0.68,0.99,0.97,0.99,1,1,0.99,1,0.93,-0.96,0,1,1,0.65,0.96,1,1,1,1,1,1,1,1,1,1,1,1,1,1,1,1,1,1,1,1,1,1,1,1,1,1,1,1,1,1,1,1,1,0.99,1,1
"319-40-8",1,1,1,1,1,1,1,1,1,1,1,1,1,0.87,1,1,1,0.86,0.8,1,1,1,0.98,1,1,1,1,1,1,1,1,1,1,1,1,0.99,1,1,0.91,1,0.99,1,1,1,1,1,1,1,1,1,1,1,1,1,1,1,1,1,0.98,0.98,1,1,1,0.25,0.62,-0.62,0.44,0.98,0.31,0.04,0.09,0.84,0.93,0.99,-0.92,0.98,1,0.94,0.99,1,0.81,1,1,0.68,1,1,0.67,0.98,1,0.99,0.99,1,1,1,1,0.98,1,0.96,0.61,0.66,0.6,0.82,0.99,0.92,0.41,0.89,1,1,0,0.7,1,1,0.95,0.97,1,1,1,1,1,1,1,1,1,1,1,1,1,1,1,1,1,1,1,1,1,1,1,1,1,1,1,1,1,1,1,1,1,1
"320-100-8",1,1,1,1,1,1,1,1,1,1,1,1,1,0.99,1,1,1,0.99,0.65,1,0.98,1,0.99,0.98,1,0.98,1,1,1,1,0.99,1,1,1,1,0.72,1,1,0.99,1,0.83,1,1,1,0.95,0.77,1,1,1,1,0.54,1,1,0.57,1,1,1,0.89,1,0.74,1,0.68,1,0.9,-0.98,0.9,0.19,-0.85,-0.95,0.99,1,-0.98,1,-0.89,-1,1,-0.95,0.99,-0.31,1,0.9,1,1,0.88,1,1,1,1,1,0.49,1,1,0.91,1,1,0.35,1,-0.45,0.99,0.99,-0.81,1,1,1,1,0.29,1,1,0.7,0,0.68,1,1,1,1,1,1,1,1,1,1,1,1,1,1,1,1,1,1,1,1,1,1,1,1,1,1,1,1,1,1,1,1,1,1,0.99,1,1
"322-200-8",1,1,1,1,1,1,1,1,1,1,0.99,1,1,1,1,0.88,1,1,0.44,1,0.73,1,0.61,0.97,1,-0.19,1,1,1,1,0.04,1,0.98,1,1,0.56,1,1,0.98,1,0.49,0.99,0.99,1,0.1,0.36,1,1,1,1,-0.49,0.95,0.08,-0.15,1,1,1,-0.96,0.27,0.15,1,-0.87,1,0.85,0.36,0.98,0.72,0.25,-0.8,0.98,1,0.49,1,-1,-0.62,1,-0.71,0.99,0.36,1,0.9,1,1,0.79,1,1,1,0.99,1,-0.58,1,1,0.76,1,1,0.08,0.98,-0.77,0.99,0.95,0.01,1,1,1,1,-0.15,1,0.65,1,0.68,0,1,1,1,1,1,1,1,1,1,1,1,1,1,1,1,1,1,1,1,1,0.99,1,1,1,1,0.9,1,1,1,1,1,1,1,1,0.45,1,1
"326-40-8",1,1,1,1,1,0.99,1,1,1,0.88,1,0.85,0.98,0.89,-0.18,1,0.44,0.92,0.93,0.64,1,0.68,-0.04,1,0.82,1,0.77,0.33,1,1,1,1,0.98,0.99,1,1,1,1,1,1,1,0.99,1,0.99,0.94,1,0.99,1,0.99,0.99,1,0.8,1,1,0.99,0.99,1,1,0.99,1,0.99,1,0.99,0.66,1,0.33,1,1,0.9,-0.76,0.81,1,0.19,1,0.97,0.44,1,-0.01,1,-0.03,1,0.2,0.1,0.91,-0.58,-0.63,0.32,0.9,-0.94,1,-0.02,-1,1,-1,-1,0.99,-1,1,-0.79,0.83,1,0.57,-0.02,-0.56,0.73,0.99,0.87,0.96,1,1,1,0,0.2,0.93,0.15,0.1,1,1,1,1,1,1,1,1,1,1,1,1,1,1,1,1,1,1,1,1,1,1,1,1,1,1,1,1,1,1,1,1
"328-60-8",0.91,0.98,0.98,0.97,1,0.86,0.8,0.96,1,0.24,1,0.49,0.79,0.55,0.55,1,0.86,0.52,0.96,1,1,1,0.54,1,1,1,1,0.68,1,1,1,1,0.99,1,1,1,1,0.99,0.99,1,1,0.99,0.99,1,0.96,1,1,1,0.98,1,1,0.95,1,1,0.99,0.99,1,1,0.97,1,0.99,1,0.98,0.45,0.98,0.25,0.98,1,0.58,0.23,0.82,1,0.04,0.98,0.89,0.16,1,-0.54,1,0.46,0.98,0.54,0.49,0.87,-0.37,0.13,0.02,0.87,0.84,0.98,0.54,0.68,1,0.36,0.14,0.99,0.78,0.97,0.48,-0.61,0.97,-0.83,-0.52,-0.82,-0.81,0.33,0.95,1,0.95,1,1,0.2,0,-0.18,-0.26,-0.38,1,0.96,1,1,1,1,1,1,1,1,1,1,1,1,1,1,1,1,1,1,1,1,1,1,1,1,1,1,1,1,1,1
"329-100-8",0.92,0.75,0.93,0.9,0.99,0.86,0.96,0.84,1,0.14,1,0.25,0.81,0.96,0.99,1,1,0.95,1,1,1,1,0.98,1,1,1,1,0.99,1,1,1,1,1,1,1,1,1,1,1,1,1,1,1,1,1,1,1,1,1,1,1,1,1,1,1,1,1,1,1,1,1,1,1,0.96,1,0.9,0.99,1,0.75,0.75,0.98,1,0.96,0.99,0.9,0.99,1,0.96,1,0.96,1,0.98,0.99,0.99,0.89,0.95,0.91,1,0.99,1,0.96,0.86,1,0.69,0.81,1,0.94,0.99,0.86,-0.31,0.95,-1,-0.98,-1,-1,-0.79,1,1,0.97,1,1,0.93,-0.18,0,-0.99,-0.99,1,0.9,1,1,0.98,1,1,1,1,1,1,1,1,1,1,1,1,1,1,1,1,1,1,1,1,1,1,1,1,1,1,1
"330-20-8",0.83,0.75,0.77,0.75,1,0.1,0.25,0.8,1,-0.42,1,-0.16,0,0.92,0.78,1,1,0.87,1,1,1,1,0.96,1,1,1,1,0.95,1,1,1,1,1,1,1,1,1,1,1,1,1,1,1,1,1,1,1,1,1,1,1,0.99,1,1,1,1,1,1,1,1,1,1,1,0.94,1,0.76,1,1,0.91,0.36,0.98,1,0.84,1,0.99,0.83,1,0.51,1,0.95,1,0.92,0.92,1,0.82,0.34,0.9,1,0.98,1,0.99,0.23,1,-0.04,0.29,1,0.41,1,0.74,0.12,1,-1,-1,-1,-1,-0.02,1,1,1,1,1,0.15,-0.26,-0.99,0,-1,1,0.18,1,0.83,0.94,1,1,1,1,1,1,1,1,1,1,1,1,1,1,1,1,1,1,1,1,1,1,1,1,1,1,1
"330-40-8",0.68,0.44,0.56,0.52,1,-0.15,0.03,0.63,0.99,-0.63,1,-0.59,-0.19,0.77,0.59,1,0.98,0.75,0.99,1,1,1,0.88,1,1,1,1,0.87,1,1,1,1,1,1,1,1,1,0.99,1,1,1,1,1,1,0.99,1,1,1,1,1,1,0.98,1,1,1,1,1,1,1,1,1,1,1,0.86,1,0.68,1,1,0.86,0.01,0.94,1,0.8,1,0.98,0.74,1,0.53,1,0.86,1,0.78,0.84,1,0.73,0.29,0.84,1,0.93,1,0.97,0.19,1,-0.08,0.24,1,0.34,1,0.56,0.08,0.99,-1,-1,-1,-1,-0.3,0.98,1,1,1,1,0.1,-0.38,-0.99,-1,0,1,-0.08,0.99,0.63,0.84,1,0.99,0.99,1,1,1,1,1,1,1,1,1,1,1,1,1,1,1,1,1,1,1,1,1,1,1,1
"178-100-8",0.78,0.87,0.84,0.64,0.68,0.81,0.82,-0.09,0.59,0.98,0.85,0.88,0.55,1,1,1,1,1,0.99,1,1,1,0.95,1,1,1,1,1,1,1,0.99,1,1,1,1,1,1,1,1,1,1,1,1,1,1,1,1,1,1,1,1,1,1,1,1,1,1,1,1,1,1,1,1,1,1,1,1,1,0.97,1,1,1,1,1,0.99,1,1,1,1,1,1,1,1,1,1,1,1,1,1,1,1,1,1,1,1,1,1,1,1,1,1,0.98,0.99,0.88,0.97,0.99,1,1,1,1,1,1,1,1,1,1,0,-0.2,-0.28,-0.29,-0.86,-0.03,0.61,0.77,0.98,0.93,-0.05,0.96,0.99,0.98,0.85,0.96,0.98,0.99,0.99,0.95,0.99,0.95,0.97,0.97,0.94,0.96,0.94,0.97,0.85,0.97,0.58,0.81
"178-20-8",-0.01,-0.03,-0.1,-0.05,0.97,-0.63,-0.53,-0.34,0.51,0.06,1,-0.41,-0.52,0.99,0.99,1,1,0.98,1,1,1,1,1,1,1,1,1,1,1,1,1,1,1,1,1,1,1,1,1,1,1,1,1,1,1,1,1,1,1,1,1,1,1,1,1,1,1,1,1,1,1,1,1,1,1,0.99,1,1,1,0.94,1,1,1,1,1,0.98,1,0.95,1,1,1,1,1,1,1,0.99,1,1,1,1,1,1,1,0.99,1,1,1,1,1,0.96,1,0.12,-0.05,-0.51,0.48,0.98,1,1,1,1,1,1,0.96,0.9,0.18,-0.08,-0.2,0,0.17,-1,-1,0.45,-0.83,-0.43,0.87,0.55,0.98,0.52,0.94,0.88,-0.47,1,0.67,0.92,0.99,0.63,1,0.69,0.7,0.45,0.42,0.93,0.18,0.53,-0.16,1,-0.41,-0.63
"178-200-8",0.81,0.62,0.73,0.8,-0.12,0.94,0.95,-0.32,-0.24,0.99,-0.29,0.97,0.89,1,1,1,1,1,1,1,1,1,1,1,1,1,1,1,1,1,1,1,1,1,1,1,1,1,1,1,1,1,1,1,1,1,1,1,1,1,1,1,1,1,1,1,1,1,1,1,1,1,1,1,1,1,1,1,0.93,1,1,1,1,1,0.98,1,1,1,1,1,1,1,1,1,1,1,1,1,1,1,1,1,1,1,1,1,1,1,1,1,1,1,0.99,0.93,0.96,0.97,1,1,1,1,1,1,1,1,1,0.99,-0.28,0.17,0,0.24,-0.63,0.28,0.39,0.44,0.72,0.78,0.29,0.88,0.98,0.79,0.81,0.7,0.9,0.79,0.72,0.91,0.87,0.9,0.83,0.9,0.87,0.42,0.84,0.79,0.89,0.92,0.74,0.74
"178-40-8",0.58,0.54,0.43,0.54,0.97,-0.15,0.02,-0.12,0.53,0.71,1,0.11,0.03,1,1,1,1,1,1,1,1,1,1,1,1,1,1,1,1,1,1,1,1,1,1,1,1,1,1,1,1,1,1,1,1,1,1,1,1,1,1,1,1,1,1,1,1,1,1,1,1,1,1,1,1,1,1,1,1,1,1,1,1,1,1,1,1,1,1,1,1,1,1,1,1,1,1,1,1,1,1,1,1,1,1,1,1,1,1,0.99,1,0.81,0.64,0.16,0.84,1,1,1,1,1,1,1,1,1,0.83,0.63,-0.29,-1,0.24,0,-1,0.61,-0.64,-0.55,0.95,0.85,0.99,0.89,0.9,0.97,0,1,0.67,0.96,1,0.48,1,0.53,0.54,0.32,0.58,0.97,0.05,0.76,0.32,1,-0.42,-0.35
"178-60-8",0.36,0.29,0.2,0.38,0.81,0.01,0.17,-0.65,-0.02,0.8,0.95,-0.06,0.15,1,1,1,1,1,1,1,1,1,1,1,1,1,1,1,1,1,1,1,1,1,1,1,1,1,1,1,1,1,1,1,1,1,1,1,1,1,1,1,1,1,1,1,1,1,1,1,1,1,1,1,1,1,1,1,1,1,1,1,1,1,1,1,1,1,1,1,1,1,1,1,1,1,1,1,1,1,1,1,1,1,1,1,1,1,1,0.99,1,0.84,0.8,0.46,0.88,0.99,1,1,1,1,1,1,1,0.98,0.94,0.84,-0.86,-1,-0.63,-1,0,0.47,-0.37,-0.3,0.92,0.8,0.94,0.83,0.98,0.94,0.36,0.99,0.71,0.88,0.99,0.81,1,0.82,0.75,0.71,0.58,0.9,0.57,0.69,0.35,1,-0.02,0.25
"179-100-8",0.93,0.92,0.93,0.91,0.96,0.99,0.99,0.85,0.04,1,0.56,1,0.91,1,1,1,1,1,1,1,1,1,1,1,1,1,1,1,1,1,1,1,1,1,1,1,1,1,1,1,1,1,1,1,1,1,1,1,1,1,1,1,1,1,1,1,1,1,1,1,1,1,1,1,1,1,1,1,0.98,1,1,1,1,1,1,1,1,1,1,1,1,1,1,1,1,1,1,1,1,1,1,1,1,1,1,1,1,1,1,1,1,1,1,0.97,1,1,1,1,1,1,1,1,1,1,1,1,-0.03,0.45,0.28,0.61,0.47,0,-0.42,-0.99,-0.37,-0.46,-0.9,-0.3,-0.17,-0.75,-0.31,0.74,-0.57,-0.76,-0.58,-0.47,0.99,-0.41,-0.92,-0.47,-0.35,-0.59,-0.54,-0.67,-0.54,0.99,-0.88,-0.48
"179-20-8",0.86,0.66,0.73,0.78,0.91,0.73,0.85,0.59,0.44,0.99,0.99,0.96,0.81,1,1,1,1,1,1,1,1,1,1,1,1,1,1,1,1,1,1,1,1,1,1,1,1,1,1,1,1,0.99,1,1,1,1,1,1,1,1,1,1,1,1,1,1,1,1,1,1,1,1,1,0.99,1,1,1,1,0.99,1,1,1,1,1,0.99,1,1,1,1,1,1,1,1,1,1,1,1,1,1,1,1,1,1,1,1,1,1,1,1,1,1,0.99,0.98,0.88,0.98,1,1,1,1,1,1,1,1,1,1,0.99,0.61,-0.83,0.39,-0.64,-0.37,-0.42,0,-0.99,-0.18,-0.85,0.44,-0.86,0.17,-0.06,-0.98,0.98,-0.65,-0.17,0.8,-0.97,1,-0.93,-0.83,-0.91,-0.89,0.09,-0.97,-0.32,-1,1,-0.99,-0.98
"179-60-8",0.83,0.79,0.74,0.83,0.98,0.83,0.89,0.76,0.28,1,0.99,0.99,0.91,1,1,1,1,1,1,1,1,1,1,1,1,1,1,1,1,1,1,1,1,1,1,1,1,1,1,1,1,1,1,1,1,1,1,1,1,1,1,1,1,1,1,1,1,1,1,1,1,1,1,1,1,1,1,1,0.99,1,1,1,1,1,1,1,1,1,1,1,1,1,1,1,1,1,1,1,1,1,1,1,1,1,1,1,1,1,1,1,1,1,0.98,0.91,0.99,1,1,1,1,1,1,1,1,1,1,0.99,0.77,-0.43,0.44,-0.55,-0.3,-0.99,-0.99,0,-0.78,-0.99,-0.14,-0.99,-0.89,-0.77,-1,0.98,-0.99,-0.83,0.24,-1,1,-1,-1,-1,-0.99,-0.47,-1,-0.74,-1,1,-1,-0.99
"193-100-8",0.91,0.98,0.95,0.98,0.99,0.99,0.98,0.88,0.69,1,0.95,1,0.99,1,1,1,1,1,1,1,1,1,1,1,1,1,1,1,1,1,1,1,1,1,1,1,1,1,1,1,1,1,1,1,1,1,1,1,1,1,1,1,1,1,1,1,1,1,1,1,1,1,1,1,1,1,1,1,0.77,1,1,1,1,1,1,1,1,1,1,1,1,1,1,1,1,1,1,1,1,1,1,1,1,1,1,1,1,1,1,1,1,1,1,1,1,1,1,1,1,1,1,1,1,1,1,1,0.98,0.87,0.72,0.95,0.92,-0.37,-0.18,-0.78,0,-1,-0.92,-1,-0.25,-1,-0.99,0.56,-1,-1,-0.11,-0.94,0.99,-0.91,-1,-1,-1,-1,-1,-0.93,-0.97,1,-0.96,-0.95
"193-20-8",0.92,0.9,0.89,0.9,0.99,0.91,0.95,0.9,0.89,1,0.98,1,0.96,1,1,1,1,1,1,1,1,1,1,1,1,1,1,1,1,1,1,1,1,1,1,1,1,1,1,1,1,1,1,1,1,1,1,1,1,1,1,1,1,1,1,1,1,1,1,1,1,1,1,1,1,1,1,1,0.96,1,1,1,1,1,1,1,1,1,1,1,1,1,1,1,1,1,1,1,1,1,1,1,1,1,1,1,1,1,1,1,1,1,1,0.99,1,1,1,1,1,1,1,1,1,1,1,1,0.93,0.55,0.78,0.85,0.8,-0.46,-0.85,-0.99,-1,0,-0.88,-1,-0.98,-0.97,-1,0.9,-1,-1,-0.37,-1,0.99,-1,-1,-1,-1,-0.93,-1,-0.98,-1,1,-0.99,-1
"193-200-8",0.9,0.97,0.96,0.96,0.97,1,1,0.91,-0.09,1,0.95,1,1,1,1,1,1,1,1,1,1,1,1,1,1,1,1,1,1,1,1,1,1,1,1,1,1,1,1,1,1,1,1,1,1,1,1,1,1,1,1,1,1,1,1,1,1,1,1,1,1,1,1,1,1,1,1,1,0.83,1,1,1,1,1,1,1,1,1,1,1,1,1,1,1,1,1,1,1,1,1,1,1,1,1,1,1,1,1,1,1,1,1,1,1,1,1,1,1,1,1,1,1,1,1,1,1,-0.05,0.98,0.29,0.99,0.94,-0.9,0.44,-0.14,-0.92,-0.88,0,-0.94,0.1,-1,-0.63,-0.44,-0.94,-1,-0.58,-0.4,0.99,-0.36,-0.46,-0.38,-0.52,-1,-0.45,-0.59,-0.85,0.98,-0.94,-0.62
"193-40-8",0.93,0.93,0.93,0.93,1,0.96,0.97,0.92,0.94,1,0.99,1,0.98,1,1,1,1,1,1,1,1,1,1,1,1,1,1,1,1,1,1,1,1,1,1,1,1,1,1,1,1,1,1,1,1,1,1,1,1,1,1,1,1,1,1,1,1,1,1,1,1,1,1,1,1,1,1,1,1,1,1,1,1,1,1,1,1,1,1,1,1,1,1,1,1,1,1,1,1,1,1,1,1,1,1,1,1,1,1,1,1,1,1,1,1,1,1,1,1,1,1,1,1,1,1,1,0.96,0.52,0.88,0.89,0.83,-0.3,-0.86,-0.99,-1,-1,-0.94,0,-0.96,-0.97,-1,0.93,-1,-1,-0.18,-1,1,-1,-1,-1,-1,-0.96,-1,-1,-0.99,1,-0.98,-1
"193-60-8",1,1,0.99,1,1,1,1,0.98,0.97,1,1,1,1,1,1,1,1,1,1,1,1,1,1,1,1,1,1,1,1,1,1,1,1,1,1,1,1,1,1,1,1,1,1,1,1,1,1,1,1,1,1,1,1,1,1,1,1,1,1,1,1,1,1,1,1,1,1,1,0.99,1,1,1,1,1,1,1,1,1,1,1,1,1,1,1,1,1,1,1,1,1,1,1,1,1,1,1,1,1,1,1,1,1,1,1,1,1,1,1,1,1,1,1,1,1,1,1,0.99,0.94,0.98,0.9,0.98,-0.17,0.17,-0.89,-0.25,-0.98,0.1,-0.96,0,-0.66,-0.91,0.97,-0.99,-0.85,0.75,-0.99,1,-1,-0.88,-0.95,-0.77,-0.38,-0.94,0.44,-0.83,1,-1,-0.72
"241-100-8",0.91,0.96,0.99,0.99,0.95,1,0.99,0.91,0.51,1,0.34,1,0.94,1,1,1,1,1,1,1,1,1,1,1,1,1,1,1,1,1,0.98,1,1,1,1,1,1,1,1,1,0.99,1,1,1,0.93,1,1,1,1,1,1,1,1,1,1,1,1,0.99,1,1,1,0.99,1,1,0.99,1,1,1,0.6,1,1,1,1,0.97,0.89,1,1,1,1,1,1,1,1,1,1,1,1,1,1,1,1,1,1,1,1,1,1,0.91,1,1,1,1,1,1,1,1,1,1,1,1,1,1,1,1,1,1,0.98,0.88,0.79,0.97,0.94,-0.75,-0.06,-0.77,-1,-0.97,-1,-0.97,-0.66,0,-0.79,-0.44,-1,-1,-1,-0.92,0.47,-0.94,-1,-0.98,-0.96,-1,-0.98,-1,-0.82,0.31,-0.86,-0.91
"241-20-8",0.84,0.82,0.83,0.9,0.99,0.81,0.87,0.82,0.83,0.98,0.95,0.97,0.89,1,1,1,1,1,1,1,1,1,1,1,1,1,1,1,1,1,1,1,0.99,1,1,1,1,1,1,1,1,1,1,1,0.99,1,1,1,1,1,1,1,1,1,1,1,1,1,1,1,1,1,1,1,1,1,1,1,0.79,1,1,1,1,1,0.99,1,1,1,1,1,1,1,1,1,1,1,1,1,1,1,1,1,1,1,1,1,1,0.99,1,1,1,1,1,1,1,1,1,1,1,1,1,1,1,1,1,1,0.85,-0.47,0.81,0,0.36,-0.31,-0.98,-1,-0.99,-1,-0.63,-1,-0.91,-0.79,0,0.87,-1,-0.94,0.31,-0.99,0.99,-0.99,-1,-1,-1,-0.72,-1,-1,-1,1,-1,-1
"241-200-8",0.88,1,1,0.99,0.95,1,0.99,0.81,0.73,1,-0.36,1,0.97,1,1,0.98,1,1,0.92,1,0.98,1,0.93,1,1,0.96,1,1,1,0.99,0.78,1,0.98,1,1,0.7,1,1,0.87,1,0.41,0.99,0.99,1,0.66,0.94,1,1,1,1,0.98,1,0.99,0.93,1,1,1,0.96,1,0.98,1,0.95,1,0.99,0.94,1,0.99,0.97,0.24,1,1,0.96,1,0.72,0.35,1,0.95,1,0.97,1,1,1,1,1,1,1,1,1,1,1,1,1,1,1,1,1,1,0.74,1,1,0.99,1,1,1,1,0.95,1,1,1,1,0.99,1,1,1,1,1,0.96,1,0.7,1,0.99,0.74,0.98,0.98,0.56,0.9,-0.44,0.93,0.97,-0.44,0.87,0,0.74,0.47,-0.56,0.85,-0.64,0.9,0.91,0.98,0.98,0.27,0.98,-0.11,0.77,-0.68,0.64,0.82
"241-40-8",0.92,0.95,0.95,0.98,0.99,0.98,0.98,0.86,0.77,1,0.98,1,0.97,1,1,1,1,1,1,1,1,1,1,1,1,1,1,1,1,1,1,1,1,1,1,1,1,1,1,1,1,1,1,1,1,1,1,1,1,1,1,1,1,1,1,1,1,1,1,1,1,1,1,1,1,1,1,1,0.67,1,1,1,1,1,0.99,1,1,1,1,1,1,1,1,1,1,1,1,1,1,1,1,1,1,1,1,1,1,1,1,1,1,1,1,1,1,1,1,1,1,1,1,1,1,1,1,1,0.98,0.67,0.9,0.67,0.71,-0.57,-0.65,-0.99,-1,-1,-0.94,-1,-0.99,-1,-1,0.74,0,-1,-0.31,-1,0.99,-1,-1,-1,-1,-0.98,-1,-1,-1,0.99,-1,-1
"241-60-8",0.88,0.96,0.96,0.99,0.99,0.99,0.99,0.87,0.46,1,0.89,1,0.98,1,1,1,1,1,1,1,1,1,1,1,1,1,1,1,1,1,1,1,1,1,1,1,1,1,1,1,1,1,1,1,1,1,1,1,1,1,1,1,1,1,1,1,1,1,1,1,1,1,1,1,1,1,1,1,0.67,1,1,1,1,1,1,1,1,1,1,1,1,1,1,1,1,1,1,1,1,1,1,1,1,1,1,1,1,0.99,1,1,1,1,1,1,1,1,1,1,1,1,1,1,1,1,1,1,0.99,0.92,0.79,0.96,0.88,-0.76,-0.17,-0.83,-1,-1,-1,-1,-0.85,-1,-0.94,0.47,-1,0,-0.86,-0.94,0.92,-0.97,-1,-1,-1,-1,-1,-1,-0.93,0.95,-0.97,-0.93
"262-100-8",0.9,0.99,0.99,0.99,0.92,1,0.99,0.74,0.6,1,0.02,1,0.96,1,1,1,1,1,0.99,1,1,1,0.98,1,1,0.99,1,1,1,1,0.95,1,0.99,1,1,0.97,1,1,0.99,1,0.97,0.99,1,1,0.82,0.99,1,1,1,1,1,1,1,0.97,1,1,1,0.98,1,0.98,1,0.98,1,0.99,0.94,1,1,0.95,0.22,1,1,0.97,1,0.91,0.39,1,0.95,1,0.99,1,1,1,1,1,1,1,1,1,1,1,1,1,1,1,1,1,1,0.77,1,1,0.99,1,1,1,1,0.98,1,1,1,1,1,1,1,1,1,1,0.99,0.99,0.72,1,0.99,-0.58,0.8,0.24,-0.11,-0.37,-0.58,-0.18,0.75,-1,0.31,-0.56,-0.31,-0.86,0,-0.16,-0.32,-0.14,-0.7,0.29,0.31,-0.81,0.23,-1,-0.38,-0.59,-0.1,-0.1
"262-20-8",0.87,0.92,0.9,0.94,0.98,0.94,0.95,0.7,0.77,0.99,0.96,0.99,0.9,1,1,1,1,1,0.99,1,1,1,0.98,1,1,1,1,1,1,0.96,0.97,1,0.89,1,1,0.98,1,0.98,0.93,1,0.96,0.94,0.99,1,0.92,1,1,1,1,0.99,1,0.98,1,0.99,1,1,1,1,1,1,1,1,1,0.99,0.95,1,1,1,0.57,1,1,0.98,1,0.99,0.89,1,1,1,0.99,1,1,1,1,0.99,1,1,1,1,1,1,1,1,1,1,1,1,1,0.96,1,1,1,1,1,0.99,1,1,1,1,1,1,1,1,1,1,1,1,0.95,0.63,0.91,0.48,0.81,-0.47,-0.97,-1,-0.94,-1,-0.4,-1,-0.99,-0.92,-0.99,0.85,-1,-0.94,-0.16,0,0.96,-1,-1,-1,-1,-0.88,-1,-0.69,-1,0.95,-1,-0.99
"262-200-8",0.95,1,1,1,0.98,1,1,0.9,0.95,1,-0.25,1,0.99,1,1,0.95,1,1,0.89,1,0.59,1,0.93,0.94,1,0.8,1,1,1,0.96,0.06,1,0.92,1,1,0.67,1,0.99,0.7,1,0.38,0.93,0.94,1,0.67,0.22,1,1,1,1,0.69,1,0.97,0.76,1,1,1,0.62,1,0.85,1,0.68,1,0.99,0.71,1,0.97,0.58,-0.32,1,1,0.57,1,0.11,0.03,1,0.74,0.99,0.41,1,0.99,1,1,0.97,1,1,1,1,1,0.99,1,1,0.9,1,1,0.94,1,0.44,1,0.99,0.94,1,1,1,1,0.84,1,1,1,1,0.9,1,1,1,1,1,0.99,1,0.87,1,1,0.99,1,1,0.99,0.99,0.99,1,1,0.47,0.99,-0.64,0.99,0.92,-0.32,0.96,0,0.97,0.99,1,1,0.87,1,0.57,0.93,-1,0.96,0.97
"262-40-8",0.93,0.92,0.9,0.95,0.99,0.92,0.96,0.76,0.82,1,0.99,0.99,0.93,1,1,1,1,1,1,1,1,1,1,1,1,1,1,1,1,1,0.99,1,0.99,1,1,1,1,1,1,1,0.99,0.99,1,1,0.97,1,1,1,1,1,1,1,1,1,1,1,1,1,1,1,1,1,1,0.99,0.99,1,1,1,0.7,1,1,1,1,1,0.98,1,1,1,1,1,1,1,1,1,1,1,1,1,1,1,1,1,1,1,1,1,1,0.99,1,1,1,1,1,1,1,1,1,1,1,1,1,1,1,1,1,1,0.95,0.69,0.9,0.53,0.82,-0.41,-0.93,-1,-0.91,-1,-0.36,-1,-1,-0.94,-0.99,0.9,-1,-0.97,-0.14,-1,0.97,0,-1,-1,-1,-0.88,-1,-0.52,-1,0.99,-1,-0.99
"262-60-8",0.92,0.94,0.94,0.97,0.99,0.98,0.98,0.9,0.72,1,1,1,0.98,1,1,1,1,1,1,1,1,1,1,1,1,1,1,1,1,1,1,1,1,1,1,1,1,1,1,1,1,1,1,1,1,1,1,1,1,1,1,1,1,1,1,1,1,1,1,1,1,1,1,1,1,1,1,1,0.55,1,1,1,1,1,0.99,1,1,1,1,1,1,1,1,1,1,1,1,1,1,1,1,1,1,1,1,1,1,1,1,1,1,1,1,1,1,1,1,1,1,1,1,1,1,1,1,1,0.97,0.7,0.83,0.54,0.75,-0.92,-0.83,-1,-1,-1,-0.46,-1,-0.88,-1,-1,0.91,-1,-1,-0.7,-1,0.99,-1,0,-1,-1,-0.97,-1,-0.99,-1,0.98,-1,-1
"267-100-8",0.96,0.91,0.93,0.96,0.99,0.97,0.99,0.92,0.87,1,1,1,0.97,1,1,1,1,1,1,1,1,1,1,1,1,1,1,1,1,1,1,1,1,1,1,1,1,1,1,1,1,1,1,1,1,1,1,1,1,1,1,1,1,1,1,1,1,1,1,1,1,1,1,1,1,1,1,1,0.85,1,1,1,1,1,1,1,1,1,1,1,1,1,1,1,1,1,1,1,1,1,1,1,1,1,1,1,1,1,1,1,1,1,1,1,1,1,1,1,1,1,1,1,1,1,1,1,0.97,0.45,0.9,0.32,0.71,-0.47,-0.91,-1,-1,-1,-0.38,-1,-0.95,-0.98,-1,0.98,-1,-1,0.29,-1,1,-1,-1,0,-1,-0.97,-1,-0.92,-1,1,-1,-1
"267-20-8",0.93,0.9,0.91,0.95,1,0.94,0.97,0.91,0.85,1,1,1,0.96,1,1,1,1,1,1,1,1,1,1,1,1,1,1,1,1,1,1,1,1,1,1,1,1,1,1,1,1,1,1,1,1,1,1,1,1,1,1,1,1,1,1,1,1,1,1,1,1,1,1,1,1,1,1,1,0.78,1,1,1,1,1,1,1,1,1,1,1,1,1,1,1,1,1,1,1,1,1,1,1,1,1,1,1,1,1,1,1,1,1,1,1,1,1,1,1,1,1,1,1,1,1,1,1,0.94,0.42,0.87,0.58,0.58,-0.35,-0.89,-0.99,-1,-1,-0.52,-1,-0.77,-0.96,-1,0.98,-1,-1,0.31,-1,1,-1,-1,-1,0,-0.95,-1,-0.92,-1,1,-1,-1
"267-200-8",0.42,0.84,0.83,0.91,0.86,0.99,0.96,0.45,-0.26,1,0.5,1,0.96,1,1,1,1,1,1,1,1,1,1,1,1,1,1,1,1,1,0.98,1,0.97,1,1,0.98,1,1,1,1,0.98,0.99,1,1,0.99,1,1,1,1,1,1,1,1,1,1,1,1,1,1,1,1,1,1,1,0.98,1,1,1,0.29,1,1,0.99,1,1,0.94,1,1,0.99,1,1,1,1,1,1,1,1,1,1,1,1,1,1,1,1,1,1,1,0.97,1,1,1,1,1,1,1,1,1,1,1,1,1,1,1,1,1,1,0.96,0.93,0.42,0.97,0.9,-0.59,0.09,-0.47,-1,-0.93,-1,-0.96,-0.38,-1,-0.72,0.27,-0.98,-1,-0.81,-0.88,0.87,-0.88,-0.97,-0.97,-0.95,0,-0.97,-0.99,-0.86,0.93,-0.9,-0.83
"267-60-8",0.92,0.88,0.89,0.92,0.99,0.95,0.97,0.9,0.83,1,1,1,0.95,1,1,1,1,1,1,1,1,1,1,1,1,1,1,1,1,1,1,1,1,1,1,1,1,1,1,1,1,1,1,1,1,1,1,1,1,1,1,1,1,1,1,1,1,1,1,1,1,1,1,1,1,1,1,1,0.9,1,1,1,1,1,1,1,1,1,1,1,1,1,1,1,1,1,1,1,1,1,1,1,1,1,1,1,1,1,1,1,1,1,1,1,1,1,1,1,1,1,1,1,1,1,1,1,0.94,0.18,0.84,0.05,0.57,-0.54,-0.97,-1,-1,-1,-0.45,-1,-0.94,-0.98,-1,0.98,-1,-1,0.23,-1,1,-1,-1,-1,-1,-0.97,0,-0.95,-1,1,-1,-1
"287-100-8",0.65,0.94,0.96,0.96,0.99,1,0.94,0.82,0.59,0.97,0.49,1,0.89,1,1,1,1,1,0.98,1,0.99,1,0.98,1,1,0.98,1,1,1,0.99,0.83,1,0.88,1,1,0.5,1,0.99,0.96,1,0.47,0.96,0.99,1,0.73,0.96,1,1,1,1,0.99,0.99,1,0.97,1,1,1,0.99,1,0.99,1,0.99,1,0.99,0.97,1,0.99,0.95,0.03,1,1,0.94,1,0.9,0.63,1,0.98,0.99,0.89,1,1,1,1,0.98,1,1,1,1,1,1,1,1,0.99,1,1,1,1,0.64,1,0.99,0.99,1,1,1,1,0.99,1,1,1,1,1,1,1,1,1,1,0.97,0.53,0.79,0.76,0.69,-0.67,-0.32,-0.74,-0.93,-0.98,-0.59,-1,0.44,-1,-1,-0.11,-1,-1,-1,-0.69,0.57,-0.52,-0.99,-0.92,-0.92,-0.99,-0.95,0,-1,0.37,-1,-1
"287-20-8",0.8,0.75,0.88,0.92,0.98,0.87,0.86,0.84,0.65,0.96,0.88,0.95,0.89,1,1,1,1,1,1,1,1,1,0.99,1,1,1,1,1,1,0.99,1,1,0.93,1,1,0.99,1,1,0.98,1,0.99,0.98,1,1,0.98,1,1,1,1,1,1,0.99,1,1,1,1,1,1,1,1,1,1,1,1,0.99,1,1,1,0,1,1,0.99,1,0.99,0.93,1,1,1,1,1,1,1,1,1,1,1,1,1,1,1,1,1,1,1,1,1,1,0.92,1,1,1,1,0.99,0.99,0.99,1,1,1,1,1,1,1,1,1,1,1,0.85,-0.16,0.89,0.32,0.35,-0.54,-1,-1,-0.97,-1,-0.85,-0.99,-0.83,-0.82,-1,0.77,-1,-0.93,-0.38,-1,0.93,-1,-1,-1,-1,-0.86,-1,-1,0,0.96,-1,-1
"287-200-8",0.97,1,1,0.98,0.79,1,1,0.81,0.93,1,-0.42,1,0.94,1,1,0.6,1,1,0.44,1,0.21,1,0.42,0.73,1,0.13,1,0.94,0.99,0.8,-0.49,1,0.9,1,0.99,0.59,0.99,0.97,0.54,1,0.39,0.88,0.84,1,0.13,-0.14,0.96,1,1,0.99,0.15,0.95,0.79,0.32,1,1,1,-0.52,0.97,0.45,1,-0.2,1,0.93,0.6,1,0.87,0.46,-0.48,1,1,0.39,1,-0.31,-0.47,1,0.4,1,0.53,1,0.97,1,1,0.93,1,1,1,1,1,0.91,1,1,0.87,1,1,0.81,1,0.11,1,0.94,0.75,1,1,1,1,0.54,1,0.99,1,0.99,0.45,1,1,1,1,1,0.97,1,0.92,1,1,0.99,1,1,1,1,0.98,1,1,0.31,1,-0.68,0.99,0.95,-0.59,0.95,-1,0.99,0.98,1,1,0.93,1,0.37,0.96,0,0.98,0.96
"287-40-8",0.88,0.65,0.85,0.75,0.95,0.86,0.93,0.87,0.61,0.99,0.77,0.93,0.81,1,1,1,1,1,1,1,1,1,0.99,1,1,1,1,1,1,1,1,1,1,1,1,1,1,1,1,1,1,1,1,1,0.92,1,1,1,1,1,1,0.96,1,1,1,1,1,1,1,1,1,1,1,0.99,0.99,1,1,1,0.71,1,1,1,1,0.96,0.98,1,1,0.99,1,1,1,1,1,1,1,1,1,1,1,1,1,1,1,1,1,1,1,0.98,1,1,1,1,0.99,0.99,1,1,1,1,1,1,1,1,1,1,1,1,0.58,-0.41,0.74,-0.42,-0.02,-0.88,-0.99,-1,-0.96,-0.99,-0.94,-0.98,-1,-0.86,-1,0.64,-1,-0.97,-0.1,-1,0.96,-1,-1,-1,-1,-0.9,-1,-1,-1,0.98,0,-1
"287-60-8",0.7,0.73,0.8,0.82,0.97,0.84,0.84,0.72,0.67,0.97,0.92,0.96,0.77,1,1,1,1,1,1,1,1,1,0.97,1,1,1,1,0.99,1,0.99,0.99,1,0.94,1,1,0.98,1,0.99,0.99,1,0.99,0.99,1,1,0.89,1,1,1,1,1,1,0.96,1,0.99,1,1,1,1,1,1,1,1,1,0.99,0.95,1,1,1,0.23,1,1,0.99,1,0.97,0.93,1,1,0.98,1,1,1,1,1,1,1,1,1,1,1,1,1,1,1,1,1,1,1,0.91,1,0.99,1,1,1,1,0.99,1,1,1,1,1,1,1,1,1,1,1,0.81,-0.63,0.74,-0.35,0.25,-0.48,-0.98,-0.99,-0.95,-1,-0.62,-1,-0.72,-0.91,-1,0.82,-1,-0.93,-0.1,-0.99,0.97,-0.99,-1,-1,-1,-0.83,-1,-1,-1,0.96,-1,0
